"relative_path","sha256","representative_path","duplicate_group_size","lines"
"备份代码重调度\第2篇代码-动态算法对比\AF_INSGA-II\AF_INSGA_II.m","643601BE3CC90E013B7CA9FE09B3F2562CCF88F8DED04F299F6AFE0BF2C38173","备份代码重调度\第2篇代码-动态算法对比\AF_INSGA-II\AF_INSGA_II.m","2","735"
"备份代码重调度\第2篇代码-动态算法对比\AF_INSGA-II\colorScheme.m","C1BCE19A043DB71A4C5F980FB8A637247562CB72F7512A872219A326218C62E8","备份代码重调度\第2篇代码-动态算法对比\AF_INSGA-II\colorScheme.m","34","54"
"备份代码重调度\第2篇代码-动态算法对比\AF_INSGA-II\decompose_AGVTable.m","96CA7BF36F78F7744876DA01A0D945F860A26E790A16FA6B4E6B18E3CECF5453","备份代码重调度\第2篇代码-动态算法对比\AF_INSGA-II\decompose_AGVTable.m","44","61"
"备份代码重调度\第2篇代码-动态算法对比\AF_INSGA-II\decompose_machineTable.m","9E258FA7B71314C28C3452FC35441F067033A5860A3329594C0516BBC3D59AFB","备份代码重调度\第2篇代码-动态算法对比\AF_INSGA-II\decompose_machineTable.m","61","51"
"备份代码重调度\第2篇代码-动态算法对比\AF_INSGA-II\fitness.m","16869B10FE73F91BD17AFE25AFC9F4443997D2749459EFCF98AAA994F54C1A6F","备份代码重调度\第2篇代码-动态算法对比\AF_INSGA-II\fitness.m","12","154"
"备份代码重调度\第2篇代码-动态算法对比\AF_INSGA-II\getState.m","AAEF9F0B6B38A793B201B96B8D7E1ED22ABC5900734AF8390F8B2A9F99F796C1","备份代码重调度\第2篇代码-动态算法对比\AF_INSGA-II\getState.m","53","20"
"备份代码重调度\第2篇代码-动态算法对比\AF_INSGA-II\HV\approximate_hypervolume_ms.m","5A2BD23E246CD1B350C14B7041681EBF2D8BAD6C7EEF34F3C040A14F5907F7FC","备份代码重调度\第2篇代码-动态算法对比\AF_INSGA-II\HV\approximate_hypervolume_ms.m","61","48"
"备份代码重调度\第2篇代码-动态算法对比\AF_INSGA-II\HV\compute_reference_point.m","FF450B1D2049531493E17CC130FDED18E7DA4A215B948545454B0AE34F43DB48","备份代码重调度\第2篇代码-动态算法对比\AF_INSGA-II\HV\compute_reference_point.m","61","38"
"备份代码重调度\第2篇代码-动态算法对比\AF_INSGA-II\HV\dominates.m","A5F892428228E1ADAAA89980C59144F660F333E7CEEDA3C24702C2AED5F09E67","备份代码重调度\第2篇代码-动态算法对比\AF_INSGA-II\HV\dominates.m","69","30"
"备份代码重调度\第2篇代码-动态算法对比\AF_INSGA-II\HV\lebesgue_measure.m","7581A8B79307E0F65A2C8361CE04C325BB089ACE90669AB7568531E40D27C1E6","备份代码重调度\第2篇代码-动态算法对比\AF_INSGA-II\HV\lebesgue_measure.m","61","149"
"备份代码重调度\第2篇代码-动态算法对比\AF_INSGA-II\HV\main.m","460254171EB2C76A578E3C589D9AC32DCFB60160C84D0CB932AA82D986003AF5","备份代码重调度\第2篇代码-动态算法对比\AF_INSGA-II\HV\main.m","61","14"
"备份代码重调度\第2篇代码-动态算法对比\AF_INSGA-II\HV\test_lebesgue_measure.m","941F7887F0FB86939F839CDEDD6092EFC4ADF05EAF15B746E57970569E24E62A","备份代码重调度\第2篇代码-动态算法对比\AF_INSGA-II\HV\test_lebesgue_measure.m","61","31"
"备份代码重调度\第2篇代码-动态算法对比\AF_INSGA-II\HV\weakly_dominates.m","98DF0FAD59040134E587C7D3BABB104FB1F75F06F39E07D7995C1C23C363115B","备份代码重调度\第2篇代码-动态算法对比\AF_INSGA-II\HV\weakly_dominates.m","61","28"
"备份代码重调度\第2篇代码-动态算法对比\AF_INSGA-II\init.m","9D62C043E5AA98DB2C5EACE1653F1EF3E3DEF28E5CA8B5F67CBA09BFDD250D9A","备份代码重调度\第2篇代码-动态算法对比\AF_INSGA-II\init.m","4","30"
"备份代码重调度\第2篇代码-动态算法对比\AF_INSGA-II\load_transfer_time_compute.m","C524080FD4D65B5496B7B9F3174D752AEA149598A055E8670C24792AF433638A","备份代码重调度\第2篇代码-动态算法对比\AF_INSGA-II\load_transfer_time_compute.m","61","17"
"备份代码重调度\第2篇代码-动态算法对比\AF_INSGA-II\machine_AGV_gantt_chart.m","96D7E4ADECF23E452FBF2D5FE43A665D37F25038CC4082B87E459542D20877C3","备份代码重调度\第2篇代码-动态算法对比\AF_INSGA-II\machine_AGV_gantt_chart.m","14","138"
"备份代码重调度\第2篇代码-动态算法对比\AF_INSGA-II\non_domination.m","0724F06FF4F61BFC09683F4212AF78FAF00254D1B60F4289D7E79DDECD49E376","备份代码重调度\第2篇代码-动态算法对比\AF_INSGA-II\non_domination.m","53","117"
"备份代码重调度\第2篇代码-动态算法对比\AF_INSGA-II\object3value.m","48793003255B4DD580ACC229268C0E2E077CF389710ACF160C90E991B4155FBE","备份代码重调度\第2篇代码-动态算法对比\AF_INSGA-II\object3value.m","32","38"
"备份代码重调度\第2篇代码-动态算法对比\AF_INSGA-II\opera_time.m","F677D3926382D7BC6AF084C78808BA769621622E056AE4224FA292B9980FD60E","备份代码重调度\第2篇代码-动态算法对比\AF_INSGA-II\opera_time.m","36","36"
"备份代码重调度\第2篇代码-动态算法对比\AF_INSGA-II\replace_chrom.m","CD0995F8E9A0D9D0D0CAB31A588C87926E58DDACF9C43A3CF28641EED7D2C2AA","备份代码重调度\第2篇代码-动态算法对比\AF_INSGA-II\replace_chrom.m","57","28"
"备份代码重调度\第2篇代码-动态算法对比\AF_INSGA-II\sorting.m","7850D4659494A874DD98F883F190DC49D7BC8179C9FC2B9872B8CB283C0BD7DB","备份代码重调度\第2篇代码-动态算法对比\AF_INSGA-II\sorting.m","23","228"
"备份代码重调度\第2篇代码-动态算法对比\AF_INSGA-II\Spacing\Spacing.m","4036FAF38E49B4ABBD5BB9966BFCBEB9F285988B762C12AD2717598CF2E5131F","备份代码重调度\第2篇代码-动态算法对比\AF_INSGA-II\Spacing\Spacing.m","59","6"
"备份代码重调度\第2篇代码-动态算法对比\AF_INSGA-II\spare_transfer_time_compute.m","95C82B332EE671F3A8F5BF9EF5CE0A977F6B4BB519C80F79376A04850EAC69EC","备份代码重调度\第2篇代码-动态算法对比\AF_INSGA-II\spare_transfer_time_compute.m","61","30"
"备份代码重调度\第2篇代码-动态算法对比\AF_INSGA-II\table_insert.m","22331F99A901E22DFD0941730D3FB812EED678B26960066142FA788DB992930A","备份代码重调度\第2篇代码-动态算法对比\AF_INSGA-II\table_insert.m","52","54"
"备份代码重调度\第2篇代码-动态算法对比\AF_INSGA-II\tournament_selection.m","7C6821B39C7B108C1529D1415351D71BB375FEB1775F8F98BDDF90D2D19187C8","备份代码重调度\第2篇代码-动态算法对比\AF_INSGA-II\tournament_selection.m","59","36"
"备份代码重调度\第2篇代码-动态算法对比\AF_INSGA-II\variation.m","5B07946042630F8AA1C5DE4AAA5F80087385F83004F40530CBC903AAF0A11A17","备份代码重调度\第2篇代码-动态算法对比\AF_INSGA-II\variation.m","19","109"
"备份代码重调度\第2篇代码-动态算法对比\AF_INSGA-II\VNS.m","18A1DE5F3F50E2B44D8ED1F5A69E21F1C655A9F80D14732F7D841B352B71D7BD","备份代码重调度\第2篇代码-动态算法对比\AF_INSGA-II\VNS.m","12","186"
"备份代码重调度\第2篇代码-动态算法对比\AF_INSGA-II\weakly_dominates.m","48ABBDA62705EED81C942FA5BAC84E1B9E8C70B831A0C521030B748E8F5D52BE","备份代码重调度\第2篇代码-动态算法对比\AF_INSGA-II\weakly_dominates.m","55","21"
"备份代码重调度\第2篇代码-动态算法对比\benchmarkRead.m","A27659E5567530C1F99ECFC641252DC594386F8003110FE2625AEF6FAEBD0831","备份代码重调度\第2篇代码-动态算法对比\benchmarkRead.m","2","63"
"备份代码重调度\第2篇代码-动态算法对比\C-metric\c_compute_A_B.m","3F3E54BCC95EE38D8F3F0049995AD290C19A18B90CA69A6113CAD7B4A62DFED5","备份代码重调度\第2篇代码-动态算法对比\C-metric\c_compute_A_B.m","8","14"
"备份代码重调度\第2篇代码-动态算法对比\C-metric\dominates.m","A5F892428228E1ADAAA89980C59144F660F333E7CEEDA3C24702C2AED5F09E67","备份代码重调度\第2篇代码-动态算法对比\AF_INSGA-II\HV\dominates.m","69","30"
"备份代码重调度\第2篇代码-动态算法对比\C-metric\main.m","D15D8B54B06A74FEB2D37F1C14A12A760A6F39E294EF21DA99CC31D18433BC43","备份代码重调度\第2篇代码-动态算法对比\C-metric\main.m","8","29"
"备份代码重调度\第2篇代码-动态算法对比\check_event_validity.m","9EB56BFA299036009CBC772B408776B7C3006FBD03AC73A775F54050E9B652EE","备份代码重调度\第2篇代码-动态算法对比\check_event_validity.m","2","64"
"备份代码重调度\第2篇代码-动态算法对比\colorScheme.m","9A8571DAE5C5FAF51C57FA75F189E0441D6331C37C7D0A98E8C9561628F7643D","备份代码重调度\第2篇代码-动态算法对比\colorScheme.m","10","84"
"备份代码重调度\第2篇代码-动态算法对比\CRS_AF_INSGA-II\AF_INSGA_II.m","3FA45C2B82F9F029460BED43E52C6EB2B6EE6D6AE93D7900EFBB1906D438D89C","备份代码重调度\第2篇代码-动态算法对比\CRS_AF_INSGA-II\AF_INSGA_II.m","2","735"
"备份代码重调度\第2篇代码-动态算法对比\CRS_AF_INSGA-II\colorScheme.m","C1BCE19A043DB71A4C5F980FB8A637247562CB72F7512A872219A326218C62E8","备份代码重调度\第2篇代码-动态算法对比\AF_INSGA-II\colorScheme.m","34","54"
"备份代码重调度\第2篇代码-动态算法对比\CRS_AF_INSGA-II\decompose_AGVTable.m","96CA7BF36F78F7744876DA01A0D945F860A26E790A16FA6B4E6B18E3CECF5453","备份代码重调度\第2篇代码-动态算法对比\AF_INSGA-II\decompose_AGVTable.m","44","61"
"备份代码重调度\第2篇代码-动态算法对比\CRS_AF_INSGA-II\decompose_machineTable.m","9E258FA7B71314C28C3452FC35441F067033A5860A3329594C0516BBC3D59AFB","备份代码重调度\第2篇代码-动态算法对比\AF_INSGA-II\decompose_machineTable.m","61","51"
"备份代码重调度\第2篇代码-动态算法对比\CRS_AF_INSGA-II\fitness.m","16869B10FE73F91BD17AFE25AFC9F4443997D2749459EFCF98AAA994F54C1A6F","备份代码重调度\第2篇代码-动态算法对比\AF_INSGA-II\fitness.m","12","154"
"备份代码重调度\第2篇代码-动态算法对比\CRS_AF_INSGA-II\getState.m","AAEF9F0B6B38A793B201B96B8D7E1ED22ABC5900734AF8390F8B2A9F99F796C1","备份代码重调度\第2篇代码-动态算法对比\AF_INSGA-II\getState.m","53","20"
"备份代码重调度\第2篇代码-动态算法对比\CRS_AF_INSGA-II\HV\approximate_hypervolume_ms.m","5A2BD23E246CD1B350C14B7041681EBF2D8BAD6C7EEF34F3C040A14F5907F7FC","备份代码重调度\第2篇代码-动态算法对比\AF_INSGA-II\HV\approximate_hypervolume_ms.m","61","48"
"备份代码重调度\第2篇代码-动态算法对比\CRS_AF_INSGA-II\HV\compute_reference_point.m","FF450B1D2049531493E17CC130FDED18E7DA4A215B948545454B0AE34F43DB48","备份代码重调度\第2篇代码-动态算法对比\AF_INSGA-II\HV\compute_reference_point.m","61","38"
"备份代码重调度\第2篇代码-动态算法对比\CRS_AF_INSGA-II\HV\dominates.m","A5F892428228E1ADAAA89980C59144F660F333E7CEEDA3C24702C2AED5F09E67","备份代码重调度\第2篇代码-动态算法对比\AF_INSGA-II\HV\dominates.m","69","30"
"备份代码重调度\第2篇代码-动态算法对比\CRS_AF_INSGA-II\HV\lebesgue_measure.m","7581A8B79307E0F65A2C8361CE04C325BB089ACE90669AB7568531E40D27C1E6","备份代码重调度\第2篇代码-动态算法对比\AF_INSGA-II\HV\lebesgue_measure.m","61","149"
"备份代码重调度\第2篇代码-动态算法对比\CRS_AF_INSGA-II\HV\main.m","460254171EB2C76A578E3C589D9AC32DCFB60160C84D0CB932AA82D986003AF5","备份代码重调度\第2篇代码-动态算法对比\AF_INSGA-II\HV\main.m","61","14"
"备份代码重调度\第2篇代码-动态算法对比\CRS_AF_INSGA-II\HV\test_lebesgue_measure.m","941F7887F0FB86939F839CDEDD6092EFC4ADF05EAF15B746E57970569E24E62A","备份代码重调度\第2篇代码-动态算法对比\AF_INSGA-II\HV\test_lebesgue_measure.m","61","31"
"备份代码重调度\第2篇代码-动态算法对比\CRS_AF_INSGA-II\HV\weakly_dominates.m","98DF0FAD59040134E587C7D3BABB104FB1F75F06F39E07D7995C1C23C363115B","备份代码重调度\第2篇代码-动态算法对比\AF_INSGA-II\HV\weakly_dominates.m","61","28"
"备份代码重调度\第2篇代码-动态算法对比\CRS_AF_INSGA-II\init.m","F36FEF2C2563E25F4AE86CFD42619DA7B0C95C3A8E2975FA815866814795F45F","备份代码重调度\第2篇代码-动态算法对比\CRS_AF_INSGA-II\init.m","4","37"
"备份代码重调度\第2篇代码-动态算法对比\CRS_AF_INSGA-II\load_transfer_time_compute.m","C524080FD4D65B5496B7B9F3174D752AEA149598A055E8670C24792AF433638A","备份代码重调度\第2篇代码-动态算法对比\AF_INSGA-II\load_transfer_time_compute.m","61","17"
"备份代码重调度\第2篇代码-动态算法对比\CRS_AF_INSGA-II\machine_AGV_gantt_chart.m","96D7E4ADECF23E452FBF2D5FE43A665D37F25038CC4082B87E459542D20877C3","备份代码重调度\第2篇代码-动态算法对比\AF_INSGA-II\machine_AGV_gantt_chart.m","14","138"
"备份代码重调度\第2篇代码-动态算法对比\CRS_AF_INSGA-II\non_domination.m","0724F06FF4F61BFC09683F4212AF78FAF00254D1B60F4289D7E79DDECD49E376","备份代码重调度\第2篇代码-动态算法对比\AF_INSGA-II\non_domination.m","53","117"
"备份代码重调度\第2篇代码-动态算法对比\CRS_AF_INSGA-II\object3value.m","48793003255B4DD580ACC229268C0E2E077CF389710ACF160C90E991B4155FBE","备份代码重调度\第2篇代码-动态算法对比\AF_INSGA-II\object3value.m","32","38"
"备份代码重调度\第2篇代码-动态算法对比\CRS_AF_INSGA-II\opera_time.m","F677D3926382D7BC6AF084C78808BA769621622E056AE4224FA292B9980FD60E","备份代码重调度\第2篇代码-动态算法对比\AF_INSGA-II\opera_time.m","36","36"
"备份代码重调度\第2篇代码-动态算法对比\CRS_AF_INSGA-II\replace_chrom.m","CD0995F8E9A0D9D0D0CAB31A588C87926E58DDACF9C43A3CF28641EED7D2C2AA","备份代码重调度\第2篇代码-动态算法对比\AF_INSGA-II\replace_chrom.m","57","28"
"备份代码重调度\第2篇代码-动态算法对比\CRS_AF_INSGA-II\sorting.m","7850D4659494A874DD98F883F190DC49D7BC8179C9FC2B9872B8CB283C0BD7DB","备份代码重调度\第2篇代码-动态算法对比\AF_INSGA-II\sorting.m","23","228"
"备份代码重调度\第2篇代码-动态算法对比\CRS_AF_INSGA-II\Spacing\Spacing.m","4036FAF38E49B4ABBD5BB9966BFCBEB9F285988B762C12AD2717598CF2E5131F","备份代码重调度\第2篇代码-动态算法对比\AF_INSGA-II\Spacing\Spacing.m","59","6"
"备份代码重调度\第2篇代码-动态算法对比\CRS_AF_INSGA-II\spare_transfer_time_compute.m","95C82B332EE671F3A8F5BF9EF5CE0A977F6B4BB519C80F79376A04850EAC69EC","备份代码重调度\第2篇代码-动态算法对比\AF_INSGA-II\spare_transfer_time_compute.m","61","30"
"备份代码重调度\第2篇代码-动态算法对比\CRS_AF_INSGA-II\table_insert.m","22331F99A901E22DFD0941730D3FB812EED678B26960066142FA788DB992930A","备份代码重调度\第2篇代码-动态算法对比\AF_INSGA-II\table_insert.m","52","54"
"备份代码重调度\第2篇代码-动态算法对比\CRS_AF_INSGA-II\tournament_selection.m","7C6821B39C7B108C1529D1415351D71BB375FEB1775F8F98BDDF90D2D19187C8","备份代码重调度\第2篇代码-动态算法对比\AF_INSGA-II\tournament_selection.m","59","36"
"备份代码重调度\第2篇代码-动态算法对比\CRS_AF_INSGA-II\variation.m","55C38529C10D49524028C02428AAC4570C3E61F65DD9ACA78A030172574A634E","备份代码重调度\第2篇代码-动态算法对比\CRS_AF_INSGA-II\variation.m","3","109"
"备份代码重调度\第2篇代码-动态算法对比\CRS_AF_INSGA-II\VNS.m","18A1DE5F3F50E2B44D8ED1F5A69E21F1C655A9F80D14732F7D841B352B71D7BD","备份代码重调度\第2篇代码-动态算法对比\AF_INSGA-II\VNS.m","12","186"
"备份代码重调度\第2篇代码-动态算法对比\CRS_AF_INSGA-II\weakly_dominates.m","48ABBDA62705EED81C942FA5BAC84E1B9E8C70B831A0C521030B748E8F5D52BE","备份代码重调度\第2篇代码-动态算法对比\AF_INSGA-II\weakly_dominates.m","55","21"
"备份代码重调度\第2篇代码-动态算法对比\CRS_MF_INSGA-II\aim_entropy.m","BF83F4220B215B0EB8DED6C2DB960B2D49AE2206647E52D7DC8CB789A9059C01","备份代码重调度\第2篇代码-动态算法对比\CRS_MF_INSGA-II\aim_entropy.m","24","26"
"备份代码重调度\第2篇代码-动态算法对比\CRS_MF_INSGA-II\both_reverse_pop.m","7E6AA14B05D0C47CF62D147AB082575F72A590A935498F7F225964BE989F3264","备份代码重调度\第2篇代码-动态算法对比\CRS_MF_INSGA-II\both_reverse_pop.m","24","165"
"备份代码重调度\第2篇代码-动态算法对比\CRS_MF_INSGA-II\colorScheme.m","9A8571DAE5C5FAF51C57FA75F189E0441D6331C37C7D0A98E8C9561628F7643D","备份代码重调度\第2篇代码-动态算法对比\colorScheme.m","10","84"
"备份代码重调度\第2篇代码-动态算法对比\CRS_MF_INSGA-II\Copy_OD_INSGA_II.m","FC4E555C7D51E3BBE1BD9225AC239F96E6E81D569FBC8FB0DC5CE6D60B648CBE","备份代码重调度\第2篇代码-动态算法对比\CRS_MF_INSGA-II\Copy_OD_INSGA_II.m","15","379"
"备份代码重调度\第2篇代码-动态算法对比\CRS_MF_INSGA-II\decompose_AGVTable.m","96CA7BF36F78F7744876DA01A0D945F860A26E790A16FA6B4E6B18E3CECF5453","备份代码重调度\第2篇代码-动态算法对比\AF_INSGA-II\decompose_AGVTable.m","44","61"
"备份代码重调度\第2篇代码-动态算法对比\CRS_MF_INSGA-II\decompose_machineTable.m","9E258FA7B71314C28C3452FC35441F067033A5860A3329594C0516BBC3D59AFB","备份代码重调度\第2篇代码-动态算法对比\AF_INSGA-II\decompose_machineTable.m","61","51"
"备份代码重调度\第2篇代码-动态算法对比\CRS_MF_INSGA-II\Entropy.m","DD2988BAD7157773DC8F9480F9BCFDCBC24B1FD4BDF95A947A3AA8FED3D0F2D7","备份代码重调度\第2篇代码-动态算法对比\CRS_MF_INSGA-II\Entropy.m","24","34"
"备份代码重调度\第2篇代码-动态算法对比\CRS_MF_INSGA-II\fitness.m","5BF476FF81C7B763D9F66678678EF4DAB662103996445BA134096D375350F345","备份代码重调度\第2篇代码-动态算法对比\CRS_MF_INSGA-II\fitness.m","11","154"
"备份代码重调度\第2篇代码-动态算法对比\CRS_MF_INSGA-II\getState.m","AAEF9F0B6B38A793B201B96B8D7E1ED22ABC5900734AF8390F8B2A9F99F796C1","备份代码重调度\第2篇代码-动态算法对比\AF_INSGA-II\getState.m","53","20"
"备份代码重调度\第2篇代码-动态算法对比\CRS_MF_INSGA-II\HV\approximate_hypervolume_ms.m","5A2BD23E246CD1B350C14B7041681EBF2D8BAD6C7EEF34F3C040A14F5907F7FC","备份代码重调度\第2篇代码-动态算法对比\AF_INSGA-II\HV\approximate_hypervolume_ms.m","61","48"
"备份代码重调度\第2篇代码-动态算法对比\CRS_MF_INSGA-II\HV\compute_reference_point.m","FF450B1D2049531493E17CC130FDED18E7DA4A215B948545454B0AE34F43DB48","备份代码重调度\第2篇代码-动态算法对比\AF_INSGA-II\HV\compute_reference_point.m","61","38"
"备份代码重调度\第2篇代码-动态算法对比\CRS_MF_INSGA-II\HV\dominates.m","A5F892428228E1ADAAA89980C59144F660F333E7CEEDA3C24702C2AED5F09E67","备份代码重调度\第2篇代码-动态算法对比\AF_INSGA-II\HV\dominates.m","69","30"
"备份代码重调度\第2篇代码-动态算法对比\CRS_MF_INSGA-II\HV\lebesgue_measure.m","7581A8B79307E0F65A2C8361CE04C325BB089ACE90669AB7568531E40D27C1E6","备份代码重调度\第2篇代码-动态算法对比\AF_INSGA-II\HV\lebesgue_measure.m","61","149"
"备份代码重调度\第2篇代码-动态算法对比\CRS_MF_INSGA-II\HV\main.m","460254171EB2C76A578E3C589D9AC32DCFB60160C84D0CB932AA82D986003AF5","备份代码重调度\第2篇代码-动态算法对比\AF_INSGA-II\HV\main.m","61","14"
"备份代码重调度\第2篇代码-动态算法对比\CRS_MF_INSGA-II\HV\test_lebesgue_measure.m","941F7887F0FB86939F839CDEDD6092EFC4ADF05EAF15B746E57970569E24E62A","备份代码重调度\第2篇代码-动态算法对比\AF_INSGA-II\HV\test_lebesgue_measure.m","61","31"
"备份代码重调度\第2篇代码-动态算法对比\CRS_MF_INSGA-II\HV\weakly_dominates.m","98DF0FAD59040134E587C7D3BABB104FB1F75F06F39E07D7995C1C23C363115B","备份代码重调度\第2篇代码-动态算法对比\AF_INSGA-II\HV\weakly_dominates.m","61","28"
"备份代码重调度\第2篇代码-动态算法对比\CRS_MF_INSGA-II\improved_elitism.m","4802727D622BDD7181FB4023F1677C78DBCDC37D24E233879000E4B6DB9A817D","备份代码重调度\第2篇代码-动态算法对比\CRS_MF_INSGA-II\improved_elitism.m","32","81"
"备份代码重调度\第2篇代码-动态算法对比\CRS_MF_INSGA-II\init.m","A6C7F129B72A9C20B97646427CE80CCA96CED75FB1D016F674A206241F5B37B8","备份代码重调度\第2篇代码-动态算法对比\CRS_MF_INSGA-II\init.m","2","33"
"备份代码重调度\第2篇代码-动态算法对比\CRS_MF_INSGA-II\is_B_strongly_dominating_A.m","29012708DB01740C9F16EB512E490861EB3CDAD3DB47D1F3A353F0A2CF67AF10","备份代码重调度\第2篇代码-动态算法对比\CRS_MF_INSGA-II\is_B_strongly_dominating_A.m","34","10"
"备份代码重调度\第2篇代码-动态算法对比\CRS_MF_INSGA-II\load_transfer_time_compute.m","C524080FD4D65B5496B7B9F3174D752AEA149598A055E8670C24792AF433638A","备份代码重调度\第2篇代码-动态算法对比\AF_INSGA-II\load_transfer_time_compute.m","61","17"
"备份代码重调度\第2篇代码-动态算法对比\CRS_MF_INSGA-II\machine_AGV_gantt_chart.m","6A85294CD4FED01386C93ACB9954A096853628E55CAE3E3605E398ED405BE71D","备份代码重调度\第2篇代码-动态算法对比\CRS_MF_INSGA-II\machine_AGV_gantt_chart.m","2","169"
"备份代码重调度\第2篇代码-动态算法对比\CRS_MF_INSGA-II\MF_INSGA_II.m","8B432A9AE081AB26860470AFD5E020E0A3D0DE41ADAC1E98D7C5D7241AD54557","备份代码重调度\第2篇代码-动态算法对比\CRS_MF_INSGA-II\MF_INSGA_II.m","2","645"
"备份代码重调度\第2篇代码-动态算法对比\CRS_MF_INSGA-II\non_domination.m","0724F06FF4F61BFC09683F4212AF78FAF00254D1B60F4289D7E79DDECD49E376","备份代码重调度\第2篇代码-动态算法对比\AF_INSGA-II\non_domination.m","53","117"
"备份代码重调度\第2篇代码-动态算法对比\CRS_MF_INSGA-II\object3value.m","48793003255B4DD580ACC229268C0E2E077CF389710ACF160C90E991B4155FBE","备份代码重调度\第2篇代码-动态算法对比\AF_INSGA-II\object3value.m","32","38"
"备份代码重调度\第2篇代码-动态算法对比\CRS_MF_INSGA-II\opera_time.m","F677D3926382D7BC6AF084C78808BA769621622E056AE4224FA292B9980FD60E","备份代码重调度\第2篇代码-动态算法对比\AF_INSGA-II\opera_time.m","36","36"
"备份代码重调度\第2篇代码-动态算法对比\CRS_MF_INSGA-II\replace_chrom.m","CD0995F8E9A0D9D0D0CAB31A588C87926E58DDACF9C43A3CF28641EED7D2C2AA","备份代码重调度\第2篇代码-动态算法对比\AF_INSGA-II\replace_chrom.m","57","28"
"备份代码重调度\第2篇代码-动态算法对比\CRS_MF_INSGA-II\reverse_pop.m","C265430B80D0C4DB4BE5C7FA76A70C0C0787A5DF09726A288293F4661007421B","备份代码重调度\第2篇代码-动态算法对比\CRS_MF_INSGA-II\reverse_pop.m","15","167"
"备份代码重调度\第2篇代码-动态算法对比\CRS_MF_INSGA-II\sorting.m","7850D4659494A874DD98F883F190DC49D7BC8179C9FC2B9872B8CB283C0BD7DB","备份代码重调度\第2篇代码-动态算法对比\AF_INSGA-II\sorting.m","23","228"
"备份代码重调度\第2篇代码-动态算法对比\CRS_MF_INSGA-II\Spacing\Spacing.m","4036FAF38E49B4ABBD5BB9966BFCBEB9F285988B762C12AD2717598CF2E5131F","备份代码重调度\第2篇代码-动态算法对比\AF_INSGA-II\Spacing\Spacing.m","59","6"
"备份代码重调度\第2篇代码-动态算法对比\CRS_MF_INSGA-II\spare_transfer_time_compute.m","95C82B332EE671F3A8F5BF9EF5CE0A977F6B4BB519C80F79376A04850EAC69EC","备份代码重调度\第2篇代码-动态算法对比\AF_INSGA-II\spare_transfer_time_compute.m","61","30"
"备份代码重调度\第2篇代码-动态算法对比\CRS_MF_INSGA-II\table_insert.m","22331F99A901E22DFD0941730D3FB812EED678B26960066142FA788DB992930A","备份代码重调度\第2篇代码-动态算法对比\AF_INSGA-II\table_insert.m","52","54"
"备份代码重调度\第2篇代码-动态算法对比\CRS_MF_INSGA-II\tournament_selection.m","7C6821B39C7B108C1529D1415351D71BB375FEB1775F8F98BDDF90D2D19187C8","备份代码重调度\第2篇代码-动态算法对比\AF_INSGA-II\tournament_selection.m","59","36"
"备份代码重调度\第2篇代码-动态算法对比\CRS_MF_INSGA-II\variation.m","5B07946042630F8AA1C5DE4AAA5F80087385F83004F40530CBC903AAF0A11A17","备份代码重调度\第2篇代码-动态算法对比\AF_INSGA-II\variation.m","19","109"
"备份代码重调度\第2篇代码-动态算法对比\CRS_MF_INSGA-II\VNS.m","86095BF9A78FA1C4210F23297317726CDEA7E4D0930F6E665B68639008F03DC5","备份代码重调度\第2篇代码-动态算法对比\CRS_MF_INSGA-II\VNS.m","11","57"
"备份代码重调度\第2篇代码-动态算法对比\CRS_MF_INSGA-II\weakly_dominates.m","48ABBDA62705EED81C942FA5BAC84E1B9E8C70B831A0C521030B748E8F5D52BE","备份代码重调度\第2篇代码-动态算法对比\AF_INSGA-II\weakly_dominates.m","55","21"
"备份代码重调度\第2篇代码-动态算法对比\CRS_OD_INSGA-II\aim_entropy.m","BF83F4220B215B0EB8DED6C2DB960B2D49AE2206647E52D7DC8CB789A9059C01","备份代码重调度\第2篇代码-动态算法对比\CRS_MF_INSGA-II\aim_entropy.m","24","26"
"备份代码重调度\第2篇代码-动态算法对比\CRS_OD_INSGA-II\both_reverse_pop.m","7E6AA14B05D0C47CF62D147AB082575F72A590A935498F7F225964BE989F3264","备份代码重调度\第2篇代码-动态算法对比\CRS_MF_INSGA-II\both_reverse_pop.m","24","165"
"备份代码重调度\第2篇代码-动态算法对比\CRS_OD_INSGA-II\colorScheme.m","C1BCE19A043DB71A4C5F980FB8A637247562CB72F7512A872219A326218C62E8","备份代码重调度\第2篇代码-动态算法对比\AF_INSGA-II\colorScheme.m","34","54"
"备份代码重调度\第2篇代码-动态算法对比\CRS_OD_INSGA-II\decompose_AGVTable.m","96CA7BF36F78F7744876DA01A0D945F860A26E790A16FA6B4E6B18E3CECF5453","备份代码重调度\第2篇代码-动态算法对比\AF_INSGA-II\decompose_AGVTable.m","44","61"
"备份代码重调度\第2篇代码-动态算法对比\CRS_OD_INSGA-II\decompose_machineTable.m","9E258FA7B71314C28C3452FC35441F067033A5860A3329594C0516BBC3D59AFB","备份代码重调度\第2篇代码-动态算法对比\AF_INSGA-II\decompose_machineTable.m","61","51"
"备份代码重调度\第2篇代码-动态算法对比\CRS_OD_INSGA-II\Entropy.m","DD2988BAD7157773DC8F9480F9BCFDCBC24B1FD4BDF95A947A3AA8FED3D0F2D7","备份代码重调度\第2篇代码-动态算法对比\CRS_MF_INSGA-II\Entropy.m","24","34"
"备份代码重调度\第2篇代码-动态算法对比\CRS_OD_INSGA-II\fitness.m","499FBF5A8FC5B6389239B4FA61A18A99A2E8D1CC8AB39A2B983396926D59A444","备份代码重调度\第2篇代码-动态算法对比\CRS_OD_INSGA-II\fitness.m","4","164"
"备份代码重调度\第2篇代码-动态算法对比\CRS_OD_INSGA-II\getState.m","AAEF9F0B6B38A793B201B96B8D7E1ED22ABC5900734AF8390F8B2A9F99F796C1","备份代码重调度\第2篇代码-动态算法对比\AF_INSGA-II\getState.m","53","20"
"备份代码重调度\第2篇代码-动态算法对比\CRS_OD_INSGA-II\HV\approximate_hypervolume_ms.m","5A2BD23E246CD1B350C14B7041681EBF2D8BAD6C7EEF34F3C040A14F5907F7FC","备份代码重调度\第2篇代码-动态算法对比\AF_INSGA-II\HV\approximate_hypervolume_ms.m","61","48"
"备份代码重调度\第2篇代码-动态算法对比\CRS_OD_INSGA-II\HV\compute_reference_point.m","FF450B1D2049531493E17CC130FDED18E7DA4A215B948545454B0AE34F43DB48","备份代码重调度\第2篇代码-动态算法对比\AF_INSGA-II\HV\compute_reference_point.m","61","38"
"备份代码重调度\第2篇代码-动态算法对比\CRS_OD_INSGA-II\HV\dominates.m","A5F892428228E1ADAAA89980C59144F660F333E7CEEDA3C24702C2AED5F09E67","备份代码重调度\第2篇代码-动态算法对比\AF_INSGA-II\HV\dominates.m","69","30"
"备份代码重调度\第2篇代码-动态算法对比\CRS_OD_INSGA-II\HV\lebesgue_measure.m","7581A8B79307E0F65A2C8361CE04C325BB089ACE90669AB7568531E40D27C1E6","备份代码重调度\第2篇代码-动态算法对比\AF_INSGA-II\HV\lebesgue_measure.m","61","149"
"备份代码重调度\第2篇代码-动态算法对比\CRS_OD_INSGA-II\HV\main.m","460254171EB2C76A578E3C589D9AC32DCFB60160C84D0CB932AA82D986003AF5","备份代码重调度\第2篇代码-动态算法对比\AF_INSGA-II\HV\main.m","61","14"
"备份代码重调度\第2篇代码-动态算法对比\CRS_OD_INSGA-II\HV\test_lebesgue_measure.m","941F7887F0FB86939F839CDEDD6092EFC4ADF05EAF15B746E57970569E24E62A","备份代码重调度\第2篇代码-动态算法对比\AF_INSGA-II\HV\test_lebesgue_measure.m","61","31"
"备份代码重调度\第2篇代码-动态算法对比\CRS_OD_INSGA-II\HV\weakly_dominates.m","98DF0FAD59040134E587C7D3BABB104FB1F75F06F39E07D7995C1C23C363115B","备份代码重调度\第2篇代码-动态算法对比\AF_INSGA-II\HV\weakly_dominates.m","61","28"
"备份代码重调度\第2篇代码-动态算法对比\CRS_OD_INSGA-II\init.m","D3B6EF9F2F0DBC865992D6C11FE40FF4AFC50C167118DC7137771000ADBDDE5E","备份代码重调度\第2篇代码-动态算法对比\CRS_OD_INSGA-II\init.m","3","49"
"备份代码重调度\第2篇代码-动态算法对比\CRS_OD_INSGA-II\INSGA_II.m","07264DB24717BA35F4E5AA37B8F4FCBFE6573E45B3104C4ED46E4F32CEC0B8F6","备份代码重调度\第2篇代码-动态算法对比\CRS_OD_INSGA-II\INSGA_II.m","9","380"
"备份代码重调度\第2篇代码-动态算法对比\CRS_OD_INSGA-II\load_transfer_time_compute.m","C524080FD4D65B5496B7B9F3174D752AEA149598A055E8670C24792AF433638A","备份代码重调度\第2篇代码-动态算法对比\AF_INSGA-II\load_transfer_time_compute.m","61","17"
"备份代码重调度\第2篇代码-动态算法对比\CRS_OD_INSGA-II\machine_AGV_gantt_chart.m","590458C39ECE1677188ABCC8E4EF3FC23A9B6144C7998DD151CFC10C09CEBE0B","备份代码重调度\第2篇代码-动态算法对比\CRS_OD_INSGA-II\machine_AGV_gantt_chart.m","4","131"
"备份代码重调度\第2篇代码-动态算法对比\CRS_OD_INSGA-II\non_domination.m","0724F06FF4F61BFC09683F4212AF78FAF00254D1B60F4289D7E79DDECD49E376","备份代码重调度\第2篇代码-动态算法对比\AF_INSGA-II\non_domination.m","53","117"
"备份代码重调度\第2篇代码-动态算法对比\CRS_OD_INSGA-II\object3value.m","48793003255B4DD580ACC229268C0E2E077CF389710ACF160C90E991B4155FBE","备份代码重调度\第2篇代码-动态算法对比\AF_INSGA-II\object3value.m","32","38"
"备份代码重调度\第2篇代码-动态算法对比\CRS_OD_INSGA-II\OD_INSGA_II.m","EDA2196D0AB474A23B756E7E225B869D813A579D51AD032CDACA4024DF4CA9A6","备份代码重调度\第2篇代码-动态算法对比\CRS_OD_INSGA-II\OD_INSGA_II.m","3","672"
"备份代码重调度\第2篇代码-动态算法对比\CRS_OD_INSGA-II\OD_INSGA_II副本.m","64D48250B949744550EF2422FB7F7ED644CF78BDFF3C4DF7699951ED17014116","备份代码重调度\第2篇代码-动态算法对比\CRS_OD_INSGA-II\OD_INSGA_II副本.m","4","541"
"备份代码重调度\第2篇代码-动态算法对比\CRS_OD_INSGA-II\opera_time.m","F677D3926382D7BC6AF084C78808BA769621622E056AE4224FA292B9980FD60E","备份代码重调度\第2篇代码-动态算法对比\AF_INSGA-II\opera_time.m","36","36"
"备份代码重调度\第2篇代码-动态算法对比\CRS_OD_INSGA-II\replace_chrom.m","CD0995F8E9A0D9D0D0CAB31A588C87926E58DDACF9C43A3CF28641EED7D2C2AA","备份代码重调度\第2篇代码-动态算法对比\AF_INSGA-II\replace_chrom.m","57","28"
"备份代码重调度\第2篇代码-动态算法对比\CRS_OD_INSGA-II\sorting.m","26E01A8961584E4139B9FF0E862FDC28B102DBA58575194A6E7EB7E28ECD2B2D","备份代码重调度\第2篇代码-动态算法对比\CRS_OD_INSGA-II\sorting.m","9","234"
"备份代码重调度\第2篇代码-动态算法对比\CRS_OD_INSGA-II\Spacing\Spacing.m","4036FAF38E49B4ABBD5BB9966BFCBEB9F285988B762C12AD2717598CF2E5131F","备份代码重调度\第2篇代码-动态算法对比\AF_INSGA-II\Spacing\Spacing.m","59","6"
"备份代码重调度\第2篇代码-动态算法对比\CRS_OD_INSGA-II\spare_transfer_time_compute.m","95C82B332EE671F3A8F5BF9EF5CE0A977F6B4BB519C80F79376A04850EAC69EC","备份代码重调度\第2篇代码-动态算法对比\AF_INSGA-II\spare_transfer_time_compute.m","61","30"
"备份代码重调度\第2篇代码-动态算法对比\CRS_OD_INSGA-II\table_insert.m","F335A1ADF0EAB7DC892CE1680755ADC8AD130F23296F83905ADC2E1C6CD81A92","备份代码重调度\第2篇代码-动态算法对比\CRS_OD_INSGA-II\table_insert.m","9","54"
"备份代码重调度\第2篇代码-动态算法对比\CRS_OD_INSGA-II\tournament_selection.m","7C6821B39C7B108C1529D1415351D71BB375FEB1775F8F98BDDF90D2D19187C8","备份代码重调度\第2篇代码-动态算法对比\AF_INSGA-II\tournament_selection.m","59","36"
"备份代码重调度\第2篇代码-动态算法对比\CRS_OD_INSGA-II\variation.m","AE91547FB2366F5016FB603CBBD1824FD804918E7CD49D30D220E1CC2B43DC69","备份代码重调度\第2篇代码-动态算法对比\CRS_OD_INSGA-II\variation.m","3","110"
"备份代码重调度\第2篇代码-动态算法对比\CRS_OD_INSGA-II\variation副本.m","BD0CB76DA488001777A87C40D570CD946295AAA72729870A935622A16457462D","备份代码重调度\第2篇代码-动态算法对比\CRS_OD_INSGA-II\variation副本.m","4","107"
"备份代码重调度\第2篇代码-动态算法对比\CRS_OD_INSGA-II\VNS.m","5196917BC0B3573C2FEAA6B8ED4A17AE882AF1887908F3EDD54FCB583F3BD34E","备份代码重调度\第2篇代码-动态算法对比\CRS_OD_INSGA-II\VNS.m","4","185"
"备份代码重调度\第2篇代码-动态算法对比\CRS_OD_INSGA-II\weakly_dominates.m","48ABBDA62705EED81C942FA5BAC84E1B9E8C70B831A0C521030B748E8F5D52BE","备份代码重调度\第2篇代码-动态算法对比\AF_INSGA-II\weakly_dominates.m","55","21"
"备份代码重调度\第2篇代码-动态算法对比\CRS_OI_INSGA-II\aim_entropy.m","BF83F4220B215B0EB8DED6C2DB960B2D49AE2206647E52D7DC8CB789A9059C01","备份代码重调度\第2篇代码-动态算法对比\CRS_MF_INSGA-II\aim_entropy.m","24","26"
"备份代码重调度\第2篇代码-动态算法对比\CRS_OI_INSGA-II\both_reverse_pop.m","7E6AA14B05D0C47CF62D147AB082575F72A590A935498F7F225964BE989F3264","备份代码重调度\第2篇代码-动态算法对比\CRS_MF_INSGA-II\both_reverse_pop.m","24","165"
"备份代码重调度\第2篇代码-动态算法对比\CRS_OI_INSGA-II\buildLockedUntil.m","366F05D1FAB16A67D91B830F6F6178CE88B0A08381CA2D9B1C74335D7451D19A","备份代码重调度\第2篇代码-动态算法对比\CRS_OI_INSGA-II\buildLockedUntil.m","2","37"
"备份代码重调度\第2篇代码-动态算法对比\CRS_OI_INSGA-II\buildLockMaskFromOS.m","EF95BB01EC5BA170BF4C455210C8CD846C631859BA64198EFB7C9BBF7EB21ADA","备份代码重调度\第2篇代码-动态算法对比\CRS_OI_INSGA-II\buildLockMaskFromOS.m","2","30"
"备份代码重调度\第2篇代码-动态算法对比\CRS_OI_INSGA-II\buildTransportedUntil.m","534AF5897CFF3755793B81280C29ECE075D435A57B9DAA4F9DC94C1DF544FA2B","备份代码重调度\第2篇代码-动态算法对比\CRS_OI_INSGA-II\buildTransportedUntil.m","2","33"
"备份代码重调度\第2篇代码-动态算法对比\CRS_OI_INSGA-II\colorScheme.m","9A8571DAE5C5FAF51C57FA75F189E0441D6331C37C7D0A98E8C9561628F7643D","备份代码重调度\第2篇代码-动态算法对比\colorScheme.m","10","84"
"备份代码重调度\第2篇代码-动态算法对比\CRS_OI_INSGA-II\Copy_OD_INSGA_II.m","FC4E555C7D51E3BBE1BD9225AC239F96E6E81D569FBC8FB0DC5CE6D60B648CBE","备份代码重调度\第2篇代码-动态算法对比\CRS_MF_INSGA-II\Copy_OD_INSGA_II.m","15","379"
"备份代码重调度\第2篇代码-动态算法对比\CRS_OI_INSGA-II\decompose_AGVTable.m","96CA7BF36F78F7744876DA01A0D945F860A26E790A16FA6B4E6B18E3CECF5453","备份代码重调度\第2篇代码-动态算法对比\AF_INSGA-II\decompose_AGVTable.m","44","61"
"备份代码重调度\第2篇代码-动态算法对比\CRS_OI_INSGA-II\decompose_machineTable.m","9E258FA7B71314C28C3452FC35441F067033A5860A3329594C0516BBC3D59AFB","备份代码重调度\第2篇代码-动态算法对比\AF_INSGA-II\decompose_machineTable.m","61","51"
"备份代码重调度\第2篇代码-动态算法对比\CRS_OI_INSGA-II\Entropy.m","DD2988BAD7157773DC8F9480F9BCFDCBC24B1FD4BDF95A947A3AA8FED3D0F2D7","备份代码重调度\第2篇代码-动态算法对比\CRS_MF_INSGA-II\Entropy.m","24","34"
"备份代码重调度\第2篇代码-动态算法对比\CRS_OI_INSGA-II\fitness.m","3D32FF412F2439628E6A5EF41BE08C361F2660967663D45EC723458BDC89B99C","备份代码重调度\第2篇代码-动态算法对比\CRS_OI_INSGA-II\fitness.m","2","183"
"备份代码重调度\第2篇代码-动态算法对比\CRS_OI_INSGA-II\getState.m","AAEF9F0B6B38A793B201B96B8D7E1ED22ABC5900734AF8390F8B2A9F99F796C1","备份代码重调度\第2篇代码-动态算法对比\AF_INSGA-II\getState.m","53","20"
"备份代码重调度\第2篇代码-动态算法对比\CRS_OI_INSGA-II\HV\approximate_hypervolume_ms.m","5A2BD23E246CD1B350C14B7041681EBF2D8BAD6C7EEF34F3C040A14F5907F7FC","备份代码重调度\第2篇代码-动态算法对比\AF_INSGA-II\HV\approximate_hypervolume_ms.m","61","48"
"备份代码重调度\第2篇代码-动态算法对比\CRS_OI_INSGA-II\HV\compute_reference_point.m","FF450B1D2049531493E17CC130FDED18E7DA4A215B948545454B0AE34F43DB48","备份代码重调度\第2篇代码-动态算法对比\AF_INSGA-II\HV\compute_reference_point.m","61","38"
"备份代码重调度\第2篇代码-动态算法对比\CRS_OI_INSGA-II\HV\dominates.m","A5F892428228E1ADAAA89980C59144F660F333E7CEEDA3C24702C2AED5F09E67","备份代码重调度\第2篇代码-动态算法对比\AF_INSGA-II\HV\dominates.m","69","30"
"备份代码重调度\第2篇代码-动态算法对比\CRS_OI_INSGA-II\HV\lebesgue_measure.m","7581A8B79307E0F65A2C8361CE04C325BB089ACE90669AB7568531E40D27C1E6","备份代码重调度\第2篇代码-动态算法对比\AF_INSGA-II\HV\lebesgue_measure.m","61","149"
"备份代码重调度\第2篇代码-动态算法对比\CRS_OI_INSGA-II\HV\main.m","460254171EB2C76A578E3C589D9AC32DCFB60160C84D0CB932AA82D986003AF5","备份代码重调度\第2篇代码-动态算法对比\AF_INSGA-II\HV\main.m","61","14"
"备份代码重调度\第2篇代码-动态算法对比\CRS_OI_INSGA-II\HV\test_lebesgue_measure.m","941F7887F0FB86939F839CDEDD6092EFC4ADF05EAF15B746E57970569E24E62A","备份代码重调度\第2篇代码-动态算法对比\AF_INSGA-II\HV\test_lebesgue_measure.m","61","31"
"备份代码重调度\第2篇代码-动态算法对比\CRS_OI_INSGA-II\HV\weakly_dominates.m","98DF0FAD59040134E587C7D3BABB104FB1F75F06F39E07D7995C1C23C363115B","备份代码重调度\第2篇代码-动态算法对比\AF_INSGA-II\HV\weakly_dominates.m","61","28"
"备份代码重调度\第2篇代码-动态算法对比\CRS_OI_INSGA-II\improved_elitism.m","4802727D622BDD7181FB4023F1677C78DBCDC37D24E233879000E4B6DB9A817D","备份代码重调度\第2篇代码-动态算法对比\CRS_MF_INSGA-II\improved_elitism.m","32","81"
"备份代码重调度\第2篇代码-动态算法对比\CRS_OI_INSGA-II\init.m","83BC44C5ACE7CF4BCAFD7604F583B66C80F92B9662EC3F972A74CBB2F76B01F3","备份代码重调度\第2篇代码-动态算法对比\CRS_OI_INSGA-II\init.m","2","37"
"备份代码重调度\第2篇代码-动态算法对比\CRS_OI_INSGA-II\INSGA_II.m","6597B70D93EF600369CFB19C44C1C279AFBAEF2EBA697F47018DE4C0E41F4B80","备份代码重调度\第2篇代码-动态算法对比\CRS_OI_INSGA-II\INSGA_II.m","2","380"
"备份代码重调度\第2篇代码-动态算法对比\CRS_OI_INSGA-II\is_B_strongly_dominating_A.m","29012708DB01740C9F16EB512E490861EB3CDAD3DB47D1F3A353F0A2CF67AF10","备份代码重调度\第2篇代码-动态算法对比\CRS_MF_INSGA-II\is_B_strongly_dominating_A.m","34","10"
"备份代码重调度\第2篇代码-动态算法对比\CRS_OI_INSGA-II\load_transfer_time_compute.m","C524080FD4D65B5496B7B9F3174D752AEA149598A055E8670C24792AF433638A","备份代码重调度\第2篇代码-动态算法对比\AF_INSGA-II\load_transfer_time_compute.m","61","17"
"备份代码重调度\第2篇代码-动态算法对比\CRS_OI_INSGA-II\machine_AGV_gantt_chart.m","CC31D89E6E8C9299BED474CD8934472196D603B641F96C358ADC5CFBC5B19993","备份代码重调度\第2篇代码-动态算法对比\CRS_OI_INSGA-II\machine_AGV_gantt_chart.m","2","163"
"备份代码重调度\第2篇代码-动态算法对比\CRS_OI_INSGA-II\non_domination.m","0724F06FF4F61BFC09683F4212AF78FAF00254D1B60F4289D7E79DDECD49E376","备份代码重调度\第2篇代码-动态算法对比\AF_INSGA-II\non_domination.m","53","117"
"备份代码重调度\第2篇代码-动态算法对比\CRS_OI_INSGA-II\object3value.m","63180E56F74087BBC7EDDBF36FF89114B32132BDCDD250A46B4936B86D3CB118","备份代码重调度\第2篇代码-动态算法对比\CRS_OI_INSGA-II\object3value.m","4","45"
"备份代码重调度\第2篇代码-动态算法对比\CRS_OI_INSGA-II\OI_INSGA_II.m","6B572D27AF56CEBA21238BFEA73C226326B77B8780DDC8DD7FEE6CB192329712","备","1","243"
"备份代码重调度\第2篇代码-动态算法对比\CRS_OI_INSGA-II\opera_time.m","F677D3926382D7BC6AF084C78808BA769621622E056AE4224FA292B9980FD60E","备份代码重调度\第2篇代码-动态算法对比\AF_INSGA-II\opera_time.m","36","36"
"备份代码重调度\第2篇代码-动态算法对比\CRS_OI_INSGA-II\replace_chrom.m","CD0995F8E9A0D9D0D0CAB31A588C87926E58DDACF9C43A3CF28641EED7D2C2AA","备份代码重调度\第2篇代码-动态算法对比\AF_INSGA-II\replace_chrom.m","57","28"
"备份代码重调度\第2篇代码-动态算法对比\CRS_OI_INSGA-II\reverse_pop.m","C265430B80D0C4DB4BE5C7FA76A70C0C0787A5DF09726A288293F4661007421B","备份代码重调度\第2篇代码-动态算法对比\CRS_MF_INSGA-II\reverse_pop.m","15","167"
"备份代码重调度\第2篇代码-动态算法对比\CRS_OI_INSGA-II\sorting.m","F084F76AB2C39C732FD5E3DE6436655B7513B4F645D1FFDF0D4C3DCF6BF8D110","备份代码重调度\第2篇代码-动态算法对比\CRS_OI_INSGA-II\sorting.m","2","168"
"备份代码重调度\第2篇代码-动态算法对比\CRS_OI_INSGA-II\Spacing\Spacing.m","4036FAF38E49B4ABBD5BB9966BFCBEB9F285988B762C12AD2717598CF2E5131F","备份代码重调度\第2篇代码-动态算法对比\AF_INSGA-II\Spacing\Spacing.m","59","6"
"备份代码重调度\第2篇代码-动态算法对比\CRS_OI_INSGA-II\spare_transfer_time_compute.m","95C82B332EE671F3A8F5BF9EF5CE0A977F6B4BB519C80F79376A04850EAC69EC","备份代码重调度\第2篇代码-动态算法对比\AF_INSGA-II\spare_transfer_time_compute.m","61","30"
"备份代码重调度\第2篇代码-动态算法对比\CRS_OI_INSGA-II\table_insert.m","22331F99A901E22DFD0941730D3FB812EED678B26960066142FA788DB992930A","备份代码重调度\第2篇代码-动态算法对比\AF_INSGA-II\table_insert.m","52","54"
"备份代码重调度\第2篇代码-动态算法对比\CRS_OI_INSGA-II\tournament_selection.m","7C6821B39C7B108C1529D1415351D71BB375FEB1775F8F98BDDF90D2D19187C8","备份代码重调度\第2篇代码-动态算法对比\AF_INSGA-II\tournament_selection.m","59","36"
"备份代码重调度\第2篇代码-动态算法对比\CRS_OI_INSGA-II\variation.m","3ED85B6197D34D897ED4FDB97D15FABF0249C4CA7CFC55AA59BE3A79F22B7AF3","备份代码重调度\第2篇代码-动态算法对比\CRS_OI_INSGA-II\variation.m","2","105"
"备份代码重调度\第2篇代码-动态算法对比\CRS_OI_INSGA-II\VNS.m","1764D74C3648DFD10012389A5B05D362A3219E26449391396025BE31635433CB","备份代码重调度\第2篇代码-动态算法对比\CRS_OI_INSGA-II\VNS.m","2","183"
"备份代码重调度\第2篇代码-动态算法对比\CRS_OI_INSGA-II\weakly_dominates.m","48ABBDA62705EED81C942FA5BAC84E1B9E8C70B831A0C521030B748E8F5D52BE","备份代码重调度\第2篇代码-动态算法对比\AF_INSGA-II\weakly_dominates.m","55","21"
"备份代码重调度\第2篇代码-动态算法对比\dif_main.m","8C317C6759424C8DA796435EF5D42BCEB673230D04BFDABFC711A7FDEF1D43C2","备","1","243"
"备份代码重调度\第2篇代码-动态算法对比\distance_from_xy.m","C8691ED2E4C625F8377D733A67B70264E67766F390220CE517F976A2A6856722","备份代码重调度\第2篇代码-动态算法对比\distance_from_xy.m","8","35"
"备份代码重调度\第2篇代码-动态算法对比\energy_plot.m","26EFE49108DE14F48128B41525A42BF673287B0F44FE94C4F574240503FBC9E1","备份代码重调度\第2篇代码-动态算法对比\energy_plot.m","8","19"
"备份代码重调度\第2篇代码-动态算法对比\getRescheduleInitialState.m","D50F1A88BA60AAA2BB26D33EA46EE28BD5CE5017A28FB5AF107A02BEF743724B","备份代码重调度\第2篇代码-动态算法对比\getRescheduleInitialState.m","2","233"
"备份代码重调度\第2篇代码-动态算法对比\HV\approximate_hypervolume_ms.m","5A2BD23E246CD1B350C14B7041681EBF2D8BAD6C7EEF34F3C040A14F5907F7FC","备份代码重调度\第2篇代码-动态算法对比\AF_INSGA-II\HV\approximate_hypervolume_ms.m","61","48"
"备份代码重调度\第2篇代码-动态算法对比\HV\compute_reference_point.m","FF450B1D2049531493E17CC130FDED18E7DA4A215B948545454B0AE34F43DB48","备份代码重调度\第2篇代码-动态算法对比\AF_INSGA-II\HV\compute_reference_point.m","61","38"
"备份代码重调度\第2篇代码-动态算法对比\HV\dominates.m","A5F892428228E1ADAAA89980C59144F660F333E7CEEDA3C24702C2AED5F09E67","备份代码重调度\第2篇代码-动态算法对比\AF_INSGA-II\HV\dominates.m","69","30"
"备份代码重调度\第2篇代码-动态算法对比\HV\lebesgue_measure.m","7581A8B79307E0F65A2C8361CE04C325BB089ACE90669AB7568531E40D27C1E6","备份代码重调度\第2篇代码-动态算法对比\AF_INSGA-II\HV\lebesgue_measure.m","61","149"
"备份代码重调度\第2篇代码-动态算法对比\HV\main.m","460254171EB2C76A578E3C589D9AC32DCFB60160C84D0CB932AA82D986003AF5","备份代码重调度\第2篇代码-动态算法对比\AF_INSGA-II\HV\main.m","61","14"
"备份代码重调度\第2篇代码-动态算法对比\HV\test_lebesgue_measure.m","941F7887F0FB86939F839CDEDD6092EFC4ADF05EAF15B746E57970569E24E62A","备份代码重调度\第2篇代码-动态算法对比\AF_INSGA-II\HV\test_lebesgue_measure.m","61","31"
"备份代码重调度\第2篇代码-动态算法对比\HV\weakly_dominates.m","98DF0FAD59040134E587C7D3BABB104FB1F75F06F39E07D7995C1C23C363115B","备份代码重调度\第2篇代码-动态算法对比\AF_INSGA-II\HV\weakly_dominates.m","61","28"
"备份代码重调度\第2篇代码-动态算法对比\IGD\IGD_compution.m","5CB0BFC528C5C6978C37AB6FAF12EEC58B23A6C9D948662658D046182820265A","备份代码重调度\第2篇代码-动态算法对比\IGD\IGD_compution.m","8","14"
"备份代码重调度\第2篇代码-动态算法对比\init.m","B15A3F18AC0E1928599EA390E276D3A5B44011E9E1E6A984B638F82E56C110E3","备份代码重调度\第2篇代码-动态算法对比\init.m","2","87"
"备份代码重调度\第2篇代码-动态算法对比\initial_AF_INSGA-II\AF_INSGA_II.m","C6FBC1600557D3ECB4D43B4E346786F51741E734C24E6C6160D7A58201ED2FDC","备份代码重调度\第2篇代码-动态算法对比\initial_AF_INSGA-II\AF_INSGA_II.m","2","603"
"备份代码重调度\第2篇代码-动态算法对比\initial_AF_INSGA-II\colorScheme.m","C1BCE19A043DB71A4C5F980FB8A637247562CB72F7512A872219A326218C62E8","备份代码重调度\第2篇代码-动态算法对比\AF_INSGA-II\colorScheme.m","34","54"
"备份代码重调度\第2篇代码-动态算法对比\initial_AF_INSGA-II\decompose_AGVTable.m","96CA7BF36F78F7744876DA01A0D945F860A26E790A16FA6B4E6B18E3CECF5453","备份代码重调度\第2篇代码-动态算法对比\AF_INSGA-II\decompose_AGVTable.m","44","61"
"备份代码重调度\第2篇代码-动态算法对比\initial_AF_INSGA-II\decompose_machineTable.m","9E258FA7B71314C28C3452FC35441F067033A5860A3329594C0516BBC3D59AFB","备份代码重调度\第2篇代码-动态算法对比\AF_INSGA-II\decompose_machineTable.m","61","51"
"备份代码重调度\第2篇代码-动态算法对比\initial_AF_INSGA-II\fitness.m","16869B10FE73F91BD17AFE25AFC9F4443997D2749459EFCF98AAA994F54C1A6F","备份代码重调度\第2篇代码-动态算法对比\AF_INSGA-II\fitness.m","12","154"
"备份代码重调度\第2篇代码-动态算法对比\initial_AF_INSGA-II\getState.m","AAEF9F0B6B38A793B201B96B8D7E1ED22ABC5900734AF8390F8B2A9F99F796C1","备份代码重调度\第2篇代码-动态算法对比\AF_INSGA-II\getState.m","53","20"
"备份代码重调度\第2篇代码-动态算法对比\initial_AF_INSGA-II\HV\approximate_hypervolume_ms.m","5A2BD23E246CD1B350C14B7041681EBF2D8BAD6C7EEF34F3C040A14F5907F7FC","备份代码重调度\第2篇代码-动态算法对比\AF_INSGA-II\HV\approximate_hypervolume_ms.m","61","48"
"备份代码重调度\第2篇代码-动态算法对比\initial_AF_INSGA-II\HV\compute_reference_point.m","FF450B1D2049531493E17CC130FDED18E7DA4A215B948545454B0AE34F43DB48","备份代码重调度\第2篇代码-动态算法对比\AF_INSGA-II\HV\compute_reference_point.m","61","38"
"备份代码重调度\第2篇代码-动态算法对比\initial_AF_INSGA-II\HV\dominates.m","A5F892428228E1ADAAA89980C59144F660F333E7CEEDA3C24702C2AED5F09E67","备份代码重调度\第2篇代码-动态算法对比\AF_INSGA-II\HV\dominates.m","69","30"
"备份代码重调度\第2篇代码-动态算法对比\initial_AF_INSGA-II\HV\lebesgue_measure.m","7581A8B79307E0F65A2C8361CE04C325BB089ACE90669AB7568531E40D27C1E6","备份代码重调度\第2篇代码-动态算法对比\AF_INSGA-II\HV\lebesgue_measure.m","61","149"
"备份代码重调度\第2篇代码-动态算法对比\initial_AF_INSGA-II\HV\main.m","460254171EB2C76A578E3C589D9AC32DCFB60160C84D0CB932AA82D986003AF5","备份代码重调度\第2篇代码-动态算法对比\AF_INSGA-II\HV\main.m","61","14"
"备份代码重调度\第2篇代码-动态算法对比\initial_AF_INSGA-II\HV\test_lebesgue_measure.m","941F7887F0FB86939F839CDEDD6092EFC4ADF05EAF15B746E57970569E24E62A","备份代码重调度\第2篇代码-动态算法对比\AF_INSGA-II\HV\test_lebesgue_measure.m","61","31"
"备份代码重调度\第2篇代码-动态算法对比\initial_AF_INSGA-II\HV\weakly_dominates.m","98DF0FAD59040134E587C7D3BABB104FB1F75F06F39E07D7995C1C23C363115B","备份代码重调度\第2篇代码-动态算法对比\AF_INSGA-II\HV\weakly_dominates.m","61","28"
"备份代码重调度\第2篇代码-动态算法对比\initial_AF_INSGA-II\init.m","92E26B2D0FAC4510A4342A8213D6CA4B6D33C77C5A6E4AE88109BE169677FA48","备份代码重调度\第2篇代码-动态算法对比\initial_AF_INSGA-II\init.m","4","27"
"备份代码重调度\第2篇代码-动态算法对比\initial_AF_INSGA-II\load_transfer_time_compute.m","C524080FD4D65B5496B7B9F3174D752AEA149598A055E8670C24792AF433638A","备份代码重调度\第2篇代码-动态算法对比\AF_INSGA-II\load_transfer_time_compute.m","61","17"
"备份代码重调度\第2篇代码-动态算法对比\initial_AF_INSGA-II\machine_AGV_gantt_chart.m","96D7E4ADECF23E452FBF2D5FE43A665D37F25038CC4082B87E459542D20877C3","备份代码重调度\第2篇代码-动态算法对比\AF_INSGA-II\machine_AGV_gantt_chart.m","14","138"
"备份代码重调度\第2篇代码-动态算法对比\initial_AF_INSGA-II\non_domination.m","0724F06FF4F61BFC09683F4212AF78FAF00254D1B60F4289D7E79DDECD49E376","备份代码重调度\第2篇代码-动态算法对比\AF_INSGA-II\non_domination.m","53","117"
"备份代码重调度\第2篇代码-动态算法对比\initial_AF_INSGA-II\object3value.m","48793003255B4DD580ACC229268C0E2E077CF389710ACF160C90E991B4155FBE","备份代码重调度\第2篇代码-动态算法对比\AF_INSGA-II\object3value.m","32","38"
"备份代码重调度\第2篇代码-动态算法对比\initial_AF_INSGA-II\opera_time.m","F677D3926382D7BC6AF084C78808BA769621622E056AE4224FA292B9980FD60E","备份代码重调度\第2篇代码-动态算法对比\AF_INSGA-II\opera_time.m","36","36"
"备份代码重调度\第2篇代码-动态算法对比\initial_AF_INSGA-II\replace_chrom.m","CD0995F8E9A0D9D0D0CAB31A588C87926E58DDACF9C43A3CF28641EED7D2C2AA","备份代码重调度\第2篇代码-动态算法对比\AF_INSGA-II\replace_chrom.m","57","28"
"备份代码重调度\第2篇代码-动态算法对比\initial_AF_INSGA-II\sorting.m","7850D4659494A874DD98F883F190DC49D7BC8179C9FC2B9872B8CB283C0BD7DB","备份代码重调度\第2篇代码-动态算法对比\AF_INSGA-II\sorting.m","23","228"
"备份代码重调度\第2篇代码-动态算法对比\initial_AF_INSGA-II\Spacing\Spacing.m","4036FAF38E49B4ABBD5BB9966BFCBEB9F285988B762C12AD2717598CF2E5131F","备份代码重调度\第2篇代码-动态算法对比\AF_INSGA-II\Spacing\Spacing.m","59","6"
"备份代码重调度\第2篇代码-动态算法对比\initial_AF_INSGA-II\spare_transfer_time_compute.m","95C82B332EE671F3A8F5BF9EF5CE0A977F6B4BB519C80F79376A04850EAC69EC","备份代码重调度\第2篇代码-动态算法对比\AF_INSGA-II\spare_transfer_time_compute.m","61","30"
"备份代码重调度\第2篇代码-动态算法对比\initial_AF_INSGA-II\table_insert.m","22331F99A901E22DFD0941730D3FB812EED678B26960066142FA788DB992930A","备份代码重调度\第2篇代码-动态算法对比\AF_INSGA-II\table_insert.m","52","54"
"备份代码重调度\第2篇代码-动态算法对比\initial_AF_INSGA-II\tournament_selection.m","7C6821B39C7B108C1529D1415351D71BB375FEB1775F8F98BDDF90D2D19187C8","备份代码重调度\第2篇代码-动态算法对比\AF_INSGA-II\tournament_selection.m","59","36"
"备份代码重调度\第2篇代码-动态算法对比\initial_AF_INSGA-II\variation.m","5B07946042630F8AA1C5DE4AAA5F80087385F83004F40530CBC903AAF0A11A17","备份代码重调度\第2篇代码-动态算法对比\AF_INSGA-II\variation.m","19","109"
"备份代码重调度\第2篇代码-动态算法对比\initial_AF_INSGA-II\VNS.m","18A1DE5F3F50E2B44D8ED1F5A69E21F1C655A9F80D14732F7D841B352B71D7BD","备份代码重调度\第2篇代码-动态算法对比\AF_INSGA-II\VNS.m","12","186"
"备份代码重调度\第2篇代码-动态算法对比\initial_AF_INSGA-II\weakly_dominates.m","48ABBDA62705EED81C942FA5BAC84E1B9E8C70B831A0C521030B748E8F5D52BE","备份代码重调度\第2篇代码-动态算法对比\AF_INSGA-II\weakly_dominates.m","55","21"
"备份代码重调度\第2篇代码-动态算法对比\initial_MF_INSGA-II\aim_entropy.m","BF83F4220B215B0EB8DED6C2DB960B2D49AE2206647E52D7DC8CB789A9059C01","备份代码重调度\第2篇代码-动态算法对比\CRS_MF_INSGA-II\aim_entropy.m","24","26"
"备份代码重调度\第2篇代码-动态算法对比\initial_MF_INSGA-II\both_reverse_pop.m","7E6AA14B05D0C47CF62D147AB082575F72A590A935498F7F225964BE989F3264","备份代码重调度\第2篇代码-动态算法对比\CRS_MF_INSGA-II\both_reverse_pop.m","24","165"
"备份代码重调度\第2篇代码-动态算法对比\initial_MF_INSGA-II\colorScheme.m","9A8571DAE5C5FAF51C57FA75F189E0441D6331C37C7D0A98E8C9561628F7643D","备份代码重调度\第2篇代码-动态算法对比\colorScheme.m","10","84"
"备份代码重调度\第2篇代码-动态算法对比\initial_MF_INSGA-II\Copy_OD_INSGA_II.m","FC4E555C7D51E3BBE1BD9225AC239F96E6E81D569FBC8FB0DC5CE6D60B648CBE","备份代码重调度\第2篇代码-动态算法对比\CRS_MF_INSGA-II\Copy_OD_INSGA_II.m","15","379"
"备份代码重调度\第2篇代码-动态算法对比\initial_MF_INSGA-II\decompose_AGVTable.m","96CA7BF36F78F7744876DA01A0D945F860A26E790A16FA6B4E6B18E3CECF5453","备份代码重调度\第2篇代码-动态算法对比\AF_INSGA-II\decompose_AGVTable.m","44","61"
"备份代码重调度\第2篇代码-动态算法对比\initial_MF_INSGA-II\decompose_machineTable.m","9E258FA7B71314C28C3452FC35441F067033A5860A3329594C0516BBC3D59AFB","备份代码重调度\第2篇代码-动态算法对比\AF_INSGA-II\decompose_machineTable.m","61","51"
"备份代码重调度\第2篇代码-动态算法对比\initial_MF_INSGA-II\Entropy.m","DD2988BAD7157773DC8F9480F9BCFDCBC24B1FD4BDF95A947A3AA8FED3D0F2D7","备份代码重调度\第2篇代码-动态算法对比\CRS_MF_INSGA-II\Entropy.m","24","34"
"备份代码重调度\第2篇代码-动态算法对比\initial_MF_INSGA-II\fitness.m","5BF476FF81C7B763D9F66678678EF4DAB662103996445BA134096D375350F345","备份代码重调度\第2篇代码-动态算法对比\CRS_MF_INSGA-II\fitness.m","11","154"
"备份代码重调度\第2篇代码-动态算法对比\initial_MF_INSGA-II\getState.m","AAEF9F0B6B38A793B201B96B8D7E1ED22ABC5900734AF8390F8B2A9F99F796C1","备份代码重调度\第2篇代码-动态算法对比\AF_INSGA-II\getState.m","53","20"
"备份代码重调度\第2篇代码-动态算法对比\initial_MF_INSGA-II\HV\approximate_hypervolume_ms.m","5A2BD23E246CD1B350C14B7041681EBF2D8BAD6C7EEF34F3C040A14F5907F7FC","备份代码重调度\第2篇代码-动态算法对比\AF_INSGA-II\HV\approximate_hypervolume_ms.m","61","48"
"备份代码重调度\第2篇代码-动态算法对比\initial_MF_INSGA-II\HV\compute_reference_point.m","FF450B1D2049531493E17CC130FDED18E7DA4A215B948545454B0AE34F43DB48","备份代码重调度\第2篇代码-动态算法对比\AF_INSGA-II\HV\compute_reference_point.m","61","38"
"备份代码重调度\第2篇代码-动态算法对比\initial_MF_INSGA-II\HV\dominates.m","A5F892428228E1ADAAA89980C59144F660F333E7CEEDA3C24702C2AED5F09E67","备份代码重调度\第2篇代码-动态算法对比\AF_INSGA-II\HV\dominates.m","69","30"
"备份代码重调度\第2篇代码-动态算法对比\initial_MF_INSGA-II\HV\lebesgue_measure.m","7581A8B79307E0F65A2C8361CE04C325BB089ACE90669AB7568531E40D27C1E6","备份代码重调度\第2篇代码-动态算法对比\AF_INSGA-II\HV\lebesgue_measure.m","61","149"
"备份代码重调度\第2篇代码-动态算法对比\initial_MF_INSGA-II\HV\main.m","460254171EB2C76A578E3C589D9AC32DCFB60160C84D0CB932AA82D986003AF5","备份代码重调度\第2篇代码-动态算法对比\AF_INSGA-II\HV\main.m","61","14"
"备份代码重调度\第2篇代码-动态算法对比\initial_MF_INSGA-II\HV\test_lebesgue_measure.m","941F7887F0FB86939F839CDEDD6092EFC4ADF05EAF15B746E57970569E24E62A","备份代码重调度\第2篇代码-动态算法对比\AF_INSGA-II\HV\test_lebesgue_measure.m","61","31"
"备份代码重调度\第2篇代码-动态算法对比\initial_MF_INSGA-II\HV\weakly_dominates.m","98DF0FAD59040134E587C7D3BABB104FB1F75F06F39E07D7995C1C23C363115B","备份代码重调度\第2篇代码-动态算法对比\AF_INSGA-II\HV\weakly_dominates.m","61","28"
"备份代码重调度\第2篇代码-动态算法对比\initial_MF_INSGA-II\improved_elitism.m","4802727D622BDD7181FB4023F1677C78DBCDC37D24E233879000E4B6DB9A817D","备份代码重调度\第2篇代码-动态算法对比\CRS_MF_INSGA-II\improved_elitism.m","32","81"
"备份代码重调度\第2篇代码-动态算法对比\initial_MF_INSGA-II\init.m","77FFA51D791E8B470154F1B361C8CC9CC0547C02ED55A6549D4C392A4261D2DE","备份代码重调度\第2篇代码-动态算法对比\initial_MF_INSGA-II\init.m","4","36"
"备份代码重调度\第2篇代码-动态算法对比\initial_MF_INSGA-II\is_B_strongly_dominating_A.m","29012708DB01740C9F16EB512E490861EB3CDAD3DB47D1F3A353F0A2CF67AF10","备份代码重调度\第2篇代码-动态算法对比\CRS_MF_INSGA-II\is_B_strongly_dominating_A.m","34","10"
"备份代码重调度\第2篇代码-动态算法对比\initial_MF_INSGA-II\load_transfer_time_compute.m","C524080FD4D65B5496B7B9F3174D752AEA149598A055E8670C24792AF433638A","备份代码重调度\第2篇代码-动态算法对比\AF_INSGA-II\load_transfer_time_compute.m","61","17"
"备份代码重调度\第2篇代码-动态算法对比\initial_MF_INSGA-II\machine_AGV_gantt_chart.m","CF795A73C826AC17F81485649FCFDF3BBAAF9FCFE827D9B8E99B6CF19440801B","备份代码重调度\第2篇代码-动态算法对比\initial_MF_INSGA-II\machine_AGV_gantt_chart.m","2","163"
"备份代码重调度\第2篇代码-动态算法对比\initial_MF_INSGA-II\MF_INSGA_II.m","F2150A0C7FAC599BBC35F1B089AE4D4485EB952FBFD699F368D8B039CB05FA88","备份代码重调度\第2篇代码-动态算法对比\initial_MF_INSGA-II\MF_INSGA_II.m","2","574"
"备份代码重调度\第2篇代码-动态算法对比\initial_MF_INSGA-II\non_domination.m","0724F06FF4F61BFC09683F4212AF78FAF00254D1B60F4289D7E79DDECD49E376","备份代码重调度\第2篇代码-动态算法对比\AF_INSGA-II\non_domination.m","53","117"
"备份代码重调度\第2篇代码-动态算法对比\initial_MF_INSGA-II\object3value.m","48793003255B4DD580ACC229268C0E2E077CF389710ACF160C90E991B4155FBE","备份代码重调度\第2篇代码-动态算法对比\AF_INSGA-II\object3value.m","32","38"
"备份代码重调度\第2篇代码-动态算法对比\initial_MF_INSGA-II\opera_time.m","F677D3926382D7BC6AF084C78808BA769621622E056AE4224FA292B9980FD60E","备份代码重调度\第2篇代码-动态算法对比\AF_INSGA-II\opera_time.m","36","36"
"备份代码重调度\第2篇代码-动态算法对比\initial_MF_INSGA-II\replace_chrom.m","CD0995F8E9A0D9D0D0CAB31A588C87926E58DDACF9C43A3CF28641EED7D2C2AA","备份代码重调度\第2篇代码-动态算法对比\AF_INSGA-II\replace_chrom.m","57","28"
"备份代码重调度\第2篇代码-动态算法对比\initial_MF_INSGA-II\reverse_pop.m","C265430B80D0C4DB4BE5C7FA76A70C0C0787A5DF09726A288293F4661007421B","备份代码重调度\第2篇代码-动态算法对比\CRS_MF_INSGA-II\reverse_pop.m","15","167"
"备份代码重调度\第2篇代码-动态算法对比\initial_MF_INSGA-II\sorting.m","7850D4659494A874DD98F883F190DC49D7BC8179C9FC2B9872B8CB283C0BD7DB","备份代码重调度\第2篇代码-动态算法对比\AF_INSGA-II\sorting.m","23","228"
"备份代码重调度\第2篇代码-动态算法对比\initial_MF_INSGA-II\Spacing\Spacing.m","4036FAF38E49B4ABBD5BB9966BFCBEB9F285988B762C12AD2717598CF2E5131F","备份代码重调度\第2篇代码-动态算法对比\AF_INSGA-II\Spacing\Spacing.m","59","6"
"备份代码重调度\第2篇代码-动态算法对比\initial_MF_INSGA-II\spare_transfer_time_compute.m","95C82B332EE671F3A8F5BF9EF5CE0A977F6B4BB519C80F79376A04850EAC69EC","备份代码重调度\第2篇代码-动态算法对比\AF_INSGA-II\spare_transfer_time_compute.m","61","30"
"备份代码重调度\第2篇代码-动态算法对比\initial_MF_INSGA-II\table_insert.m","22331F99A901E22DFD0941730D3FB812EED678B26960066142FA788DB992930A","备份代码重调度\第2篇代码-动态算法对比\AF_INSGA-II\table_insert.m","52","54"
"备份代码重调度\第2篇代码-动态算法对比\initial_MF_INSGA-II\tournament_selection.m","7C6821B39C7B108C1529D1415351D71BB375FEB1775F8F98BDDF90D2D19187C8","备份代码重调度\第2篇代码-动态算法对比\AF_INSGA-II\tournament_selection.m","59","36"
"备份代码重调度\第2篇代码-动态算法对比\initial_MF_INSGA-II\variation.m","5B07946042630F8AA1C5DE4AAA5F80087385F83004F40530CBC903AAF0A11A17","备份代码重调度\第2篇代码-动态算法对比\AF_INSGA-II\variation.m","19","109"
"备份代码重调度\第2篇代码-动态算法对比\initial_MF_INSGA-II\VNS.m","86095BF9A78FA1C4210F23297317726CDEA7E4D0930F6E665B68639008F03DC5","备份代码重调度\第2篇代码-动态算法对比\CRS_MF_INSGA-II\VNS.m","11","57"
"备份代码重调度\第2篇代码-动态算法对比\initial_MF_INSGA-II\weakly_dominates.m","48ABBDA62705EED81C942FA5BAC84E1B9E8C70B831A0C521030B748E8F5D52BE","备份代码重调度\第2篇代码-动态算法对比\AF_INSGA-II\weakly_dominates.m","55","21"
"备份代码重调度\第2篇代码-动态算法对比\initial_NSGA-II\decompose_AGVTable.m","E0FABF783EAA9EA3FC803BBAE7AA92C40D9E39F560F7857829899C3667D908EF","备份代码重调度\第2篇代码-动态算法对比\initial_NSGA-II\decompose_AGVTable.m","17","65"
"备份代码重调度\第2篇代码-动态算法对比\initial_NSGA-II\decompose_machineTable.m","9E258FA7B71314C28C3452FC35441F067033A5860A3329594C0516BBC3D59AFB","备份代码重调度\第2篇代码-动态算法对比\AF_INSGA-II\decompose_machineTable.m","61","51"
"备份代码重调度\第2篇代码-动态算法对比\initial_NSGA-II\fitness.m","CB45A2A20DB4AB0220BED11373EE06965259A3D378911AD46C1FAEC63FD44E8A","备份代码重调度\第2篇代码-动态算法对比\initial_NSGA-II\fitness.m","17","82"
"备份代码重调度\第2篇代码-动态算法对比\initial_NSGA-II\getState.m","AAEF9F0B6B38A793B201B96B8D7E1ED22ABC5900734AF8390F8B2A9F99F796C1","备份代码重调度\第2篇代码-动态算法对比\AF_INSGA-II\getState.m","53","20"
"备份代码重调度\第2篇代码-动态算法对比\initial_NSGA-II\HV\approximate_hypervolume_ms.m","5A2BD23E246CD1B350C14B7041681EBF2D8BAD6C7EEF34F3C040A14F5907F7FC","备份代码重调度\第2篇代码-动态算法对比\AF_INSGA-II\HV\approximate_hypervolume_ms.m","61","48"
"备份代码重调度\第2篇代码-动态算法对比\initial_NSGA-II\HV\compute_reference_point.m","FF450B1D2049531493E17CC130FDED18E7DA4A215B948545454B0AE34F43DB48","备份代码重调度\第2篇代码-动态算法对比\AF_INSGA-II\HV\compute_reference_point.m","61","38"
"备份代码重调度\第2篇代码-动态算法对比\initial_NSGA-II\HV\dominates.m","A5F892428228E1ADAAA89980C59144F660F333E7CEEDA3C24702C2AED5F09E67","备份代码重调度\第2篇代码-动态算法对比\AF_INSGA-II\HV\dominates.m","69","30"
"备份代码重调度\第2篇代码-动态算法对比\initial_NSGA-II\HV\lebesgue_measure.m","7581A8B79307E0F65A2C8361CE04C325BB089ACE90669AB7568531E40D27C1E6","备份代码重调度\第2篇代码-动态算法对比\AF_INSGA-II\HV\lebesgue_measure.m","61","149"
"备份代码重调度\第2篇代码-动态算法对比\initial_NSGA-II\HV\main.m","460254171EB2C76A578E3C589D9AC32DCFB60160C84D0CB932AA82D986003AF5","备份代码重调度\第2篇代码-动态算法对比\AF_INSGA-II\HV\main.m","61","14"
"备份代码重调度\第2篇代码-动态算法对比\initial_NSGA-II\HV\test_lebesgue_measure.m","941F7887F0FB86939F839CDEDD6092EFC4ADF05EAF15B746E57970569E24E62A","备份代码重调度\第2篇代码-动态算法对比\AF_INSGA-II\HV\test_lebesgue_measure.m","61","31"
"备份代码重调度\第2篇代码-动态算法对比\initial_NSGA-II\HV\weakly_dominates.m","98DF0FAD59040134E587C7D3BABB104FB1F75F06F39E07D7995C1C23C363115B","备份代码重调度\第2篇代码-动态算法对比\AF_INSGA-II\HV\weakly_dominates.m","61","28"
"备份代码重调度\第2篇代码-动态算法对比\initial_NSGA-II\improved_elitism.m","4802727D622BDD7181FB4023F1677C78DBCDC37D24E233879000E4B6DB9A817D","备份代码重调度\第2篇代码-动态算法对比\CRS_MF_INSGA-II\improved_elitism.m","32","81"
"备份代码重调度\第2篇代码-动态算法对比\initial_NSGA-II\init.m","51AB8D2353AB477F858F024CCA4633F3456947123B37E50CD9655F9505F8115B","备份代码重调度\第2篇代码-动态算法对比\initial_NSGA-II\init.m","2","394"
"备份代码重调度\第2篇代码-动态算法对比\initial_NSGA-II\initial_INSGA_II.m","D26A329243BFD0C0912D37139E8E08C0FB574D94EBAE55CBB77FC6AD7A203C88","备份代码重调度\第2篇代码-动态算法对比\initial_NSGA-II\initial_INSGA_II.m","2","202"
"备份代码重调度\第2篇代码-动态算法对比\initial_NSGA-II\is_B_strongly_dominating_A.m","29012708DB01740C9F16EB512E490861EB3CDAD3DB47D1F3A353F0A2CF67AF10","备份代码重调度\第2篇代码-动态算法对比\CRS_MF_INSGA-II\is_B_strongly_dominating_A.m","34","10"
"备份代码重调度\第2篇代码-动态算法对比\initial_NSGA-II\load_transfer_time_compute.m","C524080FD4D65B5496B7B9F3174D752AEA149598A055E8670C24792AF433638A","备份代码重调度\第2篇代码-动态算法对比\AF_INSGA-II\load_transfer_time_compute.m","61","17"
"备份代码重调度\第2篇代码-动态算法对比\initial_NSGA-II\machine_AGV_gantt_chart.m","66D122323AA288C46842FEE15DF0C13FC5F0B9FA89BA25150D7D7EFD9806DC2B","备份代码重调度\第2篇代码-动态算法对比\initial_NSGA-II\machine_AGV_gantt_chart.m","2","149"
"备份代码重调度\第2篇代码-动态算法对比\initial_NSGA-II\non_domination.m","0724F06FF4F61BFC09683F4212AF78FAF00254D1B60F4289D7E79DDECD49E376","备份代码重调度\第2篇代码-动态算法对比\AF_INSGA-II\non_domination.m","53","117"
"备份代码重调度\第2篇代码-动态算法对比\initial_NSGA-II\replace_chrom.m","CD0995F8E9A0D9D0D0CAB31A588C87926E58DDACF9C43A3CF28641EED7D2C2AA","备份代码重调度\第2篇代码-动态算法对比\AF_INSGA-II\replace_chrom.m","57","28"
"备份代码重调度\第2篇代码-动态算法对比\initial_NSGA-II\sorting.m","C9BEAA91E008082B1D18B2616E0ADC4FEAF9F7DEAB85390BFF0206E1D6248F9D","备份代码重调度\第2篇代码-动态算法对比\initial_NSGA-II\sorting.m","2","171"
"备份代码重调度\第2篇代码-动态算法对比\initial_NSGA-II\Spacing\Spacing.m","4036FAF38E49B4ABBD5BB9966BFCBEB9F285988B762C12AD2717598CF2E5131F","备份代码重调度\第2篇代码-动态算法对比\AF_INSGA-II\Spacing\Spacing.m","59","6"
"备份代码重调度\第2篇代码-动态算法对比\initial_NSGA-II\spare_transfer_time_compute.m","95C82B332EE671F3A8F5BF9EF5CE0A977F6B4BB519C80F79376A04850EAC69EC","备份代码重调度\第2篇代码-动态算法对比\AF_INSGA-II\spare_transfer_time_compute.m","61","30"
"备份代码重调度\第2篇代码-动态算法对比\initial_NSGA-II\table_insert.m","22331F99A901E22DFD0941730D3FB812EED678B26960066142FA788DB992930A","备份代码重调度\第2篇代码-动态算法对比\AF_INSGA-II\table_insert.m","52","54"
"备份代码重调度\第2篇代码-动态算法对比\initial_NSGA-II\tournament_selection.m","7C6821B39C7B108C1529D1415351D71BB375FEB1775F8F98BDDF90D2D19187C8","备份代码重调度\第2篇代码-动态算法对比\AF_INSGA-II\tournament_selection.m","59","36"
"备份代码重调度\第2篇代码-动态算法对比\initial_NSGA-II\variation.m","916190C90D77E02D8B4F42E4F5BAC30A93DE37D09297CC4A878C5E2FE4EAC2C3","备份代码重调度\第2篇代码-动态算法对比\initial_NSGA-II\variation.m","2","105"
"备份代码重调度\第2篇代码-动态算法对比\initial_NSGA-II\VNS.m","3710F54C6036F33B799E5E6A7A594FD99318ADDD1B337DAD8B837A4A8607D69F","备份代码重调度\第2篇代码-动态算法对比\initial_NSGA-II\VNS.m","2","174"
"备份代码重调度\第2篇代码-动态算法对比\initial_NSGA-II\weakly_dominates.m","48ABBDA62705EED81C942FA5BAC84E1B9E8C70B831A0C521030B748E8F5D52BE","备份代码重调度\第2篇代码-动态算法对比\AF_INSGA-II\weakly_dominates.m","55","21"
"备份代码重调度\第2篇代码-动态算法对比\machine_AGV_gantt_chart.m","C09F403B7B9AE68E9D9994BEB8BD9D78CCC0A3C87F6B4EE567D9A6D48FF44C1C","备份代码重调度\第2篇代码-动态算法对比\machine_AGV_gantt_chart.m","2","161"
"备份代码重调度\第2篇代码-动态算法对比\MF_INSGA-II\aim_entropy.m","BF83F4220B215B0EB8DED6C2DB960B2D49AE2206647E52D7DC8CB789A9059C01","备份代码重调度\第2篇代码-动态算法对比\CRS_MF_INSGA-II\aim_entropy.m","24","26"
"备份代码重调度\第2篇代码-动态算法对比\MF_INSGA-II\both_reverse_pop.m","7E6AA14B05D0C47CF62D147AB082575F72A590A935498F7F225964BE989F3264","备份代码重调度\第2篇代码-动态算法对比\CRS_MF_INSGA-II\both_reverse_pop.m","24","165"
"备份代码重调度\第2篇代码-动态算法对比\MF_INSGA-II\colorScheme.m","9A8571DAE5C5FAF51C57FA75F189E0441D6331C37C7D0A98E8C9561628F7643D","备份代码重调度\第2篇代码-动态算法对比\colorScheme.m","10","84"
"备份代码重调度\第2篇代码-动态算法对比\MF_INSGA-II\Copy_OD_INSGA_II.m","FC4E555C7D51E3BBE1BD9225AC239F96E6E81D569FBC8FB0DC5CE6D60B648CBE","备份代码重调度\第2篇代码-动态算法对比\CRS_MF_INSGA-II\Copy_OD_INSGA_II.m","15","379"
"备份代码重调度\第2篇代码-动态算法对比\MF_INSGA-II\decompose_AGVTable.m","96CA7BF36F78F7744876DA01A0D945F860A26E790A16FA6B4E6B18E3CECF5453","备份代码重调度\第2篇代码-动态算法对比\AF_INSGA-II\decompose_AGVTable.m","44","61"
"备份代码重调度\第2篇代码-动态算法对比\MF_INSGA-II\decompose_machineTable.m","9E258FA7B71314C28C3452FC35441F067033A5860A3329594C0516BBC3D59AFB","备份代码重调度\第2篇代码-动态算法对比\AF_INSGA-II\decompose_machineTable.m","61","51"
"备份代码重调度\第2篇代码-动态算法对比\MF_INSGA-II\Entropy.m","DD2988BAD7157773DC8F9480F9BCFDCBC24B1FD4BDF95A947A3AA8FED3D0F2D7","备份代码重调度\第2篇代码-动态算法对比\CRS_MF_INSGA-II\Entropy.m","24","34"
"备份代码重调度\第2篇代码-动态算法对比\MF_INSGA-II\fitness.m","5BF476FF81C7B763D9F66678678EF4DAB662103996445BA134096D375350F345","备份代码重调度\第2篇代码-动态算法对比\CRS_MF_INSGA-II\fitness.m","11","154"
"备份代码重调度\第2篇代码-动态算法对比\MF_INSGA-II\getState.m","AAEF9F0B6B38A793B201B96B8D7E1ED22ABC5900734AF8390F8B2A9F99F796C1","备份代码重调度\第2篇代码-动态算法对比\AF_INSGA-II\getState.m","53","20"
"备份代码重调度\第2篇代码-动态算法对比\MF_INSGA-II\HV\approximate_hypervolume_ms.m","5A2BD23E246CD1B350C14B7041681EBF2D8BAD6C7EEF34F3C040A14F5907F7FC","备份代码重调度\第2篇代码-动态算法对比\AF_INSGA-II\HV\approximate_hypervolume_ms.m","61","48"
"备份代码重调度\第2篇代码-动态算法对比\MF_INSGA-II\HV\compute_reference_point.m","FF450B1D2049531493E17CC130FDED18E7DA4A215B948545454B0AE34F43DB48","备份代码重调度\第2篇代码-动态算法对比\AF_INSGA-II\HV\compute_reference_point.m","61","38"
"备份代码重调度\第2篇代码-动态算法对比\MF_INSGA-II\HV\dominates.m","A5F892428228E1ADAAA89980C59144F660F333E7CEEDA3C24702C2AED5F09E67","备份代码重调度\第2篇代码-动态算法对比\AF_INSGA-II\HV\dominates.m","69","30"
"备份代码重调度\第2篇代码-动态算法对比\MF_INSGA-II\HV\lebesgue_measure.m","7581A8B79307E0F65A2C8361CE04C325BB089ACE90669AB7568531E40D27C1E6","备份代码重调度\第2篇代码-动态算法对比\AF_INSGA-II\HV\lebesgue_measure.m","61","149"
"备份代码重调度\第2篇代码-动态算法对比\MF_INSGA-II\HV\main.m","460254171EB2C76A578E3C589D9AC32DCFB60160C84D0CB932AA82D986003AF5","备份代码重调度\第2篇代码-动态算法对比\AF_INSGA-II\HV\main.m","61","14"
"备份代码重调度\第2篇代码-动态算法对比\MF_INSGA-II\HV\test_lebesgue_measure.m","941F7887F0FB86939F839CDEDD6092EFC4ADF05EAF15B746E57970569E24E62A","备份代码重调度\第2篇代码-动态算法对比\AF_INSGA-II\HV\test_lebesgue_measure.m","61","31"
"备份代码重调度\第2篇代码-动态算法对比\MF_INSGA-II\HV\weakly_dominates.m","98DF0FAD59040134E587C7D3BABB104FB1F75F06F39E07D7995C1C23C363115B","备份代码重调度\第2篇代码-动态算法对比\AF_INSGA-II\HV\weakly_dominates.m","61","28"
"备份代码重调度\第2篇代码-动态算法对比\MF_INSGA-II\improved_elitism.m","4802727D622BDD7181FB4023F1677C78DBCDC37D24E233879000E4B6DB9A817D","备份代码重调度\第2篇代码-动态算法对比\CRS_MF_INSGA-II\improved_elitism.m","32","81"
"备份代码重调度\第2篇代码-动态算法对比\MF_INSGA-II\init.m","5DE05598D3AEE06E4747BDA9B112D5125ACD417298BD53F1D3EA2959A871863D","备份代码重调度\第2篇代码-动态算法对比\MF_INSGA-II\init.m","2","48"
"备份代码重调度\第2篇代码-动态算法对比\MF_INSGA-II\is_B_strongly_dominating_A.m","29012708DB01740C9F16EB512E490861EB3CDAD3DB47D1F3A353F0A2CF67AF10","备份代码重调度\第2篇代码-动态算法对比\CRS_MF_INSGA-II\is_B_strongly_dominating_A.m","34","10"
"备份代码重调度\第2篇代码-动态算法对比\MF_INSGA-II\load_transfer_time_compute.m","C524080FD4D65B5496B7B9F3174D752AEA149598A055E8670C24792AF433638A","备份代码重调度\第2篇代码-动态算法对比\AF_INSGA-II\load_transfer_time_compute.m","61","17"
"备份代码重调度\第2篇代码-动态算法对比\MF_INSGA-II\machine_AGV_gantt_chart.m","F92C19615ACDAF89029FC13D118235580492A1EB4655BAB6AE7CA901D919F2EB","备份代码重调度\第2篇代码-动态算法对比\MF_INSGA-II\machine_AGV_gantt_chart.m","2","222"
"备份代码重调度\第2篇代码-动态算法对比\MF_INSGA-II\MF_INSGA_II - 副本.m","AED85C937F3083334F4C74DB8D96D27A13C4801F20E2C0E346899DE7AC330DB8","备份代码重调度\第2篇代码-动态算法对比\MF_INSGA-II\MF_INSGA_II - 副本.m","4","637"
"备份代码重调度\第2篇代码-动态算法对比\MF_INSGA-II\MF_INSGA_II.m","5879A6216A95B59F42EF2D2FEA8852CEF9A82F1DA99D845334F5A969CD3B099B","备份代码重调度\第2篇代码-动态算法对比\MF_INSGA-II\MF_INSGA_II.m","2","598"
"备份代码重调度\第2篇代码-动态算法对比\MF_INSGA-II\non_domination.m","0724F06FF4F61BFC09683F4212AF78FAF00254D1B60F4289D7E79DDECD49E376","备份代码重调度\第2篇代码-动态算法对比\AF_INSGA-II\non_domination.m","53","117"
"备份代码重调度\第2篇代码-动态算法对比\MF_INSGA-II\object3value.m","48793003255B4DD580ACC229268C0E2E077CF389710ACF160C90E991B4155FBE","备份代码重调度\第2篇代码-动态算法对比\AF_INSGA-II\object3value.m","32","38"
"备份代码重调度\第2篇代码-动态算法对比\MF_INSGA-II\opera_time.m","F677D3926382D7BC6AF084C78808BA769621622E056AE4224FA292B9980FD60E","备份代码重调度\第2篇代码-动态算法对比\AF_INSGA-II\opera_time.m","36","36"
"备份代码重调度\第2篇代码-动态算法对比\MF_INSGA-II\replace_chrom.m","CD0995F8E9A0D9D0D0CAB31A588C87926E58DDACF9C43A3CF28641EED7D2C2AA","备份代码重调度\第2篇代码-动态算法对比\AF_INSGA-II\replace_chrom.m","57","28"
"备份代码重调度\第2篇代码-动态算法对比\MF_INSGA-II\reverse_pop.m","C265430B80D0C4DB4BE5C7FA76A70C0C0787A5DF09726A288293F4661007421B","备份代码重调度\第2篇代码-动态算法对比\CRS_MF_INSGA-II\reverse_pop.m","15","167"
"备份代码重调度\第2篇代码-动态算法对比\MF_INSGA-II\sorting.m","7850D4659494A874DD98F883F190DC49D7BC8179C9FC2B9872B8CB283C0BD7DB","备份代码重调度\第2篇代码-动态算法对比\AF_INSGA-II\sorting.m","23","228"
"备份代码重调度\第2篇代码-动态算法对比\MF_INSGA-II\Spacing\Spacing.m","4036FAF38E49B4ABBD5BB9966BFCBEB9F285988B762C12AD2717598CF2E5131F","备份代码重调度\第2篇代码-动态算法对比\AF_INSGA-II\Spacing\Spacing.m","59","6"
"备份代码重调度\第2篇代码-动态算法对比\MF_INSGA-II\spare_transfer_time_compute.m","95C82B332EE671F3A8F5BF9EF5CE0A977F6B4BB519C80F79376A04850EAC69EC","备份代码重调度\第2篇代码-动态算法对比\AF_INSGA-II\spare_transfer_time_compute.m","61","30"
"备份代码重调度\第2篇代码-动态算法对比\MF_INSGA-II\table_insert.m","22331F99A901E22DFD0941730D3FB812EED678B26960066142FA788DB992930A","备份代码重调度\第2篇代码-动态算法对比\AF_INSGA-II\table_insert.m","52","54"
"备份代码重调度\第2篇代码-动态算法对比\MF_INSGA-II\tournament_selection.m","7C6821B39C7B108C1529D1415351D71BB375FEB1775F8F98BDDF90D2D19187C8","备份代码重调度\第2篇代码-动态算法对比\AF_INSGA-II\tournament_selection.m","59","36"
"备份代码重调度\第2篇代码-动态算法对比\MF_INSGA-II\variation.m","5B07946042630F8AA1C5DE4AAA5F80087385F83004F40530CBC903AAF0A11A17","备份代码重调度\第2篇代码-动态算法对比\AF_INSGA-II\variation.m","19","109"
"备份代码重调度\第2篇代码-动态算法对比\MF_INSGA-II\VNS.m","86095BF9A78FA1C4210F23297317726CDEA7E4D0930F6E665B68639008F03DC5","备份代码重调度\第2篇代码-动态算法对比\CRS_MF_INSGA-II\VNS.m","11","57"
"备份代码重调度\第2篇代码-动态算法对比\MF_INSGA-II\weakly_dominates.m","48ABBDA62705EED81C942FA5BAC84E1B9E8C70B831A0C521030B748E8F5D52BE","备份代码重调度\第2篇代码-动态算法对比\AF_INSGA-II\weakly_dominates.m","55","21"
"备份代码重调度\第2篇代码-动态算法对比\Multi-NSGA-II\decompose_AGVTable.m","E0FABF783EAA9EA3FC803BBAE7AA92C40D9E39F560F7857829899C3667D908EF","备份代码重调度\第2篇代码-动态算法对比\initial_NSGA-II\decompose_AGVTable.m","17","65"
"备份代码重调度\第2篇代码-动态算法对比\Multi-NSGA-II\decompose_machineTable.m","9E258FA7B71314C28C3452FC35441F067033A5860A3329594C0516BBC3D59AFB","备份代码重调度\第2篇代码-动态算法对比\AF_INSGA-II\decompose_machineTable.m","61","51"
"备份代码重调度\第2篇代码-动态算法对比\Multi-NSGA-II\fitness.m","CB45A2A20DB4AB0220BED11373EE06965259A3D378911AD46C1FAEC63FD44E8A","备份代码重调度\第2篇代码-动态算法对比\initial_NSGA-II\fitness.m","17","82"
"备份代码重调度\第2篇代码-动态算法对比\Multi-NSGA-II\getState.m","AAEF9F0B6B38A793B201B96B8D7E1ED22ABC5900734AF8390F8B2A9F99F796C1","备份代码重调度\第2篇代码-动态算法对比\AF_INSGA-II\getState.m","53","20"
"备份代码重调度\第2篇代码-动态算法对比\Multi-NSGA-II\HV\approximate_hypervolume_ms.m","5A2BD23E246CD1B350C14B7041681EBF2D8BAD6C7EEF34F3C040A14F5907F7FC","备份代码重调度\第2篇代码-动态算法对比\AF_INSGA-II\HV\approximate_hypervolume_ms.m","61","48"
"备份代码重调度\第2篇代码-动态算法对比\Multi-NSGA-II\HV\compute_reference_point.m","FF450B1D2049531493E17CC130FDED18E7DA4A215B948545454B0AE34F43DB48","备份代码重调度\第2篇代码-动态算法对比\AF_INSGA-II\HV\compute_reference_point.m","61","38"
"备份代码重调度\第2篇代码-动态算法对比\Multi-NSGA-II\HV\dominates.m","A5F892428228E1ADAAA89980C59144F660F333E7CEEDA3C24702C2AED5F09E67","备份代码重调度\第2篇代码-动态算法对比\AF_INSGA-II\HV\dominates.m","69","30"
"备份代码重调度\第2篇代码-动态算法对比\Multi-NSGA-II\HV\lebesgue_measure.m","7581A8B79307E0F65A2C8361CE04C325BB089ACE90669AB7568531E40D27C1E6","备份代码重调度\第2篇代码-动态算法对比\AF_INSGA-II\HV\lebesgue_measure.m","61","149"
"备份代码重调度\第2篇代码-动态算法对比\Multi-NSGA-II\HV\main.m","460254171EB2C76A578E3C589D9AC32DCFB60160C84D0CB932AA82D986003AF5","备份代码重调度\第2篇代码-动态算法对比\AF_INSGA-II\HV\main.m","61","14"
"备份代码重调度\第2篇代码-动态算法对比\Multi-NSGA-II\HV\test_lebesgue_measure.m","941F7887F0FB86939F839CDEDD6092EFC4ADF05EAF15B746E57970569E24E62A","备份代码重调度\第2篇代码-动态算法对比\AF_INSGA-II\HV\test_lebesgue_measure.m","61","31"
"备份代码重调度\第2篇代码-动态算法对比\Multi-NSGA-II\HV\weakly_dominates.m","98DF0FAD59040134E587C7D3BABB104FB1F75F06F39E07D7995C1C23C363115B","备份代码重调度\第2篇代码-动态算法对比\AF_INSGA-II\HV\weakly_dominates.m","61","28"
"备份代码重调度\第2篇代码-动态算法对比\Multi-NSGA-II\improved_elitism.m","4802727D622BDD7181FB4023F1677C78DBCDC37D24E233879000E4B6DB9A817D","备份代码重调度\第2篇代码-动态算法对比\CRS_MF_INSGA-II\improved_elitism.m","32","81"
"备份代码重调度\第2篇代码-动态算法对比\Multi-NSGA-II\init.m","120363D1F524018B7B9C61EEF0909494AFC5DA6AD9C978F992A3C4026A9352CC","备份代码重调度\第2篇代码-动态算法对比\Multi-NSGA-II\init.m","5","459"
"备份代码重调度\第2篇代码-动态算法对比\Multi-NSGA-II\initial_INSGA_II.m","FC4EF1C3756135D3E0436A669C46C1FFA1A5EDB4E6E71B6788BFE98E4F298AE7","备份代码重调度\第2篇代码-动态算法对比\Multi-NSGA-II\initial_INSGA_II.m","4","81"
"备份代码重调度\第2篇代码-动态算法对比\Multi-NSGA-II\is_B_strongly_dominating_A.m","29012708DB01740C9F16EB512E490861EB3CDAD3DB47D1F3A353F0A2CF67AF10","备份代码重调度\第2篇代码-动态算法对比\CRS_MF_INSGA-II\is_B_strongly_dominating_A.m","34","10"
"备份代码重调度\第2篇代码-动态算法对比\Multi-NSGA-II\load_transfer_time_compute.m","C524080FD4D65B5496B7B9F3174D752AEA149598A055E8670C24792AF433638A","备份代码重调度\第2篇代码-动态算法对比\AF_INSGA-II\load_transfer_time_compute.m","61","17"
"备份代码重调度\第2篇代码-动态算法对比\Multi-NSGA-II\non_domination.m","0724F06FF4F61BFC09683F4212AF78FAF00254D1B60F4289D7E79DDECD49E376","备份代码重调度\第2篇代码-动态算法对比\AF_INSGA-II\non_domination.m","53","117"
"备份代码重调度\第2篇代码-动态算法对比\Multi-NSGA-II\replace_chrom.m","CD0995F8E9A0D9D0D0CAB31A588C87926E58DDACF9C43A3CF28641EED7D2C2AA","备份代码重调度\第2篇代码-动态算法对比\AF_INSGA-II\replace_chrom.m","57","28"
"备份代码重调度\第2篇代码-动态算法对比\Multi-NSGA-II\sorting.m","F79DC4C8E82716997587DCAB10AC62D5B60FEB8768C42AAE0301BBCDD5691504","备份代码重调度\第2篇代码-动态算法对比\Multi-NSGA-II\sorting.m","15","225"
"备份代码重调度\第2篇代码-动态算法对比\Multi-NSGA-II\Spacing\Spacing.m","4036FAF38E49B4ABBD5BB9966BFCBEB9F285988B762C12AD2717598CF2E5131F","备份代码重调度\第2篇代码-动态算法对比\AF_INSGA-II\Spacing\Spacing.m","59","6"
"备份代码重调度\第2篇代码-动态算法对比\Multi-NSGA-II\spare_transfer_time_compute.m","95C82B332EE671F3A8F5BF9EF5CE0A977F6B4BB519C80F79376A04850EAC69EC","备份代码重调度\第2篇代码-动态算法对比\AF_INSGA-II\spare_transfer_time_compute.m","61","30"
"备份代码重调度\第2篇代码-动态算法对比\Multi-NSGA-II\table_insert.m","22331F99A901E22DFD0941730D3FB812EED678B26960066142FA788DB992930A","备份代码重调度\第2篇代码-动态算法对比\AF_INSGA-II\table_insert.m","52","54"
"备份代码重调度\第2篇代码-动态算法对比\Multi-NSGA-II\tournament_selection.m","7C6821B39C7B108C1529D1415351D71BB375FEB1775F8F98BDDF90D2D19187C8","备份代码重调度\第2篇代码-动态算法对比\AF_INSGA-II\tournament_selection.m","59","36"
"备份代码重调度\第2篇代码-动态算法对比\Multi-NSGA-II\variation.m","EB6280CB4CBD07B7D5FC90D136BB55F75BA42164DAF51335EC6A22ED7ACFE286","备份代码重调度\第2篇代码-动态算法对比\Multi-NSGA-II\variation.m","21","105"
"备份代码重调度\第2篇代码-动态算法对比\Multi-NSGA-II\VNS.m","926B8F81E89FFC35A9D038CC845C6D0AC8CC135E191325344F8A31C80731191B","备份代码重调度\第2篇代码-动态算法对比\Multi-NSGA-II\VNS.m","11","174"
"备份代码重调度\第2篇代码-动态算法对比\Multi-NSGA-II\weakly_dominates.m","48ABBDA62705EED81C942FA5BAC84E1B9E8C70B831A0C521030B748E8F5D52BE","备份代码重调度\第2篇代码-动态算法对比\AF_INSGA-II\weakly_dominates.m","55","21"
"备份代码重调度\第2篇代码-动态算法对比\non_domination_only.m","BF2CE40C1C7D101C33AB14351BC5EDE25A4299F3C7AD6F9D0FC81559AE9B6668","备份代码重调度\第2篇代码-动态算法对比\non_domination_only.m","10","67"
"备份代码重调度\第2篇代码-动态算法对比\OD_INSGA-II\aim_entropy.m","BF83F4220B215B0EB8DED6C2DB960B2D49AE2206647E52D7DC8CB789A9059C01","备份代码重调度\第2篇代码-动态算法对比\CRS_MF_INSGA-II\aim_entropy.m","24","26"
"备份代码重调度\第2篇代码-动态算法对比\OD_INSGA-II\both_reverse_pop.m","7E6AA14B05D0C47CF62D147AB082575F72A590A935498F7F225964BE989F3264","备份代码重调度\第2篇代码-动态算法对比\CRS_MF_INSGA-II\both_reverse_pop.m","24","165"
"备份代码重调度\第2篇代码-动态算法对比\OD_INSGA-II\colorScheme.m","C1BCE19A043DB71A4C5F980FB8A637247562CB72F7512A872219A326218C62E8","备份代码重调度\第2篇代码-动态算法对比\AF_INSGA-II\colorScheme.m","34","54"
"备份代码重调度\第2篇代码-动态算法对比\OD_INSGA-II\decompose_AGVTable.m","96CA7BF36F78F7744876DA01A0D945F860A26E790A16FA6B4E6B18E3CECF5453","备份代码重调度\第2篇代码-动态算法对比\AF_INSGA-II\decompose_AGVTable.m","44","61"
"备份代码重调度\第2篇代码-动态算法对比\OD_INSGA-II\decompose_machineTable.m","9E258FA7B71314C28C3452FC35441F067033A5860A3329594C0516BBC3D59AFB","备份代码重调度\第2篇代码-动态算法对比\AF_INSGA-II\decompose_machineTable.m","61","51"
"备份代码重调度\第2篇代码-动态算法对比\OD_INSGA-II\Entropy.m","DD2988BAD7157773DC8F9480F9BCFDCBC24B1FD4BDF95A947A3AA8FED3D0F2D7","备份代码重调度\第2篇代码-动态算法对比\CRS_MF_INSGA-II\Entropy.m","24","34"
"备份代码重调度\第2篇代码-动态算法对比\OD_INSGA-II\fitness.m","BB5ECC3ECE56C60997260ACF0687146E264FBBC93374A5135726C99B0D9AA613","备份代码重调度\第2篇代码-动态算法对比\OD_INSGA-II\fitness.m","5","164"
"备份代码重调度\第2篇代码-动态算法对比\OD_INSGA-II\getState.m","AAEF9F0B6B38A793B201B96B8D7E1ED22ABC5900734AF8390F8B2A9F99F796C1","备份代码重调度\第2篇代码-动态算法对比\AF_INSGA-II\getState.m","53","20"
"备份代码重调度\第2篇代码-动态算法对比\OD_INSGA-II\HV\approximate_hypervolume_ms.m","5A2BD23E246CD1B350C14B7041681EBF2D8BAD6C7EEF34F3C040A14F5907F7FC","备份代码重调度\第2篇代码-动态算法对比\AF_INSGA-II\HV\approximate_hypervolume_ms.m","61","48"
"备份代码重调度\第2篇代码-动态算法对比\OD_INSGA-II\HV\compute_reference_point.m","FF450B1D2049531493E17CC130FDED18E7DA4A215B948545454B0AE34F43DB48","备份代码重调度\第2篇代码-动态算法对比\AF_INSGA-II\HV\compute_reference_point.m","61","38"
"备份代码重调度\第2篇代码-动态算法对比\OD_INSGA-II\HV\dominates.m","A5F892428228E1ADAAA89980C59144F660F333E7CEEDA3C24702C2AED5F09E67","备份代码重调度\第2篇代码-动态算法对比\AF_INSGA-II\HV\dominates.m","69","30"
"备份代码重调度\第2篇代码-动态算法对比\OD_INSGA-II\HV\lebesgue_measure.m","7581A8B79307E0F65A2C8361CE04C325BB089ACE90669AB7568531E40D27C1E6","备份代码重调度\第2篇代码-动态算法对比\AF_INSGA-II\HV\lebesgue_measure.m","61","149"
"备份代码重调度\第2篇代码-动态算法对比\OD_INSGA-II\HV\main.m","460254171EB2C76A578E3C589D9AC32DCFB60160C84D0CB932AA82D986003AF5","备份代码重调度\第2篇代码-动态算法对比\AF_INSGA-II\HV\main.m","61","14"
"备份代码重调度\第2篇代码-动态算法对比\OD_INSGA-II\HV\test_lebesgue_measure.m","941F7887F0FB86939F839CDEDD6092EFC4ADF05EAF15B746E57970569E24E62A","备份代码重调度\第2篇代码-动态算法对比\AF_INSGA-II\HV\test_lebesgue_measure.m","61","31"
"备份代码重调度\第2篇代码-动态算法对比\OD_INSGA-II\HV\weakly_dominates.m","98DF0FAD59040134E587C7D3BABB104FB1F75F06F39E07D7995C1C23C363115B","备份代码重调度\第2篇代码-动态算法对比\AF_INSGA-II\HV\weakly_dominates.m","61","28"
"备份代码重调度\第2篇代码-动态算法对比\OD_INSGA-II\init.m","2E0EEDC0AD036B99B3A2EC0C5DB273E53706A8B04E88AF94097AFEDF207EA811","备份代码重调度\第2篇代码-动态算法对比\OD_INSGA-II\init.m","5","27"
"备份代码重调度\第2篇代码-动态算法对比\OD_INSGA-II\INSGA_II.m","07264DB24717BA35F4E5AA37B8F4FCBFE6573E45B3104C4ED46E4F32CEC0B8F6","备份代码重调度\第2篇代码-动态算法对比\CRS_OD_INSGA-II\INSGA_II.m","9","380"
"备份代码重调度\第2篇代码-动态算法对比\OD_INSGA-II\load_transfer_time_compute.m","C524080FD4D65B5496B7B9F3174D752AEA149598A055E8670C24792AF433638A","备份代码重调度\第2篇代码-动态算法对比\AF_INSGA-II\load_transfer_time_compute.m","61","17"
"备份代码重调度\第2篇代码-动态算法对比\OD_INSGA-II\machine_AGV_gantt_chart.m","D5BE2AA927B5860456A3705D429992CB18A7D228CBC1A1A6A20BE40D6EDE9F7D","备份代码重调度\第2篇代码-动态算法对比\OD_INSGA-II\machine_AGV_gantt_chart.m","5","135"
"备份代码重调度\第2篇代码-动态算法对比\OD_INSGA-II\non_domination.m","0724F06FF4F61BFC09683F4212AF78FAF00254D1B60F4289D7E79DDECD49E376","备份代码重调度\第2篇代码-动态算法对比\AF_INSGA-II\non_domination.m","53","117"
"备份代码重调度\第2篇代码-动态算法对比\OD_INSGA-II\object3value.m","48793003255B4DD580ACC229268C0E2E077CF389710ACF160C90E991B4155FBE","备份代码重调度\第2篇代码-动态算法对比\AF_INSGA-II\object3value.m","32","38"
"备份代码重调度\第2篇代码-动态算法对比\OD_INSGA-II\OD_INSGA_II.m","16D9083C6542AEBF2054F48A85E3A1DDCAA57F828884B59032DDF49AEAB0CF9D","备份代码重调度\第2篇代码-动态算法对比\OD_INSGA-II\OD_INSGA_II.m","2","648"
"备份代码重调度\第2篇代码-动态算法对比\OD_INSGA-II\opera_time.m","F677D3926382D7BC6AF084C78808BA769621622E056AE4224FA292B9980FD60E","备份代码重调度\第2篇代码-动态算法对比\AF_INSGA-II\opera_time.m","36","36"
"备份代码重调度\第2篇代码-动态算法对比\OD_INSGA-II\replace_chrom.m","CD0995F8E9A0D9D0D0CAB31A588C87926E58DDACF9C43A3CF28641EED7D2C2AA","备份代码重调度\第2篇代码-动态算法对比\AF_INSGA-II\replace_chrom.m","57","28"
"备份代码重调度\第2篇代码-动态算法对比\OD_INSGA-II\sorting.m","26E01A8961584E4139B9FF0E862FDC28B102DBA58575194A6E7EB7E28ECD2B2D","备份代码重调度\第2篇代码-动态算法对比\CRS_OD_INSGA-II\sorting.m","9","234"
"备份代码重调度\第2篇代码-动态算法对比\OD_INSGA-II\Spacing\Spacing.m","4036FAF38E49B4ABBD5BB9966BFCBEB9F285988B762C12AD2717598CF2E5131F","备份代码重调度\第2篇代码-动态算法对比\AF_INSGA-II\Spacing\Spacing.m","59","6"
"备份代码重调度\第2篇代码-动态算法对比\OD_INSGA-II\spare_transfer_time_compute.m","95C82B332EE671F3A8F5BF9EF5CE0A977F6B4BB519C80F79376A04850EAC69EC","备份代码重调度\第2篇代码-动态算法对比\AF_INSGA-II\spare_transfer_time_compute.m","61","30"
"备份代码重调度\第2篇代码-动态算法对比\OD_INSGA-II\table_insert.m","F335A1ADF0EAB7DC892CE1680755ADC8AD130F23296F83905ADC2E1C6CD81A92","备份代码重调度\第2篇代码-动态算法对比\CRS_OD_INSGA-II\table_insert.m","9","54"
"备份代码重调度\第2篇代码-动态算法对比\OD_INSGA-II\tournament_selection.m","7C6821B39C7B108C1529D1415351D71BB375FEB1775F8F98BDDF90D2D19187C8","备份代码重调度\第2篇代码-动态算法对比\AF_INSGA-II\tournament_selection.m","59","36"
"备份代码重调度\第2篇代码-动态算法对比\OD_INSGA-II\variation.m","874B6C9A3FE6A82BFD2C430440396979EFC7A9E9D5C8AA590091BE4B66E8ADD1","备份代码重调度\第2篇代码-动态算法对比\OD_INSGA-II\variation.m","6","115"
"备份代码重调度\第2篇代码-动态算法对比\OD_INSGA-II\VNS.m","D7FE8D55043DA47962CB8D6863769C31BE023DAC171B55818321633978AAA3D5","备份代码重调度\第2篇代码-动态算法对比\OD_INSGA-II\VNS.m","4","52"
"备份代码重调度\第2篇代码-动态算法对比\OD_INSGA-II\weakly_dominates.m","48ABBDA62705EED81C942FA5BAC84E1B9E8C70B831A0C521030B748E8F5D52BE","备份代码重调度\第2篇代码-动态算法对比\AF_INSGA-II\weakly_dominates.m","55","21"
"备份代码重调度\第2篇代码-动态算法对比\OI_INSGA-II\fitness.m","BEE27D059EE2C9FAC7AD406707460373644B2694802CF46917C62819796B785F","备份代码重调度\第2篇代码-动态算法对比\OI_INSGA-II\fitness.m","2","182"
"备份代码重调度\第2篇代码-动态算法对比\OI_INSGA-II\OI_INSGA_II.m","F61BB6ADC1B947560EA5965CA121546848A9759979D0EA4311A151ECB9083A5E","备份代码重调度\第2篇代码-动态算法对比\OI_INSGA-II\OI_INSGA_II.m","2","553"
"备份代码重调度\第2篇代码-动态算法对比\same_main.m","B8CD23A1ECCFEB7E16C7CA3F7862E0BC9D571D2719330D51F3B4C0DD4FFB0957","备份代码重调度\第2篇代码-动态算法对比\same_main.m","5","494"
"备份代码重调度\第2篇代码-动态算法对比\Spacing\Spacing.m","4036FAF38E49B4ABBD5BB9966BFCBEB9F285988B762C12AD2717598CF2E5131F","备份代码重调度\第2篇代码-动态算法对比\AF_INSGA-II\Spacing\Spacing.m","59","6"
"备份代码重调度\第2篇代码-动态算法对比\splitScheduleByOccurTime.m","F04F7B810F34ACF295BB3B6CE6535F649DE173E65B3B0CE2D9B2218C1D62A16C","备份代码重调度\第2篇代码-动态算法对比\splitScheduleByOccurTime.m","2","185"
"第2篇代码 - 参数设置\benchmarkRead.m","3A0DEB68B4BBBD58E28C009D5FC99EF399B5B55BC98508F9375AE64175B409F5","第2篇代码 - 参数设置\benchmarkRead.m","4","62"
"第2篇代码 - 参数设置\C-metric\c_compute_A_B.m","3F3E54BCC95EE38D8F3F0049995AD290C19A18B90CA69A6113CAD7B4A62DFED5","备份代码重调度\第2篇代码-动态算法对比\C-metric\c_compute_A_B.m","8","14"
"第2篇代码 - 参数设置\C-metric\dominates.m","A5F892428228E1ADAAA89980C59144F660F333E7CEEDA3C24702C2AED5F09E67","备份代码重调度\第2篇代码-动态算法对比\AF_INSGA-II\HV\dominates.m","69","30"
"第2篇代码 - 参数设置\C-metric\main.m","D15D8B54B06A74FEB2D37F1C14A12A760A6F39E294EF21DA99CC31D18433BC43","备份代码重调度\第2篇代码-动态算法对比\C-metric\main.m","8","29"
"第2篇代码 - 参数设置\colorScheme.m","C1BCE19A043DB71A4C5F980FB8A637247562CB72F7512A872219A326218C62E8","备份代码重调度\第2篇代码-动态算法对比\AF_INSGA-II\colorScheme.m","34","54"
"第2篇代码 - 参数设置\dif_main.m","5CFF72E8758E887ED0EBAA1A5625CD1DF155E671F110D3A381FA6FFCA23E277C","第","1","142"
"第2篇代码 - 参数设置\distance_from_xy.m","C8691ED2E4C625F8377D733A67B70264E67766F390220CE517F976A2A6856722","备份代码重调度\第2篇代码-动态算法对比\distance_from_xy.m","8","35"
"第2篇代码 - 参数设置\energy_plot.m","26EFE49108DE14F48128B41525A42BF673287B0F44FE94C4F574240503FBC9E1","备份代码重调度\第2篇代码-动态算法对比\energy_plot.m","8","19"
"第2篇代码 - 参数设置\HV\approximate_hypervolume_ms.m","5A2BD23E246CD1B350C14B7041681EBF2D8BAD6C7EEF34F3C040A14F5907F7FC","备份代码重调度\第2篇代码-动态算法对比\AF_INSGA-II\HV\approximate_hypervolume_ms.m","61","48"
"第2篇代码 - 参数设置\HV\compute_reference_point.m","FF450B1D2049531493E17CC130FDED18E7DA4A215B948545454B0AE34F43DB48","备份代码重调度\第2篇代码-动态算法对比\AF_INSGA-II\HV\compute_reference_point.m","61","38"
"第2篇代码 - 参数设置\HV\dominates.m","A5F892428228E1ADAAA89980C59144F660F333E7CEEDA3C24702C2AED5F09E67","备份代码重调度\第2篇代码-动态算法对比\AF_INSGA-II\HV\dominates.m","69","30"
"第2篇代码 - 参数设置\HV\lebesgue_measure.m","7581A8B79307E0F65A2C8361CE04C325BB089ACE90669AB7568531E40D27C1E6","备份代码重调度\第2篇代码-动态算法对比\AF_INSGA-II\HV\lebesgue_measure.m","61","149"
"第2篇代码 - 参数设置\HV\main.m","460254171EB2C76A578E3C589D9AC32DCFB60160C84D0CB932AA82D986003AF5","备份代码重调度\第2篇代码-动态算法对比\AF_INSGA-II\HV\main.m","61","14"
"第2篇代码 - 参数设置\HV\test_lebesgue_measure.m","941F7887F0FB86939F839CDEDD6092EFC4ADF05EAF15B746E57970569E24E62A","备份代码重调度\第2篇代码-动态算法对比\AF_INSGA-II\HV\test_lebesgue_measure.m","61","31"
"第2篇代码 - 参数设置\HV\weakly_dominates.m","98DF0FAD59040134E587C7D3BABB104FB1F75F06F39E07D7995C1C23C363115B","备份代码重调度\第2篇代码-动态算法对比\AF_INSGA-II\HV\weakly_dominates.m","61","28"
"第2篇代码 - 参数设置\IGD\IGD_compution.m","5CB0BFC528C5C6978C37AB6FAF12EEC58B23A6C9D948662658D046182820265A","备份代码重调度\第2篇代码-动态算法对比\IGD\IGD_compution.m","8","14"
"第2篇代码 - 参数设置\init.m","EA0EAAF2F1E6A7FA3F6C640FB867519F44BBF7FE98D522A9DAC7BD0EB7C33139","第2篇代码 - 参数设置\init.m","4","92"
"第2篇代码 - 参数设置\initial_NSGA-II\decompose_AGVTable.m","E0FABF783EAA9EA3FC803BBAE7AA92C40D9E39F560F7857829899C3667D908EF","备份代码重调度\第2篇代码-动态算法对比\initial_NSGA-II\decompose_AGVTable.m","17","65"
"第2篇代码 - 参数设置\initial_NSGA-II\decompose_machineTable.m","9E258FA7B71314C28C3452FC35441F067033A5860A3329594C0516BBC3D59AFB","备份代码重调度\第2篇代码-动态算法对比\AF_INSGA-II\decompose_machineTable.m","61","51"
"第2篇代码 - 参数设置\initial_NSGA-II\fitness.m","CB45A2A20DB4AB0220BED11373EE06965259A3D378911AD46C1FAEC63FD44E8A","备份代码重调度\第2篇代码-动态算法对比\initial_NSGA-II\fitness.m","17","82"
"第2篇代码 - 参数设置\initial_NSGA-II\getState.m","AAEF9F0B6B38A793B201B96B8D7E1ED22ABC5900734AF8390F8B2A9F99F796C1","备份代码重调度\第2篇代码-动态算法对比\AF_INSGA-II\getState.m","53","20"
"第2篇代码 - 参数设置\initial_NSGA-II\HV\approximate_hypervolume_ms.m","5A2BD23E246CD1B350C14B7041681EBF2D8BAD6C7EEF34F3C040A14F5907F7FC","备份代码重调度\第2篇代码-动态算法对比\AF_INSGA-II\HV\approximate_hypervolume_ms.m","61","48"
"第2篇代码 - 参数设置\initial_NSGA-II\HV\compute_reference_point.m","FF450B1D2049531493E17CC130FDED18E7DA4A215B948545454B0AE34F43DB48","备份代码重调度\第2篇代码-动态算法对比\AF_INSGA-II\HV\compute_reference_point.m","61","38"
"第2篇代码 - 参数设置\initial_NSGA-II\HV\dominates.m","A5F892428228E1ADAAA89980C59144F660F333E7CEEDA3C24702C2AED5F09E67","备份代码重调度\第2篇代码-动态算法对比\AF_INSGA-II\HV\dominates.m","69","30"
"第2篇代码 - 参数设置\initial_NSGA-II\HV\lebesgue_measure.m","7581A8B79307E0F65A2C8361CE04C325BB089ACE90669AB7568531E40D27C1E6","备份代码重调度\第2篇代码-动态算法对比\AF_INSGA-II\HV\lebesgue_measure.m","61","149"
"第2篇代码 - 参数设置\initial_NSGA-II\HV\main.m","460254171EB2C76A578E3C589D9AC32DCFB60160C84D0CB932AA82D986003AF5","备份代码重调度\第2篇代码-动态算法对比\AF_INSGA-II\HV\main.m","61","14"
"第2篇代码 - 参数设置\initial_NSGA-II\HV\test_lebesgue_measure.m","941F7887F0FB86939F839CDEDD6092EFC4ADF05EAF15B746E57970569E24E62A","备份代码重调度\第2篇代码-动态算法对比\AF_INSGA-II\HV\test_lebesgue_measure.m","61","31"
"第2篇代码 - 参数设置\initial_NSGA-II\HV\weakly_dominates.m","98DF0FAD59040134E587C7D3BABB104FB1F75F06F39E07D7995C1C23C363115B","备份代码重调度\第2篇代码-动态算法对比\AF_INSGA-II\HV\weakly_dominates.m","61","28"
"第2篇代码 - 参数设置\initial_NSGA-II\improved_elitism.m","4802727D622BDD7181FB4023F1677C78DBCDC37D24E233879000E4B6DB9A817D","备份代码重调度\第2篇代码-动态算法对比\CRS_MF_INSGA-II\improved_elitism.m","32","81"
"第2篇代码 - 参数设置\initial_NSGA-II\init.m","9303E2DCAEE48D0FBD9AA9E50565A1AB8770D1B7041015E522CCFD6F0B19DDC4","第","1","411"
"第2篇代码 - 参数设置\initial_NSGA-II\initial_INSGA_II.m","10B44F5BD24F265F9BAD2B6B559FDC85E766358B289D346B799184CCA78A8EE9","第2篇代码 - 参数设置\initial_NSGA-II\initial_INSGA_II.m","4","209"
"第2篇代码 - 参数设置\initial_NSGA-II\is_B_strongly_dominating_A.m","29012708DB01740C9F16EB512E490861EB3CDAD3DB47D1F3A353F0A2CF67AF10","备份代码重调度\第2篇代码-动态算法对比\CRS_MF_INSGA-II\is_B_strongly_dominating_A.m","34","10"
"第2篇代码 - 参数设置\initial_NSGA-II\load_transfer_time_compute.m","C524080FD4D65B5496B7B9F3174D752AEA149598A055E8670C24792AF433638A","备份代码重调度\第2篇代码-动态算法对比\AF_INSGA-II\load_transfer_time_compute.m","61","17"
"第2篇代码 - 参数设置\initial_NSGA-II\non_domination.m","0724F06FF4F61BFC09683F4212AF78FAF00254D1B60F4289D7E79DDECD49E376","备份代码重调度\第2篇代码-动态算法对比\AF_INSGA-II\non_domination.m","53","117"
"第2篇代码 - 参数设置\initial_NSGA-II\replace_chrom.m","CD0995F8E9A0D9D0D0CAB31A588C87926E58DDACF9C43A3CF28641EED7D2C2AA","备份代码重调度\第2篇代码-动态算法对比\AF_INSGA-II\replace_chrom.m","57","28"
"第2篇代码 - 参数设置\initial_NSGA-II\sorting.m","F79DC4C8E82716997587DCAB10AC62D5B60FEB8768C42AAE0301BBCDD5691504","备份代码重调度\第2篇代码-动态算法对比\Multi-NSGA-II\sorting.m","15","225"
"第2篇代码 - 参数设置\initial_NSGA-II\Spacing\Spacing.m","4036FAF38E49B4ABBD5BB9966BFCBEB9F285988B762C12AD2717598CF2E5131F","备份代码重调度\第2篇代码-动态算法对比\AF_INSGA-II\Spacing\Spacing.m","59","6"
"第2篇代码 - 参数设置\initial_NSGA-II\spare_transfer_time_compute.m","95C82B332EE671F3A8F5BF9EF5CE0A977F6B4BB519C80F79376A04850EAC69EC","备份代码重调度\第2篇代码-动态算法对比\AF_INSGA-II\spare_transfer_time_compute.m","61","30"
"第2篇代码 - 参数设置\initial_NSGA-II\table_insert.m","22331F99A901E22DFD0941730D3FB812EED678B26960066142FA788DB992930A","备份代码重调度\第2篇代码-动态算法对比\AF_INSGA-II\table_insert.m","52","54"
"第2篇代码 - 参数设置\initial_NSGA-II\tournament_selection.m","7C6821B39C7B108C1529D1415351D71BB375FEB1775F8F98BDDF90D2D19187C8","备份代码重调度\第2篇代码-动态算法对比\AF_INSGA-II\tournament_selection.m","59","36"
"第2篇代码 - 参数设置\initial_NSGA-II\variation.m","EB6280CB4CBD07B7D5FC90D136BB55F75BA42164DAF51335EC6A22ED7ACFE286","备份代码重调度\第2篇代码-动态算法对比\Multi-NSGA-II\variation.m","21","105"
"第2篇代码 - 参数设置\initial_NSGA-II\VNS.m","926B8F81E89FFC35A9D038CC845C6D0AC8CC135E191325344F8A31C80731191B","备份代码重调度\第2篇代码-动态算法对比\Multi-NSGA-II\VNS.m","11","174"
"第2篇代码 - 参数设置\initial_NSGA-II\weakly_dominates.m","48ABBDA62705EED81C942FA5BAC84E1B9E8C70B831A0C521030B748E8F5D52BE","备份代码重调度\第2篇代码-动态算法对比\AF_INSGA-II\weakly_dominates.m","55","21"
"第2篇代码 - 参数设置\machine_AGV_gantt_chart.m","62D20DD380D822A69B1564D23AE378814C2216A1D4428D8AC9A9BC3D0CDF7995","第2篇代码 - 参数设置\machine_AGV_gantt_chart.m","4","166"
"第2篇代码 - 参数设置\MOEAD\compare.m","6241F19A6A2971600992E1B25FD7BA62730FB4832DAF52388CB8A59D99D82171","第2篇代码 - 参数设置\MOEAD\compare.m","2","9"
"第2篇代码 - 参数设置\MOEAD\decompose_AGVTable.m","96CA7BF36F78F7744876DA01A0D945F860A26E790A16FA6B4E6B18E3CECF5453","备份代码重调度\第2篇代码-动态算法对比\AF_INSGA-II\decompose_AGVTable.m","44","61"
"第2篇代码 - 参数设置\MOEAD\decompose_machineTable.m","9E258FA7B71314C28C3452FC35441F067033A5860A3329594C0516BBC3D59AFB","备份代码重调度\第2篇代码-动态算法对比\AF_INSGA-II\decompose_machineTable.m","61","51"
"第2篇代码 - 参数设置\MOEAD\fitness.m","507229CE6D4C8E3202E3703FF20760C5EDD18F4CFA34B0AE132C10840571AC86","第2篇代码 - 参数设置\MOEAD\fitness.m","2","82"
"第2篇代码 - 参数设置\MOEAD\generateLamda.m","54158854E7354C1F4C5454C7C5CE81D202A98F7192DEFE6F3991EB7B9B4D2100","第2篇代码 - 参数设置\MOEAD\generateLamda.m","2","36"
"第2篇代码 - 参数设置\MOEAD\get_neighbor.m","F7B6139E8232CA896BA8CC4E233ECF6DE0E02ABEFA0DB865B8C9240337DB0F8A","第2篇代码 - 参数设置\MOEAD\get_neighbor.m","2","15"
"第2篇代码 - 参数设置\MOEAD\init.m","A9C04CAAF0301F7185347E48CD72E606A5EBACE665BD4B0A12440DB6B932C908","第2篇代码 - 参数设置\MOEAD\init.m","8","27"
"第2篇代码 - 参数设置\MOEAD\load_transfer_time_compute.m","C524080FD4D65B5496B7B9F3174D752AEA149598A055E8670C24792AF433638A","备份代码重调度\第2篇代码-动态算法对比\AF_INSGA-II\load_transfer_time_compute.m","61","17"
"第2篇代码 - 参数设置\MOEAD\MOEAD.m","7C6F839B84CDF90B41EDDE995AA100CD79FB0ABFE2FEE04927A6AABD79CE4112","第2篇代码 - 参数设置\MOEAD\MOEAD.m","2","98"
"第2篇代码 - 参数设置\MOEAD\non_domination_only.m","BF2CE40C1C7D101C33AB14351BC5EDE25A4299F3C7AD6F9D0FC81559AE9B6668","备份代码重调度\第2篇代码-动态算法对比\non_domination_only.m","10","67"
"第2篇代码 - 参数设置\MOEAD\sorting.m","8433ED0CF2595607C806887562509A3C52CC1F14F49093399E127311D0EC3CB3","第2篇代码 - 参数设置\MOEAD\sorting.m","6","221"
"第2篇代码 - 参数设置\MOEAD\spare_transfer_time_compute.m","95C82B332EE671F3A8F5BF9EF5CE0A977F6B4BB519C80F79376A04850EAC69EC","备份代码重调度\第2篇代码-动态算法对比\AF_INSGA-II\spare_transfer_time_compute.m","61","30"
"第2篇代码 - 参数设置\MOEAD\table_insert.m","22331F99A901E22DFD0941730D3FB812EED678B26960066142FA788DB992930A","备份代码重调度\第2篇代码-动态算法对比\AF_INSGA-II\table_insert.m","52","54"
"第2篇代码 - 参数设置\MOEAD\tournament_selection.m","7C6821B39C7B108C1529D1415351D71BB375FEB1775F8F98BDDF90D2D19187C8","备份代码重调度\第2篇代码-动态算法对比\AF_INSGA-II\tournament_selection.m","59","36"
"第2篇代码 - 参数设置\MOEAD\update_neighbor.m","AF37FE257866578677EFABD8ADF6BDD65FA6F9917210271A30C0BF8550F578BF","第2篇代码 - 参数设置\MOEAD\update_neighbor.m","2","9"
"第2篇代码 - 参数设置\MOEAD\variation.m","91A2B98C1269FF6299B29F8C4CD348601E2A651AC080CF92BBB7AE7F3BE515BA","第2篇代码 - 参数设置\MOEAD\variation.m","2","93"
"第2篇代码 - 参数设置\MOPSO\decompose_AGVTable.m","96CA7BF36F78F7744876DA01A0D945F860A26E790A16FA6B4E6B18E3CECF5453","备份代码重调度\第2篇代码-动态算法对比\AF_INSGA-II\decompose_AGVTable.m","44","61"
"第2篇代码 - 参数设置\MOPSO\decompose_machineTable.m","9E258FA7B71314C28C3452FC35441F067033A5860A3329594C0516BBC3D59AFB","备份代码重调度\第2篇代码-动态算法对比\AF_INSGA-II\decompose_machineTable.m","61","51"
"第2篇代码 - 参数设置\MOPSO\fitness.m","2C6F9137B12E88C3C995F2BF75FB7F1701C2B89E323FFCCD2AB1B468EB287C0C","第2篇代码 - 参数设置\MOPSO\fitness.m","2","103"
"第2篇代码 - 参数设置\MOPSO\is_B_strongly_dominating_A.m","29012708DB01740C9F16EB512E490861EB3CDAD3DB47D1F3A353F0A2CF67AF10","备份代码重调度\第2篇代码-动态算法对比\CRS_MF_INSGA-II\is_B_strongly_dominating_A.m","34","10"
"第2篇代码 - 参数设置\MOPSO\load_transfer_time_compute.m","C524080FD4D65B5496B7B9F3174D752AEA149598A055E8670C24792AF433638A","备份代码重调度\第2篇代码-动态算法对比\AF_INSGA-II\load_transfer_time_compute.m","61","17"
"第2篇代码 - 参数设置\MOPSO\MOPSO.m","B5D85A2C3BD0F119DA052A9818A49E610879FB8C344190C2AD1CA89ADFDCC66B","第2篇代码 - 参数设置\MOPSO\MOPSO.m","2","316"
"第2篇代码 - 参数设置\MOPSO\non_domination.m","C7340E24F0A8887EF200FF09F6E6F975467EB733EFCD46C522187AC8672DFAB7","第2篇代码 - 参数设置\MOPSO\non_domination.m","2","117"
"第2篇代码 - 参数设置\MOPSO\sorting.m","9A58CABD47D74089529F06C8D03BA3B113C481A9CF5F22E42CB90932B4B9A116","第2篇代码 - 参数设置\MOPSO\sorting.m","2","256"
"第2篇代码 - 参数设置\MOPSO\spare_transfer_time_compute.m","95C82B332EE671F3A8F5BF9EF5CE0A977F6B4BB519C80F79376A04850EAC69EC","备份代码重调度\第2篇代码-动态算法对比\AF_INSGA-II\spare_transfer_time_compute.m","61","30"
"第2篇代码 - 参数设置\MOPSO\table_insert.m","22331F99A901E22DFD0941730D3FB812EED678B26960066142FA788DB992930A","备份代码重调度\第2篇代码-动态算法对比\AF_INSGA-II\table_insert.m","52","54"
"第2篇代码 - 参数设置\MOPSO\VNS.m","C4A622A3641072650127904B171243C7315E36325193EA4A573CEE720ED9608D","第2篇代码 - 参数设置\MOPSO\VNS.m","2","67"
"第2篇代码 - 参数设置\MOPSO\weakly_dominates.m","48ABBDA62705EED81C942FA5BAC84E1B9E8C70B831A0C521030B748E8F5D52BE","备份代码重调度\第2篇代码-动态算法对比\AF_INSGA-II\weakly_dominates.m","55","21"
"第2篇代码 - 参数设置\non_domination_only.m","BF2CE40C1C7D101C33AB14351BC5EDE25A4299F3C7AD6F9D0FC81559AE9B6668","备份代码重调度\第2篇代码-动态算法对比\non_domination_only.m","10","67"
"第2篇代码 - 参数设置\NSGA-II\decompose_AGVTable.m","96CA7BF36F78F7744876DA01A0D945F860A26E790A16FA6B4E6B18E3CECF5453","备份代码重调度\第2篇代码-动态算法对比\AF_INSGA-II\decompose_AGVTable.m","44","61"
"第2篇代码 - 参数设置\NSGA-II\decompose_machineTable.m","9E258FA7B71314C28C3452FC35441F067033A5860A3329594C0516BBC3D59AFB","备份代码重调度\第2篇代码-动态算法对比\AF_INSGA-II\decompose_machineTable.m","61","51"
"第2篇代码 - 参数设置\NSGA-II\fitness.m","B76646D668B06EC0F1740C14F1A47D965C6608198C68A059324F8A9597645920","第2篇代码 - 参数设置\NSGA-II\fitness.m","4","81"
"第2篇代码 - 参数设置\NSGA-II\init.m","A9C04CAAF0301F7185347E48CD72E606A5EBACE665BD4B0A12440DB6B932C908","第2篇代码 - 参数设置\MOEAD\init.m","8","27"
"第2篇代码 - 参数设置\NSGA-II\load_transfer_time_compute.m","C524080FD4D65B5496B7B9F3174D752AEA149598A055E8670C24792AF433638A","备份代码重调度\第2篇代码-动态算法对比\AF_INSGA-II\load_transfer_time_compute.m","61","17"
"第2篇代码 - 参数设置\NSGA-II\non_domination.m","94D5150980D700294B927CB123ED4B0FA290A39C97D88DB654066A6ABB789C7A","第2篇代码 - 参数设置\NSGA-II\non_domination.m","4","111"
"第2篇代码 - 参数设置\NSGA-II\NSGA2.m","F8A43B1BD04F0D52B95D03E7C9DBA0D38AAF9C82CAB1D1B64831666B34EAAC18","第2篇代码 - 参数设置\NSGA-II\NSGA2.m","2","83"
"第2篇代码 - 参数设置\NSGA-II\replace_chrom.m","CD0995F8E9A0D9D0D0CAB31A588C87926E58DDACF9C43A3CF28641EED7D2C2AA","备份代码重调度\第2篇代码-动态算法对比\AF_INSGA-II\replace_chrom.m","57","28"
"第2篇代码 - 参数设置\NSGA-II\sorting.m","8433ED0CF2595607C806887562509A3C52CC1F14F49093399E127311D0EC3CB3","第2篇代码 - 参数设置\MOEAD\sorting.m","6","221"
"第2篇代码 - 参数设置\NSGA-II\spare_transfer_time_compute.m","95C82B332EE671F3A8F5BF9EF5CE0A977F6B4BB519C80F79376A04850EAC69EC","备份代码重调度\第2篇代码-动态算法对比\AF_INSGA-II\spare_transfer_time_compute.m","61","30"
"第2篇代码 - 参数设置\NSGA-II\table_insert.m","22331F99A901E22DFD0941730D3FB812EED678B26960066142FA788DB992930A","备份代码重调度\第2篇代码-动态算法对比\AF_INSGA-II\table_insert.m","52","54"
"第2篇代码 - 参数设置\NSGA-II\tournament_selection.m","7C6821B39C7B108C1529D1415351D71BB375FEB1775F8F98BDDF90D2D19187C8","备份代码重调度\第2篇代码-动态算法对比\AF_INSGA-II\tournament_selection.m","59","36"
"第2篇代码 - 参数设置\NSGA-II\variation.m","EB6280CB4CBD07B7D5FC90D136BB55F75BA42164DAF51335EC6A22ED7ACFE286","备份代码重调度\第2篇代码-动态算法对比\Multi-NSGA-II\variation.m","21","105"
"第2篇代码 - 参数设置\same_main.m","B8CD23A1ECCFEB7E16C7CA3F7862E0BC9D571D2719330D51F3B4C0DD4FFB0957","备份代码重调度\第2篇代码-动态算法对比\same_main.m","5","494"
"第2篇代码 - 参数设置\Spacing\Spacing.m","4036FAF38E49B4ABBD5BB9966BFCBEB9F285988B762C12AD2717598CF2E5131F","备份代码重调度\第2篇代码-动态算法对比\AF_INSGA-II\Spacing\Spacing.m","59","6"
"第2篇代码 - 静态算法对比\benchmarkRead.m","3A0DEB68B4BBBD58E28C009D5FC99EF399B5B55BC98508F9375AE64175B409F5","第2篇代码 - 参数设置\benchmarkRead.m","4","62"
"第2篇代码 - 静态算法对比\C-metric\c_compute_A_B.m","3F3E54BCC95EE38D8F3F0049995AD290C19A18B90CA69A6113CAD7B4A62DFED5","备份代码重调度\第2篇代码-动态算法对比\C-metric\c_compute_A_B.m","8","14"
"第2篇代码 - 静态算法对比\C-metric\dominates.m","A5F892428228E1ADAAA89980C59144F660F333E7CEEDA3C24702C2AED5F09E67","备份代码重调度\第2篇代码-动态算法对比\AF_INSGA-II\HV\dominates.m","69","30"
"第2篇代码 - 静态算法对比\C-metric\main.m","D15D8B54B06A74FEB2D37F1C14A12A760A6F39E294EF21DA99CC31D18433BC43","备份代码重调度\第2篇代码-动态算法对比\C-metric\main.m","8","29"
"第2篇代码 - 静态算法对比\colorScheme.m","C1BCE19A043DB71A4C5F980FB8A637247562CB72F7512A872219A326218C62E8","备份代码重调度\第2篇代码-动态算法对比\AF_INSGA-II\colorScheme.m","34","54"
"第2篇代码 - 静态算法对比\dif_main.m","11705D400700C9024520ED994EC6ACC7B2D2F176A11F8484EC4A27307FC81DB3","第","1","355"
"第2篇代码 - 静态算法对比\distance_from_xy.m","C8691ED2E4C625F8377D733A67B70264E67766F390220CE517F976A2A6856722","备份代码重调度\第2篇代码-动态算法对比\distance_from_xy.m","8","35"
"第2篇代码 - 静态算法对比\energy_plot.m","26EFE49108DE14F48128B41525A42BF673287B0F44FE94C4F574240503FBC9E1","备份代码重调度\第2篇代码-动态算法对比\energy_plot.m","8","19"
"第2篇代码 - 静态算法对比\HV\approximate_hypervolume_ms.m","5A2BD23E246CD1B350C14B7041681EBF2D8BAD6C7EEF34F3C040A14F5907F7FC","备份代码重调度\第2篇代码-动态算法对比\AF_INSGA-II\HV\approximate_hypervolume_ms.m","61","48"
"第2篇代码 - 静态算法对比\HV\compute_reference_point.m","FF450B1D2049531493E17CC130FDED18E7DA4A215B948545454B0AE34F43DB48","备份代码重调度\第2篇代码-动态算法对比\AF_INSGA-II\HV\compute_reference_point.m","61","38"
"第2篇代码 - 静态算法对比\HV\dominates.m","A5F892428228E1ADAAA89980C59144F660F333E7CEEDA3C24702C2AED5F09E67","备份代码重调度\第2篇代码-动态算法对比\AF_INSGA-II\HV\dominates.m","69","30"
"第2篇代码 - 静态算法对比\HV\lebesgue_measure.m","7581A8B79307E0F65A2C8361CE04C325BB089ACE90669AB7568531E40D27C1E6","备份代码重调度\第2篇代码-动态算法对比\AF_INSGA-II\HV\lebesgue_measure.m","61","149"
"第2篇代码 - 静态算法对比\HV\main.m","460254171EB2C76A578E3C589D9AC32DCFB60160C84D0CB932AA82D986003AF5","备份代码重调度\第2篇代码-动态算法对比\AF_INSGA-II\HV\main.m","61","14"
"第2篇代码 - 静态算法对比\HV\test_lebesgue_measure.m","941F7887F0FB86939F839CDEDD6092EFC4ADF05EAF15B746E57970569E24E62A","备份代码重调度\第2篇代码-动态算法对比\AF_INSGA-II\HV\test_lebesgue_measure.m","61","31"
"第2篇代码 - 静态算法对比\HV\weakly_dominates.m","98DF0FAD59040134E587C7D3BABB104FB1F75F06F39E07D7995C1C23C363115B","备份代码重调度\第2篇代码-动态算法对比\AF_INSGA-II\HV\weakly_dominates.m","61","28"
"第2篇代码 - 静态算法对比\IGD\IGD_compution.m","5CB0BFC528C5C6978C37AB6FAF12EEC58B23A6C9D948662658D046182820265A","备份代码重调度\第2篇代码-动态算法对比\IGD\IGD_compution.m","8","14"
"第2篇代码 - 静态算法对比\init.m","EA0EAAF2F1E6A7FA3F6C640FB867519F44BBF7FE98D522A9DAC7BD0EB7C33139","第2篇代码 - 参数设置\init.m","4","92"
"第2篇代码 - 静态算法对比\initial_NSGA-II\decompose_AGVTable.m","E0FABF783EAA9EA3FC803BBAE7AA92C40D9E39F560F7857829899C3667D908EF","备份代码重调度\第2篇代码-动态算法对比\initial_NSGA-II\decompose_AGVTable.m","17","65"
"第2篇代码 - 静态算法对比\initial_NSGA-II\decompose_machineTable.m","9E258FA7B71314C28C3452FC35441F067033A5860A3329594C0516BBC3D59AFB","备份代码重调度\第2篇代码-动态算法对比\AF_INSGA-II\decompose_machineTable.m","61","51"
"第2篇代码 - 静态算法对比\initial_NSGA-II\fitness.m","CB45A2A20DB4AB0220BED11373EE06965259A3D378911AD46C1FAEC63FD44E8A","备份代码重调度\第2篇代码-动态算法对比\initial_NSGA-II\fitness.m","17","82"
"第2篇代码 - 静态算法对比\initial_NSGA-II\getState.m","AAEF9F0B6B38A793B201B96B8D7E1ED22ABC5900734AF8390F8B2A9F99F796C1","备份代码重调度\第2篇代码-动态算法对比\AF_INSGA-II\getState.m","53","20"
"第2篇代码 - 静态算法对比\initial_NSGA-II\HV\approximate_hypervolume_ms.m","5A2BD23E246CD1B350C14B7041681EBF2D8BAD6C7EEF34F3C040A14F5907F7FC","备份代码重调度\第2篇代码-动态算法对比\AF_INSGA-II\HV\approximate_hypervolume_ms.m","61","48"
"第2篇代码 - 静态算法对比\initial_NSGA-II\HV\compute_reference_point.m","FF450B1D2049531493E17CC130FDED18E7DA4A215B948545454B0AE34F43DB48","备份代码重调度\第2篇代码-动态算法对比\AF_INSGA-II\HV\compute_reference_point.m","61","38"
"第2篇代码 - 静态算法对比\initial_NSGA-II\HV\dominates.m","A5F892428228E1ADAAA89980C59144F660F333E7CEEDA3C24702C2AED5F09E67","备份代码重调度\第2篇代码-动态算法对比\AF_INSGA-II\HV\dominates.m","69","30"
"第2篇代码 - 静态算法对比\initial_NSGA-II\HV\lebesgue_measure.m","7581A8B79307E0F65A2C8361CE04C325BB089ACE90669AB7568531E40D27C1E6","备份代码重调度\第2篇代码-动态算法对比\AF_INSGA-II\HV\lebesgue_measure.m","61","149"
"第2篇代码 - 静态算法对比\initial_NSGA-II\HV\main.m","460254171EB2C76A578E3C589D9AC32DCFB60160C84D0CB932AA82D986003AF5","备份代码重调度\第2篇代码-动态算法对比\AF_INSGA-II\HV\main.m","61","14"
"第2篇代码 - 静态算法对比\initial_NSGA-II\HV\test_lebesgue_measure.m","941F7887F0FB86939F839CDEDD6092EFC4ADF05EAF15B746E57970569E24E62A","备份代码重调度\第2篇代码-动态算法对比\AF_INSGA-II\HV\test_lebesgue_measure.m","61","31"
"第2篇代码 - 静态算法对比\initial_NSGA-II\HV\weakly_dominates.m","98DF0FAD59040134E587C7D3BABB104FB1F75F06F39E07D7995C1C23C363115B","备份代码重调度\第2篇代码-动态算法对比\AF_INSGA-II\HV\weakly_dominates.m","61","28"
"第2篇代码 - 静态算法对比\initial_NSGA-II\improved_elitism.m","4802727D622BDD7181FB4023F1677C78DBCDC37D24E233879000E4B6DB9A817D","备份代码重调度\第2篇代码-动态算法对比\CRS_MF_INSGA-II\improved_elitism.m","32","81"
"第2篇代码 - 静态算法对比\initial_NSGA-II\init.m","7BD3C7A1F0B0CCC2F2EC8D7B17954CC85599CA2C80BD9515871C8360FBF1EC29","第2篇代码 - 静态算法对比\initial_NSGA-II\init.m","7","486"
"第2篇代码 - 静态算法对比\initial_NSGA-II\initial_INSGA_II.m","10B44F5BD24F265F9BAD2B6B559FDC85E766358B289D346B799184CCA78A8EE9","第2篇代码 - 参数设置\initial_NSGA-II\initial_INSGA_II.m","4","209"
"第2篇代码 - 静态算法对比\initial_NSGA-II\is_B_strongly_dominating_A.m","29012708DB01740C9F16EB512E490861EB3CDAD3DB47D1F3A353F0A2CF67AF10","备份代码重调度\第2篇代码-动态算法对比\CRS_MF_INSGA-II\is_B_strongly_dominating_A.m","34","10"
"第2篇代码 - 静态算法对比\initial_NSGA-II\load_transfer_time_compute.m","C524080FD4D65B5496B7B9F3174D752AEA149598A055E8670C24792AF433638A","备份代码重调度\第2篇代码-动态算法对比\AF_INSGA-II\load_transfer_time_compute.m","61","17"
"第2篇代码 - 静态算法对比\initial_NSGA-II\non_domination.m","0724F06FF4F61BFC09683F4212AF78FAF00254D1B60F4289D7E79DDECD49E376","备份代码重调度\第2篇代码-动态算法对比\AF_INSGA-II\non_domination.m","53","117"
"第2篇代码 - 静态算法对比\initial_NSGA-II\replace_chrom.m","CD0995F8E9A0D9D0D0CAB31A588C87926E58DDACF9C43A3CF28641EED7D2C2AA","备份代码重调度\第2篇代码-动态算法对比\AF_INSGA-II\replace_chrom.m","57","28"
"第2篇代码 - 静态算法对比\initial_NSGA-II\sorting.m","F79DC4C8E82716997587DCAB10AC62D5B60FEB8768C42AAE0301BBCDD5691504","备份代码重调度\第2篇代码-动态算法对比\Multi-NSGA-II\sorting.m","15","225"
"第2篇代码 - 静态算法对比\initial_NSGA-II\Spacing\Spacing.m","4036FAF38E49B4ABBD5BB9966BFCBEB9F285988B762C12AD2717598CF2E5131F","备份代码重调度\第2篇代码-动态算法对比\AF_INSGA-II\Spacing\Spacing.m","59","6"
"第2篇代码 - 静态算法对比\initial_NSGA-II\spare_transfer_time_compute.m","95C82B332EE671F3A8F5BF9EF5CE0A977F6B4BB519C80F79376A04850EAC69EC","备份代码重调度\第2篇代码-动态算法对比\AF_INSGA-II\spare_transfer_time_compute.m","61","30"
"第2篇代码 - 静态算法对比\initial_NSGA-II\table_insert.m","22331F99A901E22DFD0941730D3FB812EED678B26960066142FA788DB992930A","备份代码重调度\第2篇代码-动态算法对比\AF_INSGA-II\table_insert.m","52","54"
"第2篇代码 - 静态算法对比\initial_NSGA-II\tournament_selection.m","7C6821B39C7B108C1529D1415351D71BB375FEB1775F8F98BDDF90D2D19187C8","备份代码重调度\第2篇代码-动态算法对比\AF_INSGA-II\tournament_selection.m","59","36"
"第2篇代码 - 静态算法对比\initial_NSGA-II\variation.m","EB6280CB4CBD07B7D5FC90D136BB55F75BA42164DAF51335EC6A22ED7ACFE286","备份代码重调度\第2篇代码-动态算法对比\Multi-NSGA-II\variation.m","21","105"
"第2篇代码 - 静态算法对比\initial_NSGA-II\VNS.m","926B8F81E89FFC35A9D038CC845C6D0AC8CC135E191325344F8A31C80731191B","备份代码重调度\第2篇代码-动态算法对比\Multi-NSGA-II\VNS.m","11","174"
"第2篇代码 - 静态算法对比\initial_NSGA-II\weakly_dominates.m","48ABBDA62705EED81C942FA5BAC84E1B9E8C70B831A0C521030B748E8F5D52BE","备份代码重调度\第2篇代码-动态算法对比\AF_INSGA-II\weakly_dominates.m","55","21"
"第2篇代码 - 静态算法对比\machine_AGV_gantt_chart.m","62D20DD380D822A69B1564D23AE378814C2216A1D4428D8AC9A9BC3D0CDF7995","第2篇代码 - 参数设置\machine_AGV_gantt_chart.m","4","166"
"第2篇代码 - 静态算法对比\MOEAD\compare.m","6241F19A6A2971600992E1B25FD7BA62730FB4832DAF52388CB8A59D99D82171","第2篇代码 - 参数设置\MOEAD\compare.m","2","9"
"第2篇代码 - 静态算法对比\MOEAD\decompose_AGVTable.m","96CA7BF36F78F7744876DA01A0D945F860A26E790A16FA6B4E6B18E3CECF5453","备份代码重调度\第2篇代码-动态算法对比\AF_INSGA-II\decompose_AGVTable.m","44","61"
"第2篇代码 - 静态算法对比\MOEAD\decompose_machineTable.m","9E258FA7B71314C28C3452FC35441F067033A5860A3329594C0516BBC3D59AFB","备份代码重调度\第2篇代码-动态算法对比\AF_INSGA-II\decompose_machineTable.m","61","51"
"第2篇代码 - 静态算法对比\MOEAD\fitness.m","507229CE6D4C8E3202E3703FF20760C5EDD18F4CFA34B0AE132C10840571AC86","第2篇代码 - 参数设置\MOEAD\fitness.m","2","82"
"第2篇代码 - 静态算法对比\MOEAD\generateLamda.m","54158854E7354C1F4C5454C7C5CE81D202A98F7192DEFE6F3991EB7B9B4D2100","第2篇代码 - 参数设置\MOEAD\generateLamda.m","2","36"
"第2篇代码 - 静态算法对比\MOEAD\get_neighbor.m","F7B6139E8232CA896BA8CC4E233ECF6DE0E02ABEFA0DB865B8C9240337DB0F8A","第2篇代码 - 参数设置\MOEAD\get_neighbor.m","2","15"
"第2篇代码 - 静态算法对比\MOEAD\init.m","A9C04CAAF0301F7185347E48CD72E606A5EBACE665BD4B0A12440DB6B932C908","第2篇代码 - 参数设置\MOEAD\init.m","8","27"
"第2篇代码 - 静态算法对比\MOEAD\load_transfer_time_compute.m","C524080FD4D65B5496B7B9F3174D752AEA149598A055E8670C24792AF433638A","备份代码重调度\第2篇代码-动态算法对比\AF_INSGA-II\load_transfer_time_compute.m","61","17"
"第2篇代码 - 静态算法对比\MOEAD\MOEAD.m","7C6F839B84CDF90B41EDDE995AA100CD79FB0ABFE2FEE04927A6AABD79CE4112","第2篇代码 - 参数设置\MOEAD\MOEAD.m","2","98"
"第2篇代码 - 静态算法对比\MOEAD\non_domination_only.m","BF2CE40C1C7D101C33AB14351BC5EDE25A4299F3C7AD6F9D0FC81559AE9B6668","备份代码重调度\第2篇代码-动态算法对比\non_domination_only.m","10","67"
"第2篇代码 - 静态算法对比\MOEAD\sorting.m","8433ED0CF2595607C806887562509A3C52CC1F14F49093399E127311D0EC3CB3","第2篇代码 - 参数设置\MOEAD\sorting.m","6","221"
"第2篇代码 - 静态算法对比\MOEAD\spare_transfer_time_compute.m","95C82B332EE671F3A8F5BF9EF5CE0A977F6B4BB519C80F79376A04850EAC69EC","备份代码重调度\第2篇代码-动态算法对比\AF_INSGA-II\spare_transfer_time_compute.m","61","30"
"第2篇代码 - 静态算法对比\MOEAD\table_insert.m","22331F99A901E22DFD0941730D3FB812EED678B26960066142FA788DB992930A","备份代码重调度\第2篇代码-动态算法对比\AF_INSGA-II\table_insert.m","52","54"
"第2篇代码 - 静态算法对比\MOEAD\tournament_selection.m","7C6821B39C7B108C1529D1415351D71BB375FEB1775F8F98BDDF90D2D19187C8","备份代码重调度\第2篇代码-动态算法对比\AF_INSGA-II\tournament_selection.m","59","36"
"第2篇代码 - 静态算法对比\MOEAD\update_neighbor.m","AF37FE257866578677EFABD8ADF6BDD65FA6F9917210271A30C0BF8550F578BF","第2篇代码 - 参数设置\MOEAD\update_neighbor.m","2","9"
"第2篇代码 - 静态算法对比\MOEAD\variation.m","91A2B98C1269FF6299B29F8C4CD348601E2A651AC080CF92BBB7AE7F3BE515BA","第2篇代码 - 参数设置\MOEAD\variation.m","2","93"
"第2篇代码 - 静态算法对比\MOPSO\decompose_AGVTable.m","96CA7BF36F78F7744876DA01A0D945F860A26E790A16FA6B4E6B18E3CECF5453","备份代码重调度\第2篇代码-动态算法对比\AF_INSGA-II\decompose_AGVTable.m","44","61"
"第2篇代码 - 静态算法对比\MOPSO\decompose_machineTable.m","9E258FA7B71314C28C3452FC35441F067033A5860A3329594C0516BBC3D59AFB","备份代码重调度\第2篇代码-动态算法对比\AF_INSGA-II\decompose_machineTable.m","61","51"
"第2篇代码 - 静态算法对比\MOPSO\fitness.m","2C6F9137B12E88C3C995F2BF75FB7F1701C2B89E323FFCCD2AB1B468EB287C0C","第2篇代码 - 参数设置\MOPSO\fitness.m","2","103"
"第2篇代码 - 静态算法对比\MOPSO\is_B_strongly_dominating_A.m","29012708DB01740C9F16EB512E490861EB3CDAD3DB47D1F3A353F0A2CF67AF10","备份代码重调度\第2篇代码-动态算法对比\CRS_MF_INSGA-II\is_B_strongly_dominating_A.m","34","10"
"第2篇代码 - 静态算法对比\MOPSO\load_transfer_time_compute.m","C524080FD4D65B5496B7B9F3174D752AEA149598A055E8670C24792AF433638A","备份代码重调度\第2篇代码-动态算法对比\AF_INSGA-II\load_transfer_time_compute.m","61","17"
"第2篇代码 - 静态算法对比\MOPSO\MOPSO.m","B5D85A2C3BD0F119DA052A9818A49E610879FB8C344190C2AD1CA89ADFDCC66B","第2篇代码 - 参数设置\MOPSO\MOPSO.m","2","316"
"第2篇代码 - 静态算法对比\MOPSO\non_domination.m","C7340E24F0A8887EF200FF09F6E6F975467EB733EFCD46C522187AC8672DFAB7","第2篇代码 - 参数设置\MOPSO\non_domination.m","2","117"
"第2篇代码 - 静态算法对比\MOPSO\sorting.m","9A58CABD47D74089529F06C8D03BA3B113C481A9CF5F22E42CB90932B4B9A116","第2篇代码 - 参数设置\MOPSO\sorting.m","2","256"
"第2篇代码 - 静态算法对比\MOPSO\spare_transfer_time_compute.m","95C82B332EE671F3A8F5BF9EF5CE0A977F6B4BB519C80F79376A04850EAC69EC","备份代码重调度\第2篇代码-动态算法对比\AF_INSGA-II\spare_transfer_time_compute.m","61","30"
"第2篇代码 - 静态算法对比\MOPSO\table_insert.m","22331F99A901E22DFD0941730D3FB812EED678B26960066142FA788DB992930A","备份代码重调度\第2篇代码-动态算法对比\AF_INSGA-II\table_insert.m","52","54"
"第2篇代码 - 静态算法对比\MOPSO\VNS.m","C4A622A3641072650127904B171243C7315E36325193EA4A573CEE720ED9608D","第2篇代码 - 参数设置\MOPSO\VNS.m","2","67"
"第2篇代码 - 静态算法对比\MOPSO\weakly_dominates.m","48ABBDA62705EED81C942FA5BAC84E1B9E8C70B831A0C521030B748E8F5D52BE","备份代码重调度\第2篇代码-动态算法对比\AF_INSGA-II\weakly_dominates.m","55","21"
"第2篇代码 - 静态算法对比\Multi-NSGA-II\decompose_AGVTable.m","E0FABF783EAA9EA3FC803BBAE7AA92C40D9E39F560F7857829899C3667D908EF","备份代码重调度\第2篇代码-动态算法对比\initial_NSGA-II\decompose_AGVTable.m","17","65"
"第2篇代码 - 静态算法对比\Multi-NSGA-II\decompose_machineTable.m","9E258FA7B71314C28C3452FC35441F067033A5860A3329594C0516BBC3D59AFB","备份代码重调度\第2篇代码-动态算法对比\AF_INSGA-II\decompose_machineTable.m","61","51"
"第2篇代码 - 静态算法对比\Multi-NSGA-II\fitness.m","CB45A2A20DB4AB0220BED11373EE06965259A3D378911AD46C1FAEC63FD44E8A","备份代码重调度\第2篇代码-动态算法对比\initial_NSGA-II\fitness.m","17","82"
"第2篇代码 - 静态算法对比\Multi-NSGA-II\getState.m","AAEF9F0B6B38A793B201B96B8D7E1ED22ABC5900734AF8390F8B2A9F99F796C1","备份代码重调度\第2篇代码-动态算法对比\AF_INSGA-II\getState.m","53","20"
"第2篇代码 - 静态算法对比\Multi-NSGA-II\HV\approximate_hypervolume_ms.m","5A2BD23E246CD1B350C14B7041681EBF2D8BAD6C7EEF34F3C040A14F5907F7FC","备份代码重调度\第2篇代码-动态算法对比\AF_INSGA-II\HV\approximate_hypervolume_ms.m","61","48"
"第2篇代码 - 静态算法对比\Multi-NSGA-II\HV\compute_reference_point.m","FF450B1D2049531493E17CC130FDED18E7DA4A215B948545454B0AE34F43DB48","备份代码重调度\第2篇代码-动态算法对比\AF_INSGA-II\HV\compute_reference_point.m","61","38"
"第2篇代码 - 静态算法对比\Multi-NSGA-II\HV\dominates.m","A5F892428228E1ADAAA89980C59144F660F333E7CEEDA3C24702C2AED5F09E67","备份代码重调度\第2篇代码-动态算法对比\AF_INSGA-II\HV\dominates.m","69","30"
"第2篇代码 - 静态算法对比\Multi-NSGA-II\HV\lebesgue_measure.m","7581A8B79307E0F65A2C8361CE04C325BB089ACE90669AB7568531E40D27C1E6","备份代码重调度\第2篇代码-动态算法对比\AF_INSGA-II\HV\lebesgue_measure.m","61","149"
"第2篇代码 - 静态算法对比\Multi-NSGA-II\HV\main.m","460254171EB2C76A578E3C589D9AC32DCFB60160C84D0CB932AA82D986003AF5","备份代码重调度\第2篇代码-动态算法对比\AF_INSGA-II\HV\main.m","61","14"
"第2篇代码 - 静态算法对比\Multi-NSGA-II\HV\test_lebesgue_measure.m","941F7887F0FB86939F839CDEDD6092EFC4ADF05EAF15B746E57970569E24E62A","备份代码重调度\第2篇代码-动态算法对比\AF_INSGA-II\HV\test_lebesgue_measure.m","61","31"
"第2篇代码 - 静态算法对比\Multi-NSGA-II\HV\weakly_dominates.m","98DF0FAD59040134E587C7D3BABB104FB1F75F06F39E07D7995C1C23C363115B","备份代码重调度\第2篇代码-动态算法对比\AF_INSGA-II\HV\weakly_dominates.m","61","28"
"第2篇代码 - 静态算法对比\Multi-NSGA-II\improved_elitism.m","4802727D622BDD7181FB4023F1677C78DBCDC37D24E233879000E4B6DB9A817D","备份代码重调度\第2篇代码-动态算法对比\CRS_MF_INSGA-II\improved_elitism.m","32","81"
"第2篇代码 - 静态算法对比\Multi-NSGA-II\init.m","120363D1F524018B7B9C61EEF0909494AFC5DA6AD9C978F992A3C4026A9352CC","备份代码重调度\第2篇代码-动态算法对比\Multi-NSGA-II\init.m","5","459"
"第2篇代码 - 静态算法对比\Multi-NSGA-II\initial_INSGA_II.m","FC4EF1C3756135D3E0436A669C46C1FFA1A5EDB4E6E71B6788BFE98E4F298AE7","备份代码重调度\第2篇代码-动态算法对比\Multi-NSGA-II\initial_INSGA_II.m","4","81"
"第2篇代码 - 静态算法对比\Multi-NSGA-II\is_B_strongly_dominating_A.m","29012708DB01740C9F16EB512E490861EB3CDAD3DB47D1F3A353F0A2CF67AF10","备份代码重调度\第2篇代码-动态算法对比\CRS_MF_INSGA-II\is_B_strongly_dominating_A.m","34","10"
"第2篇代码 - 静态算法对比\Multi-NSGA-II\load_transfer_time_compute.m","C524080FD4D65B5496B7B9F3174D752AEA149598A055E8670C24792AF433638A","备份代码重调度\第2篇代码-动态算法对比\AF_INSGA-II\load_transfer_time_compute.m","61","17"
"第2篇代码 - 静态算法对比\Multi-NSGA-II\non_domination.m","0724F06FF4F61BFC09683F4212AF78FAF00254D1B60F4289D7E79DDECD49E376","备份代码重调度\第2篇代码-动态算法对比\AF_INSGA-II\non_domination.m","53","117"
"第2篇代码 - 静态算法对比\Multi-NSGA-II\replace_chrom.m","CD0995F8E9A0D9D0D0CAB31A588C87926E58DDACF9C43A3CF28641EED7D2C2AA","备份代码重调度\第2篇代码-动态算法对比\AF_INSGA-II\replace_chrom.m","57","28"
"第2篇代码 - 静态算法对比\Multi-NSGA-II\sorting.m","F79DC4C8E82716997587DCAB10AC62D5B60FEB8768C42AAE0301BBCDD5691504","备份代码重调度\第2篇代码-动态算法对比\Multi-NSGA-II\sorting.m","15","225"
"第2篇代码 - 静态算法对比\Multi-NSGA-II\Spacing\Spacing.m","4036FAF38E49B4ABBD5BB9966BFCBEB9F285988B762C12AD2717598CF2E5131F","备份代码重调度\第2篇代码-动态算法对比\AF_INSGA-II\Spacing\Spacing.m","59","6"
"第2篇代码 - 静态算法对比\Multi-NSGA-II\spare_transfer_time_compute.m","95C82B332EE671F3A8F5BF9EF5CE0A977F6B4BB519C80F79376A04850EAC69EC","备份代码重调度\第2篇代码-动态算法对比\AF_INSGA-II\spare_transfer_time_compute.m","61","30"
"第2篇代码 - 静态算法对比\Multi-NSGA-II\table_insert.m","22331F99A901E22DFD0941730D3FB812EED678B26960066142FA788DB992930A","备份代码重调度\第2篇代码-动态算法对比\AF_INSGA-II\table_insert.m","52","54"
"第2篇代码 - 静态算法对比\Multi-NSGA-II\tournament_selection.m","7C6821B39C7B108C1529D1415351D71BB375FEB1775F8F98BDDF90D2D19187C8","备份代码重调度\第2篇代码-动态算法对比\AF_INSGA-II\tournament_selection.m","59","36"
"第2篇代码 - 静态算法对比\Multi-NSGA-II\variation.m","EB6280CB4CBD07B7D5FC90D136BB55F75BA42164DAF51335EC6A22ED7ACFE286","备份代码重调度\第2篇代码-动态算法对比\Multi-NSGA-II\variation.m","21","105"
"第2篇代码 - 静态算法对比\Multi-NSGA-II\VNS.m","926B8F81E89FFC35A9D038CC845C6D0AC8CC135E191325344F8A31C80731191B","备份代码重调度\第2篇代码-动态算法对比\Multi-NSGA-II\VNS.m","11","174"
"第2篇代码 - 静态算法对比\Multi-NSGA-II\weakly_dominates.m","48ABBDA62705EED81C942FA5BAC84E1B9E8C70B831A0C521030B748E8F5D52BE","备份代码重调度\第2篇代码-动态算法对比\AF_INSGA-II\weakly_dominates.m","55","21"
"第2篇代码 - 静态算法对比\non_domination_only.m","BF2CE40C1C7D101C33AB14351BC5EDE25A4299F3C7AD6F9D0FC81559AE9B6668","备份代码重调度\第2篇代码-动态算法对比\non_domination_only.m","10","67"
"第2篇代码 - 静态算法对比\NSGA-II\decompose_AGVTable.m","96CA7BF36F78F7744876DA01A0D945F860A26E790A16FA6B4E6B18E3CECF5453","备份代码重调度\第2篇代码-动态算法对比\AF_INSGA-II\decompose_AGVTable.m","44","61"
"第2篇代码 - 静态算法对比\NSGA-II\decompose_machineTable.m","9E258FA7B71314C28C3452FC35441F067033A5860A3329594C0516BBC3D59AFB","备份代码重调度\第2篇代码-动态算法对比\AF_INSGA-II\decompose_machineTable.m","61","51"
"第2篇代码 - 静态算法对比\NSGA-II\fitness.m","B76646D668B06EC0F1740C14F1A47D965C6608198C68A059324F8A9597645920","第2篇代码 - 参数设置\NSGA-II\fitness.m","4","81"
"第2篇代码 - 静态算法对比\NSGA-II\init.m","A9C04CAAF0301F7185347E48CD72E606A5EBACE665BD4B0A12440DB6B932C908","第2篇代码 - 参数设置\MOEAD\init.m","8","27"
"第2篇代码 - 静态算法对比\NSGA-II\load_transfer_time_compute.m","C524080FD4D65B5496B7B9F3174D752AEA149598A055E8670C24792AF433638A","备份代码重调度\第2篇代码-动态算法对比\AF_INSGA-II\load_transfer_time_compute.m","61","17"
"第2篇代码 - 静态算法对比\NSGA-II\non_domination.m","94D5150980D700294B927CB123ED4B0FA290A39C97D88DB654066A6ABB789C7A","第2篇代码 - 参数设置\NSGA-II\non_domination.m","4","111"
"第2篇代码 - 静态算法对比\NSGA-II\NSGA2.m","F8A43B1BD04F0D52B95D03E7C9DBA0D38AAF9C82CAB1D1B64831666B34EAAC18","第2篇代码 - 参数设置\NSGA-II\NSGA2.m","2","83"
"第2篇代码 - 静态算法对比\NSGA-II\replace_chrom.m","CD0995F8E9A0D9D0D0CAB31A588C87926E58DDACF9C43A3CF28641EED7D2C2AA","备份代码重调度\第2篇代码-动态算法对比\AF_INSGA-II\replace_chrom.m","57","28"
"第2篇代码 - 静态算法对比\NSGA-II\sorting.m","8433ED0CF2595607C806887562509A3C52CC1F14F49093399E127311D0EC3CB3","第2篇代码 - 参数设置\MOEAD\sorting.m","6","221"
"第2篇代码 - 静态算法对比\NSGA-II\spare_transfer_time_compute.m","95C82B332EE671F3A8F5BF9EF5CE0A977F6B4BB519C80F79376A04850EAC69EC","备份代码重调度\第2篇代码-动态算法对比\AF_INSGA-II\spare_transfer_time_compute.m","61","30"
"第2篇代码 - 静态算法对比\NSGA-II\table_insert.m","22331F99A901E22DFD0941730D3FB812EED678B26960066142FA788DB992930A","备份代码重调度\第2篇代码-动态算法对比\AF_INSGA-II\table_insert.m","52","54"
"第2篇代码 - 静态算法对比\NSGA-II\tournament_selection.m","7C6821B39C7B108C1529D1415351D71BB375FEB1775F8F98BDDF90D2D19187C8","备份代码重调度\第2篇代码-动态算法对比\AF_INSGA-II\tournament_selection.m","59","36"
"第2篇代码 - 静态算法对比\NSGA-II\variation.m","EB6280CB4CBD07B7D5FC90D136BB55F75BA42164DAF51335EC6A22ED7ACFE286","备份代码重调度\第2篇代码-动态算法对比\Multi-NSGA-II\variation.m","21","105"
"第2篇代码 - 静态算法对比\QNSGA-II\decompose_AGVTable.m","E0FABF783EAA9EA3FC803BBAE7AA92C40D9E39F560F7857829899C3667D908EF","备份代码重调度\第2篇代码-动态算法对比\initial_NSGA-II\decompose_AGVTable.m","17","65"
"第2篇代码 - 静态算法对比\QNSGA-II\decompose_machineTable.m","9E258FA7B71314C28C3452FC35441F067033A5860A3329594C0516BBC3D59AFB","备份代码重调度\第2篇代码-动态算法对比\AF_INSGA-II\decompose_machineTable.m","61","51"
"第2篇代码 - 静态算法对比\QNSGA-II\fitness.m","CB45A2A20DB4AB0220BED11373EE06965259A3D378911AD46C1FAEC63FD44E8A","备份代码重调度\第2篇代码-动态算法对比\initial_NSGA-II\fitness.m","17","82"
"第2篇代码 - 静态算法对比\QNSGA-II\getState.m","AAEF9F0B6B38A793B201B96B8D7E1ED22ABC5900734AF8390F8B2A9F99F796C1","备份代码重调度\第2篇代码-动态算法对比\AF_INSGA-II\getState.m","53","20"
"第2篇代码 - 静态算法对比\QNSGA-II\HV\approximate_hypervolume_ms.m","5A2BD23E246CD1B350C14B7041681EBF2D8BAD6C7EEF34F3C040A14F5907F7FC","备份代码重调度\第2篇代码-动态算法对比\AF_INSGA-II\HV\approximate_hypervolume_ms.m","61","48"
"第2篇代码 - 静态算法对比\QNSGA-II\HV\compute_reference_point.m","FF450B1D2049531493E17CC130FDED18E7DA4A215B948545454B0AE34F43DB48","备份代码重调度\第2篇代码-动态算法对比\AF_INSGA-II\HV\compute_reference_point.m","61","38"
"第2篇代码 - 静态算法对比\QNSGA-II\HV\dominates.m","A5F892428228E1ADAAA89980C59144F660F333E7CEEDA3C24702C2AED5F09E67","备份代码重调度\第2篇代码-动态算法对比\AF_INSGA-II\HV\dominates.m","69","30"
"第2篇代码 - 静态算法对比\QNSGA-II\HV\lebesgue_measure.m","7581A8B79307E0F65A2C8361CE04C325BB089ACE90669AB7568531E40D27C1E6","备份代码重调度\第2篇代码-动态算法对比\AF_INSGA-II\HV\lebesgue_measure.m","61","149"
"第2篇代码 - 静态算法对比\QNSGA-II\HV\main.m","460254171EB2C76A578E3C589D9AC32DCFB60160C84D0CB932AA82D986003AF5","备份代码重调度\第2篇代码-动态算法对比\AF_INSGA-II\HV\main.m","61","14"
"第2篇代码 - 静态算法对比\QNSGA-II\HV\test_lebesgue_measure.m","941F7887F0FB86939F839CDEDD6092EFC4ADF05EAF15B746E57970569E24E62A","备份代码重调度\第2篇代码-动态算法对比\AF_INSGA-II\HV\test_lebesgue_measure.m","61","31"
"第2篇代码 - 静态算法对比\QNSGA-II\HV\weakly_dominates.m","98DF0FAD59040134E587C7D3BABB104FB1F75F06F39E07D7995C1C23C363115B","备份代码重调度\第2篇代码-动态算法对比\AF_INSGA-II\HV\weakly_dominates.m","61","28"
"第2篇代码 - 静态算法对比\QNSGA-II\improved_elitism.m","4802727D622BDD7181FB4023F1677C78DBCDC37D24E233879000E4B6DB9A817D","备份代码重调度\第2篇代码-动态算法对比\CRS_MF_INSGA-II\improved_elitism.m","32","81"
"第2篇代码 - 静态算法对比\QNSGA-II\init.m","7BD3C7A1F0B0CCC2F2EC8D7B17954CC85599CA2C80BD9515871C8360FBF1EC29","第2篇代码 - 静态算法对比\initial_NSGA-II\init.m","7","486"
"第2篇代码 - 静态算法对比\QNSGA-II\initial_INSGA_II.m","EFCA6D3B694B167EFF74C775ACDF5AA2BE2BF119CFE06DFC991C7F7954A15745","第2篇代码 - 静态算法对比\QNSGA-II\initial_INSGA_II.m","3","145"
"第2篇代码 - 静态算法对比\QNSGA-II\is_B_strongly_dominating_A.m","29012708DB01740C9F16EB512E490861EB3CDAD3DB47D1F3A353F0A2CF67AF10","备份代码重调度\第2篇代码-动态算法对比\CRS_MF_INSGA-II\is_B_strongly_dominating_A.m","34","10"
"第2篇代码 - 静态算法对比\QNSGA-II\load_transfer_time_compute.m","C524080FD4D65B5496B7B9F3174D752AEA149598A055E8670C24792AF433638A","备份代码重调度\第2篇代码-动态算法对比\AF_INSGA-II\load_transfer_time_compute.m","61","17"
"第2篇代码 - 静态算法对比\QNSGA-II\non_domination.m","0724F06FF4F61BFC09683F4212AF78FAF00254D1B60F4289D7E79DDECD49E376","备份代码重调度\第2篇代码-动态算法对比\AF_INSGA-II\non_domination.m","53","117"
"第2篇代码 - 静态算法对比\QNSGA-II\replace_chrom.m","CD0995F8E9A0D9D0D0CAB31A588C87926E58DDACF9C43A3CF28641EED7D2C2AA","备份代码重调度\第2篇代码-动态算法对比\AF_INSGA-II\replace_chrom.m","57","28"
"第2篇代码 - 静态算法对比\QNSGA-II\sorting.m","F79DC4C8E82716997587DCAB10AC62D5B60FEB8768C42AAE0301BBCDD5691504","备份代码重调度\第2篇代码-动态算法对比\Multi-NSGA-II\sorting.m","15","225"
"第2篇代码 - 静态算法对比\QNSGA-II\Spacing\Spacing.m","4036FAF38E49B4ABBD5BB9966BFCBEB9F285988B762C12AD2717598CF2E5131F","备份代码重调度\第2篇代码-动态算法对比\AF_INSGA-II\Spacing\Spacing.m","59","6"
"第2篇代码 - 静态算法对比\QNSGA-II\spare_transfer_time_compute.m","95C82B332EE671F3A8F5BF9EF5CE0A977F6B4BB519C80F79376A04850EAC69EC","备份代码重调度\第2篇代码-动态算法对比\AF_INSGA-II\spare_transfer_time_compute.m","61","30"
"第2篇代码 - 静态算法对比\QNSGA-II\table_insert.m","22331F99A901E22DFD0941730D3FB812EED678B26960066142FA788DB992930A","备份代码重调度\第2篇代码-动态算法对比\AF_INSGA-II\table_insert.m","52","54"
"第2篇代码 - 静态算法对比\QNSGA-II\tournament_selection.m","7C6821B39C7B108C1529D1415351D71BB375FEB1775F8F98BDDF90D2D19187C8","备份代码重调度\第2篇代码-动态算法对比\AF_INSGA-II\tournament_selection.m","59","36"
"第2篇代码 - 静态算法对比\QNSGA-II\variation.m","EB6280CB4CBD07B7D5FC90D136BB55F75BA42164DAF51335EC6A22ED7ACFE286","备份代码重调度\第2篇代码-动态算法对比\Multi-NSGA-II\variation.m","21","105"
"第2篇代码 - 静态算法对比\QNSGA-II\VNS.m","926B8F81E89FFC35A9D038CC845C6D0AC8CC135E191325344F8A31C80731191B","备份代码重调度\第2篇代码-动态算法对比\Multi-NSGA-II\VNS.m","11","174"
"第2篇代码 - 静态算法对比\QNSGA-II\weakly_dominates.m","48ABBDA62705EED81C942FA5BAC84E1B9E8C70B831A0C521030B748E8F5D52BE","备份代码重调度\第2篇代码-动态算法对比\AF_INSGA-II\weakly_dominates.m","55","21"
"第2篇代码 - 静态算法对比\same_main.m","C7932B9B1EE2D653E7D34BC4512F06E43527740C119621303B70EE8C4F745CCD","第","1","494"
"第2篇代码 - 静态算法对比\Spacing\Spacing.m","4036FAF38E49B4ABBD5BB9966BFCBEB9F285988B762C12AD2717598CF2E5131F","备份代码重调度\第2篇代码-动态算法对比\AF_INSGA-II\Spacing\Spacing.m","59","6"
"第2篇代码 - 静态自身策略对比\benchmarkRead.m","ABCA14BF2695C44C7B9D7DD00B75CC768FEB60EC454AED8A4D36DA239171E5B5","第","1","65"
"第2篇代码 - 静态自身策略对比\C-metric\c_compute_A_B.m","3F3E54BCC95EE38D8F3F0049995AD290C19A18B90CA69A6113CAD7B4A62DFED5","备份代码重调度\第2篇代码-动态算法对比\C-metric\c_compute_A_B.m","8","14"
"第2篇代码 - 静态自身策略对比\C-metric\dominates.m","A5F892428228E1ADAAA89980C59144F660F333E7CEEDA3C24702C2AED5F09E67","备份代码重调度\第2篇代码-动态算法对比\AF_INSGA-II\HV\dominates.m","69","30"
"第2篇代码 - 静态自身策略对比\C-metric\main.m","D15D8B54B06A74FEB2D37F1C14A12A760A6F39E294EF21DA99CC31D18433BC43","备份代码重调度\第2篇代码-动态算法对比\C-metric\main.m","8","29"
"第2篇代码 - 静态自身策略对比\colorScheme.m","C1BCE19A043DB71A4C5F980FB8A637247562CB72F7512A872219A326218C62E8","备份代码重调度\第2篇代码-动态算法对比\AF_INSGA-II\colorScheme.m","34","54"
"第2篇代码 - 静态自身策略对比\dif_main.m","C0CC69392910DF1C034E5EB639E512C5406FA642296F700E652F2A17919E6ACB","第","1","334"
"第2篇代码 - 静态自身策略对比\distance_from_xy.m","C8691ED2E4C625F8377D733A67B70264E67766F390220CE517F976A2A6856722","备份代码重调度\第2篇代码-动态算法对比\distance_from_xy.m","8","35"
"第2篇代码 - 静态自身策略对比\energy_plot.m","26EFE49108DE14F48128B41525A42BF673287B0F44FE94C4F574240503FBC9E1","备份代码重调度\第2篇代码-动态算法对比\energy_plot.m","8","19"
"第2篇代码 - 静态自身策略对比\HV\approximate_hypervolume_ms.m","5A2BD23E246CD1B350C14B7041681EBF2D8BAD6C7EEF34F3C040A14F5907F7FC","备份代码重调度\第2篇代码-动态算法对比\AF_INSGA-II\HV\approximate_hypervolume_ms.m","61","48"
"第2篇代码 - 静态自身策略对比\HV\compute_reference_point.m","FF450B1D2049531493E17CC130FDED18E7DA4A215B948545454B0AE34F43DB48","备份代码重调度\第2篇代码-动态算法对比\AF_INSGA-II\HV\compute_reference_point.m","61","38"
"第2篇代码 - 静态自身策略对比\HV\dominates.m","A5F892428228E1ADAAA89980C59144F660F333E7CEEDA3C24702C2AED5F09E67","备份代码重调度\第2篇代码-动态算法对比\AF_INSGA-II\HV\dominates.m","69","30"
"第2篇代码 - 静态自身策略对比\HV\lebesgue_measure.m","7581A8B79307E0F65A2C8361CE04C325BB089ACE90669AB7568531E40D27C1E6","备份代码重调度\第2篇代码-动态算法对比\AF_INSGA-II\HV\lebesgue_measure.m","61","149"
"第2篇代码 - 静态自身策略对比\HV\main.m","460254171EB2C76A578E3C589D9AC32DCFB60160C84D0CB932AA82D986003AF5","备份代码重调度\第2篇代码-动态算法对比\AF_INSGA-II\HV\main.m","61","14"
"第2篇代码 - 静态自身策略对比\HV\test_lebesgue_measure.m","941F7887F0FB86939F839CDEDD6092EFC4ADF05EAF15B746E57970569E24E62A","备份代码重调度\第2篇代码-动态算法对比\AF_INSGA-II\HV\test_lebesgue_measure.m","61","31"
"第2篇代码 - 静态自身策略对比\HV\weakly_dominates.m","98DF0FAD59040134E587C7D3BABB104FB1F75F06F39E07D7995C1C23C363115B","备份代码重调度\第2篇代码-动态算法对比\AF_INSGA-II\HV\weakly_dominates.m","61","28"
"第2篇代码 - 静态自身策略对比\IGD\IGD_compution.m","5CB0BFC528C5C6978C37AB6FAF12EEC58B23A6C9D948662658D046182820265A","备份代码重调度\第2篇代码-动态算法对比\IGD\IGD_compution.m","8","14"
"第2篇代码 - 静态自身策略对比\init.m","A9C04CAAF0301F7185347E48CD72E606A5EBACE665BD4B0A12440DB6B932C908","第2篇代码 - 参数设置\MOEAD\init.m","8","27"
"第2篇代码 - 静态自身策略对比\initial_NSGA-II\decompose_AGVTable.m","E0FABF783EAA9EA3FC803BBAE7AA92C40D9E39F560F7857829899C3667D908EF","备份代码重调度\第2篇代码-动态算法对比\initial_NSGA-II\decompose_AGVTable.m","17","65"
"第2篇代码 - 静态自身策略对比\initial_NSGA-II\decompose_machineTable.m","9E258FA7B71314C28C3452FC35441F067033A5860A3329594C0516BBC3D59AFB","备份代码重调度\第2篇代码-动态算法对比\AF_INSGA-II\decompose_machineTable.m","61","51"
"第2篇代码 - 静态自身策略对比\initial_NSGA-II\fitness.m","CB45A2A20DB4AB0220BED11373EE06965259A3D378911AD46C1FAEC63FD44E8A","备份代码重调度\第2篇代码-动态算法对比\initial_NSGA-II\fitness.m","17","82"
"第2篇代码 - 静态自身策略对比\initial_NSGA-II\getState.m","AAEF9F0B6B38A793B201B96B8D7E1ED22ABC5900734AF8390F8B2A9F99F796C1","备份代码重调度\第2篇代码-动态算法对比\AF_INSGA-II\getState.m","53","20"
"第2篇代码 - 静态自身策略对比\initial_NSGA-II\HV\approximate_hypervolume_ms.m","5A2BD23E246CD1B350C14B7041681EBF2D8BAD6C7EEF34F3C040A14F5907F7FC","备份代码重调度\第2篇代码-动态算法对比\AF_INSGA-II\HV\approximate_hypervolume_ms.m","61","48"
"第2篇代码 - 静态自身策略对比\initial_NSGA-II\HV\compute_reference_point.m","FF450B1D2049531493E17CC130FDED18E7DA4A215B948545454B0AE34F43DB48","备份代码重调度\第2篇代码-动态算法对比\AF_INSGA-II\HV\compute_reference_point.m","61","38"
"第2篇代码 - 静态自身策略对比\initial_NSGA-II\HV\dominates.m","A5F892428228E1ADAAA89980C59144F660F333E7CEEDA3C24702C2AED5F09E67","备份代码重调度\第2篇代码-动态算法对比\AF_INSGA-II\HV\dominates.m","69","30"
"第2篇代码 - 静态自身策略对比\initial_NSGA-II\HV\lebesgue_measure.m","7581A8B79307E0F65A2C8361CE04C325BB089ACE90669AB7568531E40D27C1E6","备份代码重调度\第2篇代码-动态算法对比\AF_INSGA-II\HV\lebesgue_measure.m","61","149"
"第2篇代码 - 静态自身策略对比\initial_NSGA-II\HV\main.m","460254171EB2C76A578E3C589D9AC32DCFB60160C84D0CB932AA82D986003AF5","备份代码重调度\第2篇代码-动态算法对比\AF_INSGA-II\HV\main.m","61","14"
"第2篇代码 - 静态自身策略对比\initial_NSGA-II\HV\test_lebesgue_measure.m","941F7887F0FB86939F839CDEDD6092EFC4ADF05EAF15B746E57970569E24E62A","备份代码重调度\第2篇代码-动态算法对比\AF_INSGA-II\HV\test_lebesgue_measure.m","61","31"
"第2篇代码 - 静态自身策略对比\initial_NSGA-II\HV\weakly_dominates.m","98DF0FAD59040134E587C7D3BABB104FB1F75F06F39E07D7995C1C23C363115B","备份代码重调度\第2篇代码-动态算法对比\AF_INSGA-II\HV\weakly_dominates.m","61","28"
"第2篇代码 - 静态自身策略对比\initial_NSGA-II\improved_elitism.m","4802727D622BDD7181FB4023F1677C78DBCDC37D24E233879000E4B6DB9A817D","备份代码重调度\第2篇代码-动态算法对比\CRS_MF_INSGA-II\improved_elitism.m","32","81"
"第2篇代码 - 静态自身策略对比\initial_NSGA-II\init.m","7BD3C7A1F0B0CCC2F2EC8D7B17954CC85599CA2C80BD9515871C8360FBF1EC29","第2篇代码 - 静态算法对比\initial_NSGA-II\init.m","7","486"
"第2篇代码 - 静态自身策略对比\initial_NSGA-II\initial_INSGA_II.m","10B44F5BD24F265F9BAD2B6B559FDC85E766358B289D346B799184CCA78A8EE9","第2篇代码 - 参数设置\initial_NSGA-II\initial_INSGA_II.m","4","209"
"第2篇代码 - 静态自身策略对比\initial_NSGA-II\is_B_strongly_dominating_A.m","29012708DB01740C9F16EB512E490861EB3CDAD3DB47D1F3A353F0A2CF67AF10","备份代码重调度\第2篇代码-动态算法对比\CRS_MF_INSGA-II\is_B_strongly_dominating_A.m","34","10"
"第2篇代码 - 静态自身策略对比\initial_NSGA-II\load_transfer_time_compute.m","C524080FD4D65B5496B7B9F3174D752AEA149598A055E8670C24792AF433638A","备份代码重调度\第2篇代码-动态算法对比\AF_INSGA-II\load_transfer_time_compute.m","61","17"
"第2篇代码 - 静态自身策略对比\initial_NSGA-II\non_domination.m","0724F06FF4F61BFC09683F4212AF78FAF00254D1B60F4289D7E79DDECD49E376","备份代码重调度\第2篇代码-动态算法对比\AF_INSGA-II\non_domination.m","53","117"
"第2篇代码 - 静态自身策略对比\initial_NSGA-II\replace_chrom.m","CD0995F8E9A0D9D0D0CAB31A588C87926E58DDACF9C43A3CF28641EED7D2C2AA","备份代码重调度\第2篇代码-动态算法对比\AF_INSGA-II\replace_chrom.m","57","28"
"第2篇代码 - 静态自身策略对比\initial_NSGA-II\sorting.m","F79DC4C8E82716997587DCAB10AC62D5B60FEB8768C42AAE0301BBCDD5691504","备份代码重调度\第2篇代码-动态算法对比\Multi-NSGA-II\sorting.m","15","225"
"第2篇代码 - 静态自身策略对比\initial_NSGA-II\Spacing\Spacing.m","4036FAF38E49B4ABBD5BB9966BFCBEB9F285988B762C12AD2717598CF2E5131F","备份代码重调度\第2篇代码-动态算法对比\AF_INSGA-II\Spacing\Spacing.m","59","6"
"第2篇代码 - 静态自身策略对比\initial_NSGA-II\spare_transfer_time_compute.m","95C82B332EE671F3A8F5BF9EF5CE0A977F6B4BB519C80F79376A04850EAC69EC","备份代码重调度\第2篇代码-动态算法对比\AF_INSGA-II\spare_transfer_time_compute.m","61","30"
"第2篇代码 - 静态自身策略对比\initial_NSGA-II\table_insert.m","22331F99A901E22DFD0941730D3FB812EED678B26960066142FA788DB992930A","备份代码重调度\第2篇代码-动态算法对比\AF_INSGA-II\table_insert.m","52","54"
"第2篇代码 - 静态自身策略对比\initial_NSGA-II\tournament_selection.m","7C6821B39C7B108C1529D1415351D71BB375FEB1775F8F98BDDF90D2D19187C8","备份代码重调度\第2篇代码-动态算法对比\AF_INSGA-II\tournament_selection.m","59","36"
"第2篇代码 - 静态自身策略对比\initial_NSGA-II\variation.m","EB6280CB4CBD07B7D5FC90D136BB55F75BA42164DAF51335EC6A22ED7ACFE286","备份代码重调度\第2篇代码-动态算法对比\Multi-NSGA-II\variation.m","21","105"
"第2篇代码 - 静态自身策略对比\initial_NSGA-II\VNS.m","32B6A385103A8DA8DF834E67F656C6E30BF505C9F00F333B2CFF8968050A1BFE","第","1","174"
"第2篇代码 - 静态自身策略对比\initial_NSGA-II\weakly_dominates.m","48ABBDA62705EED81C942FA5BAC84E1B9E8C70B831A0C521030B748E8F5D52BE","备份代码重调度\第2篇代码-动态算法对比\AF_INSGA-II\weakly_dominates.m","55","21"
"第2篇代码 - 静态自身策略对比\machine_AGV_gantt_chart.m","62D20DD380D822A69B1564D23AE378814C2216A1D4428D8AC9A9BC3D0CDF7995","第2篇代码 - 参数设置\machine_AGV_gantt_chart.m","4","166"
"第2篇代码 - 静态自身策略对比\Multi-NSGA-II\decompose_AGVTable.m","E0FABF783EAA9EA3FC803BBAE7AA92C40D9E39F560F7857829899C3667D908EF","备份代码重调度\第2篇代码-动态算法对比\initial_NSGA-II\decompose_AGVTable.m","17","65"
"第2篇代码 - 静态自身策略对比\Multi-NSGA-II\decompose_machineTable.m","9E258FA7B71314C28C3452FC35441F067033A5860A3329594C0516BBC3D59AFB","备份代码重调度\第2篇代码-动态算法对比\AF_INSGA-II\decompose_machineTable.m","61","51"
"第2篇代码 - 静态自身策略对比\Multi-NSGA-II\fitness.m","CB45A2A20DB4AB0220BED11373EE06965259A3D378911AD46C1FAEC63FD44E8A","备份代码重调度\第2篇代码-动态算法对比\initial_NSGA-II\fitness.m","17","82"
"第2篇代码 - 静态自身策略对比\Multi-NSGA-II\getState.m","AAEF9F0B6B38A793B201B96B8D7E1ED22ABC5900734AF8390F8B2A9F99F796C1","备份代码重调度\第2篇代码-动态算法对比\AF_INSGA-II\getState.m","53","20"
"第2篇代码 - 静态自身策略对比\Multi-NSGA-II\HV\approximate_hypervolume_ms.m","5A2BD23E246CD1B350C14B7041681EBF2D8BAD6C7EEF34F3C040A14F5907F7FC","备份代码重调度\第2篇代码-动态算法对比\AF_INSGA-II\HV\approximate_hypervolume_ms.m","61","48"
"第2篇代码 - 静态自身策略对比\Multi-NSGA-II\HV\compute_reference_point.m","FF450B1D2049531493E17CC130FDED18E7DA4A215B948545454B0AE34F43DB48","备份代码重调度\第2篇代码-动态算法对比\AF_INSGA-II\HV\compute_reference_point.m","61","38"
"第2篇代码 - 静态自身策略对比\Multi-NSGA-II\HV\dominates.m","A5F892428228E1ADAAA89980C59144F660F333E7CEEDA3C24702C2AED5F09E67","备份代码重调度\第2篇代码-动态算法对比\AF_INSGA-II\HV\dominates.m","69","30"
"第2篇代码 - 静态自身策略对比\Multi-NSGA-II\HV\lebesgue_measure.m","7581A8B79307E0F65A2C8361CE04C325BB089ACE90669AB7568531E40D27C1E6","备份代码重调度\第2篇代码-动态算法对比\AF_INSGA-II\HV\lebesgue_measure.m","61","149"
"第2篇代码 - 静态自身策略对比\Multi-NSGA-II\HV\main.m","460254171EB2C76A578E3C589D9AC32DCFB60160C84D0CB932AA82D986003AF5","备份代码重调度\第2篇代码-动态算法对比\AF_INSGA-II\HV\main.m","61","14"
"第2篇代码 - 静态自身策略对比\Multi-NSGA-II\HV\test_lebesgue_measure.m","941F7887F0FB86939F839CDEDD6092EFC4ADF05EAF15B746E57970569E24E62A","备份代码重调度\第2篇代码-动态算法对比\AF_INSGA-II\HV\test_lebesgue_measure.m","61","31"
"第2篇代码 - 静态自身策略对比\Multi-NSGA-II\HV\weakly_dominates.m","98DF0FAD59040134E587C7D3BABB104FB1F75F06F39E07D7995C1C23C363115B","备份代码重调度\第2篇代码-动态算法对比\AF_INSGA-II\HV\weakly_dominates.m","61","28"
"第2篇代码 - 静态自身策略对比\Multi-NSGA-II\improved_elitism.m","4802727D622BDD7181FB4023F1677C78DBCDC37D24E233879000E4B6DB9A817D","备份代码重调度\第2篇代码-动态算法对比\CRS_MF_INSGA-II\improved_elitism.m","32","81"
"第2篇代码 - 静态自身策略对比\Multi-NSGA-II\init.m","120363D1F524018B7B9C61EEF0909494AFC5DA6AD9C978F992A3C4026A9352CC","备份代码重调度\第2篇代码-动态算法对比\Multi-NSGA-II\init.m","5","459"
"第2篇代码 - 静态自身策略对比\Multi-NSGA-II\initial_INSGA_II.m","0FE27ED7729D798A86D5BA67BECA1D6DF4300930DD87C543B6C690F734574D0C","第","1","81"
"第2篇代码 - 静态自身策略对比\Multi-NSGA-II\is_B_strongly_dominating_A.m","29012708DB01740C9F16EB512E490861EB3CDAD3DB47D1F3A353F0A2CF67AF10","备份代码重调度\第2篇代码-动态算法对比\CRS_MF_INSGA-II\is_B_strongly_dominating_A.m","34","10"
"第2篇代码 - 静态自身策略对比\Multi-NSGA-II\load_transfer_time_compute.m","C524080FD4D65B5496B7B9F3174D752AEA149598A055E8670C24792AF433638A","备份代码重调度\第2篇代码-动态算法对比\AF_INSGA-II\load_transfer_time_compute.m","61","17"
"第2篇代码 - 静态自身策略对比\Multi-NSGA-II\non_domination.m","0724F06FF4F61BFC09683F4212AF78FAF00254D1B60F4289D7E79DDECD49E376","备份代码重调度\第2篇代码-动态算法对比\AF_INSGA-II\non_domination.m","53","117"
"第2篇代码 - 静态自身策略对比\Multi-NSGA-II\replace_chrom.m","CD0995F8E9A0D9D0D0CAB31A588C87926E58DDACF9C43A3CF28641EED7D2C2AA","备份代码重调度\第2篇代码-动态算法对比\AF_INSGA-II\replace_chrom.m","57","28"
"第2篇代码 - 静态自身策略对比\Multi-NSGA-II\sorting.m","F79DC4C8E82716997587DCAB10AC62D5B60FEB8768C42AAE0301BBCDD5691504","备份代码重调度\第2篇代码-动态算法对比\Multi-NSGA-II\sorting.m","15","225"
"第2篇代码 - 静态自身策略对比\Multi-NSGA-II\Spacing\Spacing.m","4036FAF38E49B4ABBD5BB9966BFCBEB9F285988B762C12AD2717598CF2E5131F","备份代码重调度\第2篇代码-动态算法对比\AF_INSGA-II\Spacing\Spacing.m","59","6"
"第2篇代码 - 静态自身策略对比\Multi-NSGA-II\spare_transfer_time_compute.m","95C82B332EE671F3A8F5BF9EF5CE0A977F6B4BB519C80F79376A04850EAC69EC","备份代码重调度\第2篇代码-动态算法对比\AF_INSGA-II\spare_transfer_time_compute.m","61","30"
"第2篇代码 - 静态自身策略对比\Multi-NSGA-II\table_insert.m","22331F99A901E22DFD0941730D3FB812EED678B26960066142FA788DB992930A","备份代码重调度\第2篇代码-动态算法对比\AF_INSGA-II\table_insert.m","52","54"
"第2篇代码 - 静态自身策略对比\Multi-NSGA-II\tournament_selection.m","7C6821B39C7B108C1529D1415351D71BB375FEB1775F8F98BDDF90D2D19187C8","备份代码重调度\第2篇代码-动态算法对比\AF_INSGA-II\tournament_selection.m","59","36"
"第2篇代码 - 静态自身策略对比\Multi-NSGA-II\variation.m","EB6280CB4CBD07B7D5FC90D136BB55F75BA42164DAF51335EC6A22ED7ACFE286","备份代码重调度\第2篇代码-动态算法对比\Multi-NSGA-II\variation.m","21","105"
"第2篇代码 - 静态自身策略对比\Multi-NSGA-II\VNS.m","926B8F81E89FFC35A9D038CC845C6D0AC8CC135E191325344F8A31C80731191B","备份代码重调度\第2篇代码-动态算法对比\Multi-NSGA-II\VNS.m","11","174"
"第2篇代码 - 静态自身策略对比\Multi-NSGA-II\weakly_dominates.m","48ABBDA62705EED81C942FA5BAC84E1B9E8C70B831A0C521030B748E8F5D52BE","备份代码重调度\第2篇代码-动态算法对比\AF_INSGA-II\weakly_dominates.m","55","21"
"第2篇代码 - 静态自身策略对比\non_domination_only.m","BF2CE40C1C7D101C33AB14351BC5EDE25A4299F3C7AD6F9D0FC81559AE9B6668","备份代码重调度\第2篇代码-动态算法对比\non_domination_only.m","10","67"
"第2篇代码 - 静态自身策略对比\NSGA-II\decompose_AGVTable.m","96CA7BF36F78F7744876DA01A0D945F860A26E790A16FA6B4E6B18E3CECF5453","备份代码重调度\第2篇代码-动态算法对比\AF_INSGA-II\decompose_AGVTable.m","44","61"
"第2篇代码 - 静态自身策略对比\NSGA-II\decompose_machineTable.m","9E258FA7B71314C28C3452FC35441F067033A5860A3329594C0516BBC3D59AFB","备份代码重调度\第2篇代码-动态算法对比\AF_INSGA-II\decompose_machineTable.m","61","51"
"第2篇代码 - 静态自身策略对比\NSGA-II\fitness.m","B76646D668B06EC0F1740C14F1A47D965C6608198C68A059324F8A9597645920","第2篇代码 - 参数设置\NSGA-II\fitness.m","4","81"
"第2篇代码 - 静态自身策略对比\NSGA-II\init.m","A9C04CAAF0301F7185347E48CD72E606A5EBACE665BD4B0A12440DB6B932C908","第2篇代码 - 参数设置\MOEAD\init.m","8","27"
"第2篇代码 - 静态自身策略对比\NSGA-II\load_transfer_time_compute.m","C524080FD4D65B5496B7B9F3174D752AEA149598A055E8670C24792AF433638A","备份代码重调度\第2篇代码-动态算法对比\AF_INSGA-II\load_transfer_time_compute.m","61","17"
"第2篇代码 - 静态自身策略对比\NSGA-II\non_domination.m","94D5150980D700294B927CB123ED4B0FA290A39C97D88DB654066A6ABB789C7A","第2篇代码 - 参数设置\NSGA-II\non_domination.m","4","111"
"第2篇代码 - 静态自身策略对比\NSGA-II\NSGA2.m","83ACD529EAC9363DD5BE455D0CC39F2ECCB35EF0D93BCAA403494CAA2058572F","第","1","84"
"第2篇代码 - 静态自身策略对比\NSGA-II\replace_chrom.m","CD0995F8E9A0D9D0D0CAB31A588C87926E58DDACF9C43A3CF28641EED7D2C2AA","备份代码重调度\第2篇代码-动态算法对比\AF_INSGA-II\replace_chrom.m","57","28"
"第2篇代码 - 静态自身策略对比\NSGA-II\sorting.m","8433ED0CF2595607C806887562509A3C52CC1F14F49093399E127311D0EC3CB3","第2篇代码 - 参数设置\MOEAD\sorting.m","6","221"
"第2篇代码 - 静态自身策略对比\NSGA-II\spare_transfer_time_compute.m","95C82B332EE671F3A8F5BF9EF5CE0A977F6B4BB519C80F79376A04850EAC69EC","备份代码重调度\第2篇代码-动态算法对比\AF_INSGA-II\spare_transfer_time_compute.m","61","30"
"第2篇代码 - 静态自身策略对比\NSGA-II\table_insert.m","22331F99A901E22DFD0941730D3FB812EED678B26960066142FA788DB992930A","备份代码重调度\第2篇代码-动态算法对比\AF_INSGA-II\table_insert.m","52","54"
"第2篇代码 - 静态自身策略对比\NSGA-II\tournament_selection.m","7C6821B39C7B108C1529D1415351D71BB375FEB1775F8F98BDDF90D2D19187C8","备份代码重调度\第2篇代码-动态算法对比\AF_INSGA-II\tournament_selection.m","59","36"
"第2篇代码 - 静态自身策略对比\NSGA-II\variation.m","EB6280CB4CBD07B7D5FC90D136BB55F75BA42164DAF51335EC6A22ED7ACFE286","备份代码重调度\第2篇代码-动态算法对比\Multi-NSGA-II\variation.m","21","105"
"第2篇代码 - 静态自身策略对比\QNSGA-II\decompose_AGVTable.m","E0FABF783EAA9EA3FC803BBAE7AA92C40D9E39F560F7857829899C3667D908EF","备份代码重调度\第2篇代码-动态算法对比\initial_NSGA-II\decompose_AGVTable.m","17","65"
"第2篇代码 - 静态自身策略对比\QNSGA-II\decompose_machineTable.m","9E258FA7B71314C28C3452FC35441F067033A5860A3329594C0516BBC3D59AFB","备份代码重调度\第2篇代码-动态算法对比\AF_INSGA-II\decompose_machineTable.m","61","51"
"第2篇代码 - 静态自身策略对比\QNSGA-II\fitness.m","CB45A2A20DB4AB0220BED11373EE06965259A3D378911AD46C1FAEC63FD44E8A","备份代码重调度\第2篇代码-动态算法对比\initial_NSGA-II\fitness.m","17","82"
"第2篇代码 - 静态自身策略对比\QNSGA-II\getState.m","AAEF9F0B6B38A793B201B96B8D7E1ED22ABC5900734AF8390F8B2A9F99F796C1","备份代码重调度\第2篇代码-动态算法对比\AF_INSGA-II\getState.m","53","20"
"第2篇代码 - 静态自身策略对比\QNSGA-II\HV\approximate_hypervolume_ms.m","5A2BD23E246CD1B350C14B7041681EBF2D8BAD6C7EEF34F3C040A14F5907F7FC","备份代码重调度\第2篇代码-动态算法对比\AF_INSGA-II\HV\approximate_hypervolume_ms.m","61","48"
"第2篇代码 - 静态自身策略对比\QNSGA-II\HV\compute_reference_point.m","FF450B1D2049531493E17CC130FDED18E7DA4A215B948545454B0AE34F43DB48","备份代码重调度\第2篇代码-动态算法对比\AF_INSGA-II\HV\compute_reference_point.m","61","38"
"第2篇代码 - 静态自身策略对比\QNSGA-II\HV\dominates.m","A5F892428228E1ADAAA89980C59144F660F333E7CEEDA3C24702C2AED5F09E67","备份代码重调度\第2篇代码-动态算法对比\AF_INSGA-II\HV\dominates.m","69","30"
"第2篇代码 - 静态自身策略对比\QNSGA-II\HV\lebesgue_measure.m","7581A8B79307E0F65A2C8361CE04C325BB089ACE90669AB7568531E40D27C1E6","备份代码重调度\第2篇代码-动态算法对比\AF_INSGA-II\HV\lebesgue_measure.m","61","149"
"第2篇代码 - 静态自身策略对比\QNSGA-II\HV\main.m","460254171EB2C76A578E3C589D9AC32DCFB60160C84D0CB932AA82D986003AF5","备份代码重调度\第2篇代码-动态算法对比\AF_INSGA-II\HV\main.m","61","14"
"第2篇代码 - 静态自身策略对比\QNSGA-II\HV\test_lebesgue_measure.m","941F7887F0FB86939F839CDEDD6092EFC4ADF05EAF15B746E57970569E24E62A","备份代码重调度\第2篇代码-动态算法对比\AF_INSGA-II\HV\test_lebesgue_measure.m","61","31"
"第2篇代码 - 静态自身策略对比\QNSGA-II\HV\weakly_dominates.m","98DF0FAD59040134E587C7D3BABB104FB1F75F06F39E07D7995C1C23C363115B","备份代码重调度\第2篇代码-动态算法对比\AF_INSGA-II\HV\weakly_dominates.m","61","28"
"第2篇代码 - 静态自身策略对比\QNSGA-II\improved_elitism.m","4802727D622BDD7181FB4023F1677C78DBCDC37D24E233879000E4B6DB9A817D","备份代码重调度\第2篇代码-动态算法对比\CRS_MF_INSGA-II\improved_elitism.m","32","81"
"第2篇代码 - 静态自身策略对比\QNSGA-II\init.m","7BD3C7A1F0B0CCC2F2EC8D7B17954CC85599CA2C80BD9515871C8360FBF1EC29","第2篇代码 - 静态算法对比\initial_NSGA-II\init.m","7","486"
"第2篇代码 - 静态自身策略对比\QNSGA-II\initial_INSGA_II.m","EFCA6D3B694B167EFF74C775ACDF5AA2BE2BF119CFE06DFC991C7F7954A15745","第2篇代码 - 静态算法对比\QNSGA-II\initial_INSGA_II.m","3","145"
"第2篇代码 - 静态自身策略对比\QNSGA-II\is_B_strongly_dominating_A.m","29012708DB01740C9F16EB512E490861EB3CDAD3DB47D1F3A353F0A2CF67AF10","备份代码重调度\第2篇代码-动态算法对比\CRS_MF_INSGA-II\is_B_strongly_dominating_A.m","34","10"
"第2篇代码 - 静态自身策略对比\QNSGA-II\load_transfer_time_compute.m","C524080FD4D65B5496B7B9F3174D752AEA149598A055E8670C24792AF433638A","备份代码重调度\第2篇代码-动态算法对比\AF_INSGA-II\load_transfer_time_compute.m","61","17"
"第2篇代码 - 静态自身策略对比\QNSGA-II\non_domination.m","0724F06FF4F61BFC09683F4212AF78FAF00254D1B60F4289D7E79DDECD49E376","备份代码重调度\第2篇代码-动态算法对比\AF_INSGA-II\non_domination.m","53","117"
"第2篇代码 - 静态自身策略对比\QNSGA-II\replace_chrom.m","CD0995F8E9A0D9D0D0CAB31A588C87926E58DDACF9C43A3CF28641EED7D2C2AA","备份代码重调度\第2篇代码-动态算法对比\AF_INSGA-II\replace_chrom.m","57","28"
"第2篇代码 - 静态自身策略对比\QNSGA-II\sorting.m","F79DC4C8E82716997587DCAB10AC62D5B60FEB8768C42AAE0301BBCDD5691504","备份代码重调度\第2篇代码-动态算法对比\Multi-NSGA-II\sorting.m","15","225"
"第2篇代码 - 静态自身策略对比\QNSGA-II\Spacing\Spacing.m","4036FAF38E49B4ABBD5BB9966BFCBEB9F285988B762C12AD2717598CF2E5131F","备份代码重调度\第2篇代码-动态算法对比\AF_INSGA-II\Spacing\Spacing.m","59","6"
"第2篇代码 - 静态自身策略对比\QNSGA-II\spare_transfer_time_compute.m","95C82B332EE671F3A8F5BF9EF5CE0A977F6B4BB519C80F79376A04850EAC69EC","备份代码重调度\第2篇代码-动态算法对比\AF_INSGA-II\spare_transfer_time_compute.m","61","30"
"第2篇代码 - 静态自身策略对比\QNSGA-II\table_insert.m","22331F99A901E22DFD0941730D3FB812EED678B26960066142FA788DB992930A","备份代码重调度\第2篇代码-动态算法对比\AF_INSGA-II\table_insert.m","52","54"
"第2篇代码 - 静态自身策略对比\QNSGA-II\tournament_selection.m","7C6821B39C7B108C1529D1415351D71BB375FEB1775F8F98BDDF90D2D19187C8","备份代码重调度\第2篇代码-动态算法对比\AF_INSGA-II\tournament_selection.m","59","36"
"第2篇代码 - 静态自身策略对比\QNSGA-II\variation.m","EB6280CB4CBD07B7D5FC90D136BB55F75BA42164DAF51335EC6A22ED7ACFE286","备份代码重调度\第2篇代码-动态算法对比\Multi-NSGA-II\variation.m","21","105"
"第2篇代码 - 静态自身策略对比\QNSGA-II\VNS.m","A3E48C62D1A401535E3A0B62D91EFDEAA3553422CC76BEBE1F95CDAD519F1F9C","第","1","174"
"第2篇代码 - 静态自身策略对比\QNSGA-II\weakly_dominates.m","48ABBDA62705EED81C942FA5BAC84E1B9E8C70B831A0C521030B748E8F5D52BE","备份代码重调度\第2篇代码-动态算法对比\AF_INSGA-II\weakly_dominates.m","55","21"
"第2篇代码 - 静态自身策略对比\VNSNSGA-II\decompose_AGVTable.m","E0FABF783EAA9EA3FC803BBAE7AA92C40D9E39F560F7857829899C3667D908EF","备份代码重调度\第2篇代码-动态算法对比\initial_NSGA-II\decompose_AGVTable.m","17","65"
"第2篇代码 - 静态自身策略对比\VNSNSGA-II\decompose_machineTable.m","9E258FA7B71314C28C3452FC35441F067033A5860A3329594C0516BBC3D59AFB","备份代码重调度\第2篇代码-动态算法对比\AF_INSGA-II\decompose_machineTable.m","61","51"
"第2篇代码 - 静态自身策略对比\VNSNSGA-II\fitness.m","CB45A2A20DB4AB0220BED11373EE06965259A3D378911AD46C1FAEC63FD44E8A","备份代码重调度\第2篇代码-动态算法对比\initial_NSGA-II\fitness.m","17","82"
"第2篇代码 - 静态自身策略对比\VNSNSGA-II\getState.m","AAEF9F0B6B38A793B201B96B8D7E1ED22ABC5900734AF8390F8B2A9F99F796C1","备份代码重调度\第2篇代码-动态算法对比\AF_INSGA-II\getState.m","53","20"
"第2篇代码 - 静态自身策略对比\VNSNSGA-II\HV\approximate_hypervolume_ms.m","5A2BD23E246CD1B350C14B7041681EBF2D8BAD6C7EEF34F3C040A14F5907F7FC","备份代码重调度\第2篇代码-动态算法对比\AF_INSGA-II\HV\approximate_hypervolume_ms.m","61","48"
"第2篇代码 - 静态自身策略对比\VNSNSGA-II\HV\compute_reference_point.m","FF450B1D2049531493E17CC130FDED18E7DA4A215B948545454B0AE34F43DB48","备份代码重调度\第2篇代码-动态算法对比\AF_INSGA-II\HV\compute_reference_point.m","61","38"
"第2篇代码 - 静态自身策略对比\VNSNSGA-II\HV\dominates.m","A5F892428228E1ADAAA89980C59144F660F333E7CEEDA3C24702C2AED5F09E67","备份代码重调度\第2篇代码-动态算法对比\AF_INSGA-II\HV\dominates.m","69","30"
"第2篇代码 - 静态自身策略对比\VNSNSGA-II\HV\lebesgue_measure.m","7581A8B79307E0F65A2C8361CE04C325BB089ACE90669AB7568531E40D27C1E6","备份代码重调度\第2篇代码-动态算法对比\AF_INSGA-II\HV\lebesgue_measure.m","61","149"
"第2篇代码 - 静态自身策略对比\VNSNSGA-II\HV\main.m","460254171EB2C76A578E3C589D9AC32DCFB60160C84D0CB932AA82D986003AF5","备份代码重调度\第2篇代码-动态算法对比\AF_INSGA-II\HV\main.m","61","14"
"第2篇代码 - 静态自身策略对比\VNSNSGA-II\HV\test_lebesgue_measure.m","941F7887F0FB86939F839CDEDD6092EFC4ADF05EAF15B746E57970569E24E62A","备份代码重调度\第2篇代码-动态算法对比\AF_INSGA-II\HV\test_lebesgue_measure.m","61","31"
"第2篇代码 - 静态自身策略对比\VNSNSGA-II\HV\weakly_dominates.m","98DF0FAD59040134E587C7D3BABB104FB1F75F06F39E07D7995C1C23C363115B","备份代码重调度\第2篇代码-动态算法对比\AF_INSGA-II\HV\weakly_dominates.m","61","28"
"第2篇代码 - 静态自身策略对比\VNSNSGA-II\improved_elitism.m","4802727D622BDD7181FB4023F1677C78DBCDC37D24E233879000E4B6DB9A817D","备份代码重调度\第2篇代码-动态算法对比\CRS_MF_INSGA-II\improved_elitism.m","32","81"
"第2篇代码 - 静态自身策略对比\VNSNSGA-II\init.m","4147BCC1C87826155A2849DA3EB35303B1237F8775EB365375A908DA4BA784C5","第2篇代码 - 静态自身策略对比\VNSNSGA-II\init.m","2","945"
"第2篇代码 - 静态自身策略对比\VNSNSGA-II\initial_INSGA_II.m","7CDC7AD5C20716BA4BEFB044D2C8932671D25BE2E575C346F181933AE7277694","第","1","104"
"第2篇代码 - 静态自身策略对比\VNSNSGA-II\is_B_strongly_dominating_A.m","29012708DB01740C9F16EB512E490861EB3CDAD3DB47D1F3A353F0A2CF67AF10","备份代码重调度\第2篇代码-动态算法对比\CRS_MF_INSGA-II\is_B_strongly_dominating_A.m","34","10"
"第2篇代码 - 静态自身策略对比\VNSNSGA-II\load_transfer_time_compute.m","C524080FD4D65B5496B7B9F3174D752AEA149598A055E8670C24792AF433638A","备份代码重调度\第2篇代码-动态算法对比\AF_INSGA-II\load_transfer_time_compute.m","61","17"
"第2篇代码 - 静态自身策略对比\VNSNSGA-II\non_domination.m","0724F06FF4F61BFC09683F4212AF78FAF00254D1B60F4289D7E79DDECD49E376","备份代码重调度\第2篇代码-动态算法对比\AF_INSGA-II\non_domination.m","53","117"
"第2篇代码 - 静态自身策略对比\VNSNSGA-II\replace_chrom.m","CD0995F8E9A0D9D0D0CAB31A588C87926E58DDACF9C43A3CF28641EED7D2C2AA","备份代码重调度\第2篇代码-动态算法对比\AF_INSGA-II\replace_chrom.m","57","28"
"第2篇代码 - 静态自身策略对比\VNSNSGA-II\sorting.m","F79DC4C8E82716997587DCAB10AC62D5B60FEB8768C42AAE0301BBCDD5691504","备份代码重调度\第2篇代码-动态算法对比\Multi-NSGA-II\sorting.m","15","225"
"第2篇代码 - 静态自身策略对比\VNSNSGA-II\Spacing\Spacing.m","4036FAF38E49B4ABBD5BB9966BFCBEB9F285988B762C12AD2717598CF2E5131F","备份代码重调度\第2篇代码-动态算法对比\AF_INSGA-II\Spacing\Spacing.m","59","6"
"第2篇代码 - 静态自身策略对比\VNSNSGA-II\spare_transfer_time_compute.m","95C82B332EE671F3A8F5BF9EF5CE0A977F6B4BB519C80F79376A04850EAC69EC","备份代码重调度\第2篇代码-动态算法对比\AF_INSGA-II\spare_transfer_time_compute.m","61","30"
"第2篇代码 - 静态自身策略对比\VNSNSGA-II\table_insert.m","22331F99A901E22DFD0941730D3FB812EED678B26960066142FA788DB992930A","备份代码重调度\第2篇代码-动态算法对比\AF_INSGA-II\table_insert.m","52","54"
"第2篇代码 - 静态自身策略对比\VNSNSGA-II\tournament_selection.m","7C6821B39C7B108C1529D1415351D71BB375FEB1775F8F98BDDF90D2D19187C8","备份代码重调度\第2篇代码-动态算法对比\AF_INSGA-II\tournament_selection.m","59","36"
"第2篇代码 - 静态自身策略对比\VNSNSGA-II\variation.m","EB6280CB4CBD07B7D5FC90D136BB55F75BA42164DAF51335EC6A22ED7ACFE286","备份代码重调度\第2篇代码-动态算法对比\Multi-NSGA-II\variation.m","21","105"
"第2篇代码 - 静态自身策略对比\VNSNSGA-II\VNS.m","926B8F81E89FFC35A9D038CC845C6D0AC8CC135E191325344F8A31C80731191B","备份代码重调度\第2篇代码-动态算法对比\Multi-NSGA-II\VNS.m","11","174"
"第2篇代码 - 静态自身策略对比\VNSNSGA-II\weakly_dominates.m","48ABBDA62705EED81C942FA5BAC84E1B9E8C70B831A0C521030B748E8F5D52BE","备份代码重调度\第2篇代码-动态算法对比\AF_INSGA-II\weakly_dominates.m","55","21"
"第2篇代码-动态算法对比\AF_INSGA-II\AF_INSGA_II.m","643601BE3CC90E013B7CA9FE09B3F2562CCF88F8DED04F299F6AFE0BF2C38173","备份代码重调度\第2篇代码-动态算法对比\AF_INSGA-II\AF_INSGA_II.m","2","735"
"第2篇代码-动态算法对比\AF_INSGA-II\colorScheme.m","C1BCE19A043DB71A4C5F980FB8A637247562CB72F7512A872219A326218C62E8","备份代码重调度\第2篇代码-动态算法对比\AF_INSGA-II\colorScheme.m","34","54"
"第2篇代码-动态算法对比\AF_INSGA-II\decompose_AGVTable.m","96CA7BF36F78F7744876DA01A0D945F860A26E790A16FA6B4E6B18E3CECF5453","备份代码重调度\第2篇代码-动态算法对比\AF_INSGA-II\decompose_AGVTable.m","44","61"
"第2篇代码-动态算法对比\AF_INSGA-II\decompose_machineTable.m","9E258FA7B71314C28C3452FC35441F067033A5860A3329594C0516BBC3D59AFB","备份代码重调度\第2篇代码-动态算法对比\AF_INSGA-II\decompose_machineTable.m","61","51"
"第2篇代码-动态算法对比\AF_INSGA-II\fitness.m","16869B10FE73F91BD17AFE25AFC9F4443997D2749459EFCF98AAA994F54C1A6F","备份代码重调度\第2篇代码-动态算法对比\AF_INSGA-II\fitness.m","12","154"
"第2篇代码-动态算法对比\AF_INSGA-II\getState.m","AAEF9F0B6B38A793B201B96B8D7E1ED22ABC5900734AF8390F8B2A9F99F796C1","备份代码重调度\第2篇代码-动态算法对比\AF_INSGA-II\getState.m","53","20"
"第2篇代码-动态算法对比\AF_INSGA-II\HV\approximate_hypervolume_ms.m","5A2BD23E246CD1B350C14B7041681EBF2D8BAD6C7EEF34F3C040A14F5907F7FC","备份代码重调度\第2篇代码-动态算法对比\AF_INSGA-II\HV\approximate_hypervolume_ms.m","61","48"
"第2篇代码-动态算法对比\AF_INSGA-II\HV\compute_reference_point.m","FF450B1D2049531493E17CC130FDED18E7DA4A215B948545454B0AE34F43DB48","备份代码重调度\第2篇代码-动态算法对比\AF_INSGA-II\HV\compute_reference_point.m","61","38"
"第2篇代码-动态算法对比\AF_INSGA-II\HV\dominates.m","A5F892428228E1ADAAA89980C59144F660F333E7CEEDA3C24702C2AED5F09E67","备份代码重调度\第2篇代码-动态算法对比\AF_INSGA-II\HV\dominates.m","69","30"
"第2篇代码-动态算法对比\AF_INSGA-II\HV\lebesgue_measure.m","7581A8B79307E0F65A2C8361CE04C325BB089ACE90669AB7568531E40D27C1E6","备份代码重调度\第2篇代码-动态算法对比\AF_INSGA-II\HV\lebesgue_measure.m","61","149"
"第2篇代码-动态算法对比\AF_INSGA-II\HV\main.m","460254171EB2C76A578E3C589D9AC32DCFB60160C84D0CB932AA82D986003AF5","备份代码重调度\第2篇代码-动态算法对比\AF_INSGA-II\HV\main.m","61","14"
"第2篇代码-动态算法对比\AF_INSGA-II\HV\test_lebesgue_measure.m","941F7887F0FB86939F839CDEDD6092EFC4ADF05EAF15B746E57970569E24E62A","备份代码重调度\第2篇代码-动态算法对比\AF_INSGA-II\HV\test_lebesgue_measure.m","61","31"
"第2篇代码-动态算法对比\AF_INSGA-II\HV\weakly_dominates.m","98DF0FAD59040134E587C7D3BABB104FB1F75F06F39E07D7995C1C23C363115B","备份代码重调度\第2篇代码-动态算法对比\AF_INSGA-II\HV\weakly_dominates.m","61","28"
"第2篇代码-动态算法对比\AF_INSGA-II\init.m","9D62C043E5AA98DB2C5EACE1653F1EF3E3DEF28E5CA8B5F67CBA09BFDD250D9A","备份代码重调度\第2篇代码-动态算法对比\AF_INSGA-II\init.m","4","30"
"第2篇代码-动态算法对比\AF_INSGA-II\load_transfer_time_compute.m","C524080FD4D65B5496B7B9F3174D752AEA149598A055E8670C24792AF433638A","备份代码重调度\第2篇代码-动态算法对比\AF_INSGA-II\load_transfer_time_compute.m","61","17"
"第2篇代码-动态算法对比\AF_INSGA-II\machine_AGV_gantt_chart.m","96D7E4ADECF23E452FBF2D5FE43A665D37F25038CC4082B87E459542D20877C3","备份代码重调度\第2篇代码-动态算法对比\AF_INSGA-II\machine_AGV_gantt_chart.m","14","138"
"第2篇代码-动态算法对比\AF_INSGA-II\non_domination.m","0724F06FF4F61BFC09683F4212AF78FAF00254D1B60F4289D7E79DDECD49E376","备份代码重调度\第2篇代码-动态算法对比\AF_INSGA-II\non_domination.m","53","117"
"第2篇代码-动态算法对比\AF_INSGA-II\object3value.m","48793003255B4DD580ACC229268C0E2E077CF389710ACF160C90E991B4155FBE","备份代码重调度\第2篇代码-动态算法对比\AF_INSGA-II\object3value.m","32","38"
"第2篇代码-动态算法对比\AF_INSGA-II\opera_time.m","F677D3926382D7BC6AF084C78808BA769621622E056AE4224FA292B9980FD60E","备份代码重调度\第2篇代码-动态算法对比\AF_INSGA-II\opera_time.m","36","36"
"第2篇代码-动态算法对比\AF_INSGA-II\replace_chrom.m","CD0995F8E9A0D9D0D0CAB31A588C87926E58DDACF9C43A3CF28641EED7D2C2AA","备份代码重调度\第2篇代码-动态算法对比\AF_INSGA-II\replace_chrom.m","57","28"
"第2篇代码-动态算法对比\AF_INSGA-II\sorting.m","7850D4659494A874DD98F883F190DC49D7BC8179C9FC2B9872B8CB283C0BD7DB","备份代码重调度\第2篇代码-动态算法对比\AF_INSGA-II\sorting.m","23","228"
"第2篇代码-动态算法对比\AF_INSGA-II\Spacing\Spacing.m","4036FAF38E49B4ABBD5BB9966BFCBEB9F285988B762C12AD2717598CF2E5131F","备份代码重调度\第2篇代码-动态算法对比\AF_INSGA-II\Spacing\Spacing.m","59","6"
"第2篇代码-动态算法对比\AF_INSGA-II\spare_transfer_time_compute.m","95C82B332EE671F3A8F5BF9EF5CE0A977F6B4BB519C80F79376A04850EAC69EC","备份代码重调度\第2篇代码-动态算法对比\AF_INSGA-II\spare_transfer_time_compute.m","61","30"
"第2篇代码-动态算法对比\AF_INSGA-II\table_insert.m","22331F99A901E22DFD0941730D3FB812EED678B26960066142FA788DB992930A","备份代码重调度\第2篇代码-动态算法对比\AF_INSGA-II\table_insert.m","52","54"
"第2篇代码-动态算法对比\AF_INSGA-II\tournament_selection.m","7C6821B39C7B108C1529D1415351D71BB375FEB1775F8F98BDDF90D2D19187C8","备份代码重调度\第2篇代码-动态算法对比\AF_INSGA-II\tournament_selection.m","59","36"
"第2篇代码-动态算法对比\AF_INSGA-II\variation.m","5B07946042630F8AA1C5DE4AAA5F80087385F83004F40530CBC903AAF0A11A17","备份代码重调度\第2篇代码-动态算法对比\AF_INSGA-II\variation.m","19","109"
"第2篇代码-动态算法对比\AF_INSGA-II\VNS.m","18A1DE5F3F50E2B44D8ED1F5A69E21F1C655A9F80D14732F7D841B352B71D7BD","备份代码重调度\第2篇代码-动态算法对比\AF_INSGA-II\VNS.m","12","186"
"第2篇代码-动态算法对比\AF_INSGA-II\weakly_dominates.m","48ABBDA62705EED81C942FA5BAC84E1B9E8C70B831A0C521030B748E8F5D52BE","备份代码重调度\第2篇代码-动态算法对比\AF_INSGA-II\weakly_dominates.m","55","21"
"第2篇代码-动态算法对比\benchmarkRead.m","A27659E5567530C1F99ECFC641252DC594386F8003110FE2625AEF6FAEBD0831","备份代码重调度\第2篇代码-动态算法对比\benchmarkRead.m","2","63"
"第2篇代码-动态算法对比\C-metric\c_compute_A_B.m","3F3E54BCC95EE38D8F3F0049995AD290C19A18B90CA69A6113CAD7B4A62DFED5","备份代码重调度\第2篇代码-动态算法对比\C-metric\c_compute_A_B.m","8","14"
"第2篇代码-动态算法对比\C-metric\dominates.m","A5F892428228E1ADAAA89980C59144F660F333E7CEEDA3C24702C2AED5F09E67","备份代码重调度\第2篇代码-动态算法对比\AF_INSGA-II\HV\dominates.m","69","30"
"第2篇代码-动态算法对比\C-metric\main.m","D15D8B54B06A74FEB2D37F1C14A12A760A6F39E294EF21DA99CC31D18433BC43","备份代码重调度\第2篇代码-动态算法对比\C-metric\main.m","8","29"
"第2篇代码-动态算法对比\check_event_validity.m","9EB56BFA299036009CBC772B408776B7C3006FBD03AC73A775F54050E9B652EE","备份代码重调度\第2篇代码-动态算法对比\check_event_validity.m","2","64"
"第2篇代码-动态算法对比\colorScheme.m","9A8571DAE5C5FAF51C57FA75F189E0441D6331C37C7D0A98E8C9561628F7643D","备份代码重调度\第2篇代码-动态算法对比\colorScheme.m","10","84"
"第2篇代码-动态算法对比\CRS_AF_INSGA-II\AF_INSGA_II.m","3FA45C2B82F9F029460BED43E52C6EB2B6EE6D6AE93D7900EFBB1906D438D89C","备份代码重调度\第2篇代码-动态算法对比\CRS_AF_INSGA-II\AF_INSGA_II.m","2","735"
"第2篇代码-动态算法对比\CRS_AF_INSGA-II\colorScheme.m","C1BCE19A043DB71A4C5F980FB8A637247562CB72F7512A872219A326218C62E8","备份代码重调度\第2篇代码-动态算法对比\AF_INSGA-II\colorScheme.m","34","54"
"第2篇代码-动态算法对比\CRS_AF_INSGA-II\decompose_AGVTable.m","96CA7BF36F78F7744876DA01A0D945F860A26E790A16FA6B4E6B18E3CECF5453","备份代码重调度\第2篇代码-动态算法对比\AF_INSGA-II\decompose_AGVTable.m","44","61"
"第2篇代码-动态算法对比\CRS_AF_INSGA-II\decompose_machineTable.m","9E258FA7B71314C28C3452FC35441F067033A5860A3329594C0516BBC3D59AFB","备份代码重调度\第2篇代码-动态算法对比\AF_INSGA-II\decompose_machineTable.m","61","51"
"第2篇代码-动态算法对比\CRS_AF_INSGA-II\fitness.m","16869B10FE73F91BD17AFE25AFC9F4443997D2749459EFCF98AAA994F54C1A6F","备份代码重调度\第2篇代码-动态算法对比\AF_INSGA-II\fitness.m","12","154"
"第2篇代码-动态算法对比\CRS_AF_INSGA-II\getState.m","AAEF9F0B6B38A793B201B96B8D7E1ED22ABC5900734AF8390F8B2A9F99F796C1","备份代码重调度\第2篇代码-动态算法对比\AF_INSGA-II\getState.m","53","20"
"第2篇代码-动态算法对比\CRS_AF_INSGA-II\HV\approximate_hypervolume_ms.m","5A2BD23E246CD1B350C14B7041681EBF2D8BAD6C7EEF34F3C040A14F5907F7FC","备份代码重调度\第2篇代码-动态算法对比\AF_INSGA-II\HV\approximate_hypervolume_ms.m","61","48"
"第2篇代码-动态算法对比\CRS_AF_INSGA-II\HV\compute_reference_point.m","FF450B1D2049531493E17CC130FDED18E7DA4A215B948545454B0AE34F43DB48","备份代码重调度\第2篇代码-动态算法对比\AF_INSGA-II\HV\compute_reference_point.m","61","38"
"第2篇代码-动态算法对比\CRS_AF_INSGA-II\HV\dominates.m","A5F892428228E1ADAAA89980C59144F660F333E7CEEDA3C24702C2AED5F09E67","备份代码重调度\第2篇代码-动态算法对比\AF_INSGA-II\HV\dominates.m","69","30"
"第2篇代码-动态算法对比\CRS_AF_INSGA-II\HV\lebesgue_measure.m","7581A8B79307E0F65A2C8361CE04C325BB089ACE90669AB7568531E40D27C1E6","备份代码重调度\第2篇代码-动态算法对比\AF_INSGA-II\HV\lebesgue_measure.m","61","149"
"第2篇代码-动态算法对比\CRS_AF_INSGA-II\HV\main.m","460254171EB2C76A578E3C589D9AC32DCFB60160C84D0CB932AA82D986003AF5","备份代码重调度\第2篇代码-动态算法对比\AF_INSGA-II\HV\main.m","61","14"
"第2篇代码-动态算法对比\CRS_AF_INSGA-II\HV\test_lebesgue_measure.m","941F7887F0FB86939F839CDEDD6092EFC4ADF05EAF15B746E57970569E24E62A","备份代码重调度\第2篇代码-动态算法对比\AF_INSGA-II\HV\test_lebesgue_measure.m","61","31"
"第2篇代码-动态算法对比\CRS_AF_INSGA-II\HV\weakly_dominates.m","98DF0FAD59040134E587C7D3BABB104FB1F75F06F39E07D7995C1C23C363115B","备份代码重调度\第2篇代码-动态算法对比\AF_INSGA-II\HV\weakly_dominates.m","61","28"
"第2篇代码-动态算法对比\CRS_AF_INSGA-II\init.m","F36FEF2C2563E25F4AE86CFD42619DA7B0C95C3A8E2975FA815866814795F45F","备份代码重调度\第2篇代码-动态算法对比\CRS_AF_INSGA-II\init.m","4","37"
"第2篇代码-动态算法对比\CRS_AF_INSGA-II\load_transfer_time_compute.m","C524080FD4D65B5496B7B9F3174D752AEA149598A055E8670C24792AF433638A","备份代码重调度\第2篇代码-动态算法对比\AF_INSGA-II\load_transfer_time_compute.m","61","17"
"第2篇代码-动态算法对比\CRS_AF_INSGA-II\machine_AGV_gantt_chart.m","96D7E4ADECF23E452FBF2D5FE43A665D37F25038CC4082B87E459542D20877C3","备份代码重调度\第2篇代码-动态算法对比\AF_INSGA-II\machine_AGV_gantt_chart.m","14","138"
"第2篇代码-动态算法对比\CRS_AF_INSGA-II\non_domination.m","0724F06FF4F61BFC09683F4212AF78FAF00254D1B60F4289D7E79DDECD49E376","备份代码重调度\第2篇代码-动态算法对比\AF_INSGA-II\non_domination.m","53","117"
"第2篇代码-动态算法对比\CRS_AF_INSGA-II\object3value.m","48793003255B4DD580ACC229268C0E2E077CF389710ACF160C90E991B4155FBE","备份代码重调度\第2篇代码-动态算法对比\AF_INSGA-II\object3value.m","32","38"
"第2篇代码-动态算法对比\CRS_AF_INSGA-II\opera_time.m","F677D3926382D7BC6AF084C78808BA769621622E056AE4224FA292B9980FD60E","备份代码重调度\第2篇代码-动态算法对比\AF_INSGA-II\opera_time.m","36","36"
"第2篇代码-动态算法对比\CRS_AF_INSGA-II\replace_chrom.m","CD0995F8E9A0D9D0D0CAB31A588C87926E58DDACF9C43A3CF28641EED7D2C2AA","备份代码重调度\第2篇代码-动态算法对比\AF_INSGA-II\replace_chrom.m","57","28"
"第2篇代码-动态算法对比\CRS_AF_INSGA-II\sorting.m","7850D4659494A874DD98F883F190DC49D7BC8179C9FC2B9872B8CB283C0BD7DB","备份代码重调度\第2篇代码-动态算法对比\AF_INSGA-II\sorting.m","23","228"
"第2篇代码-动态算法对比\CRS_AF_INSGA-II\Spacing\Spacing.m","4036FAF38E49B4ABBD5BB9966BFCBEB9F285988B762C12AD2717598CF2E5131F","备份代码重调度\第2篇代码-动态算法对比\AF_INSGA-II\Spacing\Spacing.m","59","6"
"第2篇代码-动态算法对比\CRS_AF_INSGA-II\spare_transfer_time_compute.m","95C82B332EE671F3A8F5BF9EF5CE0A977F6B4BB519C80F79376A04850EAC69EC","备份代码重调度\第2篇代码-动态算法对比\AF_INSGA-II\spare_transfer_time_compute.m","61","30"
"第2篇代码-动态算法对比\CRS_AF_INSGA-II\table_insert.m","22331F99A901E22DFD0941730D3FB812EED678B26960066142FA788DB992930A","备份代码重调度\第2篇代码-动态算法对比\AF_INSGA-II\table_insert.m","52","54"
"第2篇代码-动态算法对比\CRS_AF_INSGA-II\tournament_selection.m","7C6821B39C7B108C1529D1415351D71BB375FEB1775F8F98BDDF90D2D19187C8","备份代码重调度\第2篇代码-动态算法对比\AF_INSGA-II\tournament_selection.m","59","36"
"第2篇代码-动态算法对比\CRS_AF_INSGA-II\variation.m","55C38529C10D49524028C02428AAC4570C3E61F65DD9ACA78A030172574A634E","备份代码重调度\第2篇代码-动态算法对比\CRS_AF_INSGA-II\variation.m","3","109"
"第2篇代码-动态算法对比\CRS_AF_INSGA-II\VNS.m","18A1DE5F3F50E2B44D8ED1F5A69E21F1C655A9F80D14732F7D841B352B71D7BD","备份代码重调度\第2篇代码-动态算法对比\AF_INSGA-II\VNS.m","12","186"
"第2篇代码-动态算法对比\CRS_AF_INSGA-II\weakly_dominates.m","48ABBDA62705EED81C942FA5BAC84E1B9E8C70B831A0C521030B748E8F5D52BE","备份代码重调度\第2篇代码-动态算法对比\AF_INSGA-II\weakly_dominates.m","55","21"
"第2篇代码-动态算法对比\CRS_MF_INSGA-II\aim_entropy.m","BF83F4220B215B0EB8DED6C2DB960B2D49AE2206647E52D7DC8CB789A9059C01","备份代码重调度\第2篇代码-动态算法对比\CRS_MF_INSGA-II\aim_entropy.m","24","26"
"第2篇代码-动态算法对比\CRS_MF_INSGA-II\both_reverse_pop.m","7E6AA14B05D0C47CF62D147AB082575F72A590A935498F7F225964BE989F3264","备份代码重调度\第2篇代码-动态算法对比\CRS_MF_INSGA-II\both_reverse_pop.m","24","165"
"第2篇代码-动态算法对比\CRS_MF_INSGA-II\colorScheme.m","9A8571DAE5C5FAF51C57FA75F189E0441D6331C37C7D0A98E8C9561628F7643D","备份代码重调度\第2篇代码-动态算法对比\colorScheme.m","10","84"
"第2篇代码-动态算法对比\CRS_MF_INSGA-II\Copy_OD_INSGA_II.m","FC4E555C7D51E3BBE1BD9225AC239F96E6E81D569FBC8FB0DC5CE6D60B648CBE","备份代码重调度\第2篇代码-动态算法对比\CRS_MF_INSGA-II\Copy_OD_INSGA_II.m","15","379"
"第2篇代码-动态算法对比\CRS_MF_INSGA-II\decompose_AGVTable.m","96CA7BF36F78F7744876DA01A0D945F860A26E790A16FA6B4E6B18E3CECF5453","备份代码重调度\第2篇代码-动态算法对比\AF_INSGA-II\decompose_AGVTable.m","44","61"
"第2篇代码-动态算法对比\CRS_MF_INSGA-II\decompose_machineTable.m","9E258FA7B71314C28C3452FC35441F067033A5860A3329594C0516BBC3D59AFB","备份代码重调度\第2篇代码-动态算法对比\AF_INSGA-II\decompose_machineTable.m","61","51"
"第2篇代码-动态算法对比\CRS_MF_INSGA-II\Entropy.m","DD2988BAD7157773DC8F9480F9BCFDCBC24B1FD4BDF95A947A3AA8FED3D0F2D7","备份代码重调度\第2篇代码-动态算法对比\CRS_MF_INSGA-II\Entropy.m","24","34"
"第2篇代码-动态算法对比\CRS_MF_INSGA-II\fitness.m","5BF476FF81C7B763D9F66678678EF4DAB662103996445BA134096D375350F345","备份代码重调度\第2篇代码-动态算法对比\CRS_MF_INSGA-II\fitness.m","11","154"
"第2篇代码-动态算法对比\CRS_MF_INSGA-II\getState.m","AAEF9F0B6B38A793B201B96B8D7E1ED22ABC5900734AF8390F8B2A9F99F796C1","备份代码重调度\第2篇代码-动态算法对比\AF_INSGA-II\getState.m","53","20"
"第2篇代码-动态算法对比\CRS_MF_INSGA-II\HV\approximate_hypervolume_ms.m","5A2BD23E246CD1B350C14B7041681EBF2D8BAD6C7EEF34F3C040A14F5907F7FC","备份代码重调度\第2篇代码-动态算法对比\AF_INSGA-II\HV\approximate_hypervolume_ms.m","61","48"
"第2篇代码-动态算法对比\CRS_MF_INSGA-II\HV\compute_reference_point.m","FF450B1D2049531493E17CC130FDED18E7DA4A215B948545454B0AE34F43DB48","备份代码重调度\第2篇代码-动态算法对比\AF_INSGA-II\HV\compute_reference_point.m","61","38"
"第2篇代码-动态算法对比\CRS_MF_INSGA-II\HV\dominates.m","A5F892428228E1ADAAA89980C59144F660F333E7CEEDA3C24702C2AED5F09E67","备份代码重调度\第2篇代码-动态算法对比\AF_INSGA-II\HV\dominates.m","69","30"
"第2篇代码-动态算法对比\CRS_MF_INSGA-II\HV\lebesgue_measure.m","7581A8B79307E0F65A2C8361CE04C325BB089ACE90669AB7568531E40D27C1E6","备份代码重调度\第2篇代码-动态算法对比\AF_INSGA-II\HV\lebesgue_measure.m","61","149"
"第2篇代码-动态算法对比\CRS_MF_INSGA-II\HV\main.m","460254171EB2C76A578E3C589D9AC32DCFB60160C84D0CB932AA82D986003AF5","备份代码重调度\第2篇代码-动态算法对比\AF_INSGA-II\HV\main.m","61","14"
"第2篇代码-动态算法对比\CRS_MF_INSGA-II\HV\test_lebesgue_measure.m","941F7887F0FB86939F839CDEDD6092EFC4ADF05EAF15B746E57970569E24E62A","备份代码重调度\第2篇代码-动态算法对比\AF_INSGA-II\HV\test_lebesgue_measure.m","61","31"
"第2篇代码-动态算法对比\CRS_MF_INSGA-II\HV\weakly_dominates.m","98DF0FAD59040134E587C7D3BABB104FB1F75F06F39E07D7995C1C23C363115B","备份代码重调度\第2篇代码-动态算法对比\AF_INSGA-II\HV\weakly_dominates.m","61","28"
"第2篇代码-动态算法对比\CRS_MF_INSGA-II\improved_elitism.m","4802727D622BDD7181FB4023F1677C78DBCDC37D24E233879000E4B6DB9A817D","备份代码重调度\第2篇代码-动态算法对比\CRS_MF_INSGA-II\improved_elitism.m","32","81"
"第2篇代码-动态算法对比\CRS_MF_INSGA-II\init.m","A6C7F129B72A9C20B97646427CE80CCA96CED75FB1D016F674A206241F5B37B8","备份代码重调度\第2篇代码-动态算法对比\CRS_MF_INSGA-II\init.m","2","33"
"第2篇代码-动态算法对比\CRS_MF_INSGA-II\is_B_strongly_dominating_A.m","29012708DB01740C9F16EB512E490861EB3CDAD3DB47D1F3A353F0A2CF67AF10","备份代码重调度\第2篇代码-动态算法对比\CRS_MF_INSGA-II\is_B_strongly_dominating_A.m","34","10"
"第2篇代码-动态算法对比\CRS_MF_INSGA-II\load_transfer_time_compute.m","C524080FD4D65B5496B7B9F3174D752AEA149598A055E8670C24792AF433638A","备份代码重调度\第2篇代码-动态算法对比\AF_INSGA-II\load_transfer_time_compute.m","61","17"
"第2篇代码-动态算法对比\CRS_MF_INSGA-II\machine_AGV_gantt_chart.m","6A85294CD4FED01386C93ACB9954A096853628E55CAE3E3605E398ED405BE71D","备份代码重调度\第2篇代码-动态算法对比\CRS_MF_INSGA-II\machine_AGV_gantt_chart.m","2","169"
"第2篇代码-动态算法对比\CRS_MF_INSGA-II\MF_INSGA_II.m","8B432A9AE081AB26860470AFD5E020E0A3D0DE41ADAC1E98D7C5D7241AD54557","备份代码重调度\第2篇代码-动态算法对比\CRS_MF_INSGA-II\MF_INSGA_II.m","2","645"
"第2篇代码-动态算法对比\CRS_MF_INSGA-II\non_domination.m","0724F06FF4F61BFC09683F4212AF78FAF00254D1B60F4289D7E79DDECD49E376","备份代码重调度\第2篇代码-动态算法对比\AF_INSGA-II\non_domination.m","53","117"
"第2篇代码-动态算法对比\CRS_MF_INSGA-II\object3value.m","48793003255B4DD580ACC229268C0E2E077CF389710ACF160C90E991B4155FBE","备份代码重调度\第2篇代码-动态算法对比\AF_INSGA-II\object3value.m","32","38"
"第2篇代码-动态算法对比\CRS_MF_INSGA-II\opera_time.m","F677D3926382D7BC6AF084C78808BA769621622E056AE4224FA292B9980FD60E","备份代码重调度\第2篇代码-动态算法对比\AF_INSGA-II\opera_time.m","36","36"
"第2篇代码-动态算法对比\CRS_MF_INSGA-II\replace_chrom.m","CD0995F8E9A0D9D0D0CAB31A588C87926E58DDACF9C43A3CF28641EED7D2C2AA","备份代码重调度\第2篇代码-动态算法对比\AF_INSGA-II\replace_chrom.m","57","28"
"第2篇代码-动态算法对比\CRS_MF_INSGA-II\reverse_pop.m","C265430B80D0C4DB4BE5C7FA76A70C0C0787A5DF09726A288293F4661007421B","备份代码重调度\第2篇代码-动态算法对比\CRS_MF_INSGA-II\reverse_pop.m","15","167"
"第2篇代码-动态算法对比\CRS_MF_INSGA-II\sorting.m","7850D4659494A874DD98F883F190DC49D7BC8179C9FC2B9872B8CB283C0BD7DB","备份代码重调度\第2篇代码-动态算法对比\AF_INSGA-II\sorting.m","23","228"
"第2篇代码-动态算法对比\CRS_MF_INSGA-II\Spacing\Spacing.m","4036FAF38E49B4ABBD5BB9966BFCBEB9F285988B762C12AD2717598CF2E5131F","备份代码重调度\第2篇代码-动态算法对比\AF_INSGA-II\Spacing\Spacing.m","59","6"
"第2篇代码-动态算法对比\CRS_MF_INSGA-II\spare_transfer_time_compute.m","95C82B332EE671F3A8F5BF9EF5CE0A977F6B4BB519C80F79376A04850EAC69EC","备份代码重调度\第2篇代码-动态算法对比\AF_INSGA-II\spare_transfer_time_compute.m","61","30"
"第2篇代码-动态算法对比\CRS_MF_INSGA-II\table_insert.m","22331F99A901E22DFD0941730D3FB812EED678B26960066142FA788DB992930A","备份代码重调度\第2篇代码-动态算法对比\AF_INSGA-II\table_insert.m","52","54"
"第2篇代码-动态算法对比\CRS_MF_INSGA-II\tournament_selection.m","7C6821B39C7B108C1529D1415351D71BB375FEB1775F8F98BDDF90D2D19187C8","备份代码重调度\第2篇代码-动态算法对比\AF_INSGA-II\tournament_selection.m","59","36"
"第2篇代码-动态算法对比\CRS_MF_INSGA-II\variation.m","5B07946042630F8AA1C5DE4AAA5F80087385F83004F40530CBC903AAF0A11A17","备份代码重调度\第2篇代码-动态算法对比\AF_INSGA-II\variation.m","19","109"
"第2篇代码-动态算法对比\CRS_MF_INSGA-II\VNS.m","86095BF9A78FA1C4210F23297317726CDEA7E4D0930F6E665B68639008F03DC5","备份代码重调度\第2篇代码-动态算法对比\CRS_MF_INSGA-II\VNS.m","11","57"
"第2篇代码-动态算法对比\CRS_MF_INSGA-II\weakly_dominates.m","48ABBDA62705EED81C942FA5BAC84E1B9E8C70B831A0C521030B748E8F5D52BE","备份代码重调度\第2篇代码-动态算法对比\AF_INSGA-II\weakly_dominates.m","55","21"
"第2篇代码-动态算法对比\CRS_OD_INSGA-II\aim_entropy.m","BF83F4220B215B0EB8DED6C2DB960B2D49AE2206647E52D7DC8CB789A9059C01","备份代码重调度\第2篇代码-动态算法对比\CRS_MF_INSGA-II\aim_entropy.m","24","26"
"第2篇代码-动态算法对比\CRS_OD_INSGA-II\both_reverse_pop.m","7E6AA14B05D0C47CF62D147AB082575F72A590A935498F7F225964BE989F3264","备份代码重调度\第2篇代码-动态算法对比\CRS_MF_INSGA-II\both_reverse_pop.m","24","165"
"第2篇代码-动态算法对比\CRS_OD_INSGA-II\colorScheme.m","C1BCE19A043DB71A4C5F980FB8A637247562CB72F7512A872219A326218C62E8","备份代码重调度\第2篇代码-动态算法对比\AF_INSGA-II\colorScheme.m","34","54"
"第2篇代码-动态算法对比\CRS_OD_INSGA-II\decompose_AGVTable.m","96CA7BF36F78F7744876DA01A0D945F860A26E790A16FA6B4E6B18E3CECF5453","备份代码重调度\第2篇代码-动态算法对比\AF_INSGA-II\decompose_AGVTable.m","44","61"
"第2篇代码-动态算法对比\CRS_OD_INSGA-II\decompose_machineTable.m","9E258FA7B71314C28C3452FC35441F067033A5860A3329594C0516BBC3D59AFB","备份代码重调度\第2篇代码-动态算法对比\AF_INSGA-II\decompose_machineTable.m","61","51"
"第2篇代码-动态算法对比\CRS_OD_INSGA-II\Entropy.m","DD2988BAD7157773DC8F9480F9BCFDCBC24B1FD4BDF95A947A3AA8FED3D0F2D7","备份代码重调度\第2篇代码-动态算法对比\CRS_MF_INSGA-II\Entropy.m","24","34"
"第2篇代码-动态算法对比\CRS_OD_INSGA-II\fitness.m","499FBF5A8FC5B6389239B4FA61A18A99A2E8D1CC8AB39A2B983396926D59A444","备份代码重调度\第2篇代码-动态算法对比\CRS_OD_INSGA-II\fitness.m","4","164"
"第2篇代码-动态算法对比\CRS_OD_INSGA-II\getState.m","AAEF9F0B6B38A793B201B96B8D7E1ED22ABC5900734AF8390F8B2A9F99F796C1","备份代码重调度\第2篇代码-动态算法对比\AF_INSGA-II\getState.m","53","20"
"第2篇代码-动态算法对比\CRS_OD_INSGA-II\HV\approximate_hypervolume_ms.m","5A2BD23E246CD1B350C14B7041681EBF2D8BAD6C7EEF34F3C040A14F5907F7FC","备份代码重调度\第2篇代码-动态算法对比\AF_INSGA-II\HV\approximate_hypervolume_ms.m","61","48"
"第2篇代码-动态算法对比\CRS_OD_INSGA-II\HV\compute_reference_point.m","FF450B1D2049531493E17CC130FDED18E7DA4A215B948545454B0AE34F43DB48","备份代码重调度\第2篇代码-动态算法对比\AF_INSGA-II\HV\compute_reference_point.m","61","38"
"第2篇代码-动态算法对比\CRS_OD_INSGA-II\HV\dominates.m","A5F892428228E1ADAAA89980C59144F660F333E7CEEDA3C24702C2AED5F09E67","备份代码重调度\第2篇代码-动态算法对比\AF_INSGA-II\HV\dominates.m","69","30"
"第2篇代码-动态算法对比\CRS_OD_INSGA-II\HV\lebesgue_measure.m","7581A8B79307E0F65A2C8361CE04C325BB089ACE90669AB7568531E40D27C1E6","备份代码重调度\第2篇代码-动态算法对比\AF_INSGA-II\HV\lebesgue_measure.m","61","149"
"第2篇代码-动态算法对比\CRS_OD_INSGA-II\HV\main.m","460254171EB2C76A578E3C589D9AC32DCFB60160C84D0CB932AA82D986003AF5","备份代码重调度\第2篇代码-动态算法对比\AF_INSGA-II\HV\main.m","61","14"
"第2篇代码-动态算法对比\CRS_OD_INSGA-II\HV\test_lebesgue_measure.m","941F7887F0FB86939F839CDEDD6092EFC4ADF05EAF15B746E57970569E24E62A","备份代码重调度\第2篇代码-动态算法对比\AF_INSGA-II\HV\test_lebesgue_measure.m","61","31"
"第2篇代码-动态算法对比\CRS_OD_INSGA-II\HV\weakly_dominates.m","98DF0FAD59040134E587C7D3BABB104FB1F75F06F39E07D7995C1C23C363115B","备份代码重调度\第2篇代码-动态算法对比\AF_INSGA-II\HV\weakly_dominates.m","61","28"
"第2篇代码-动态算法对比\CRS_OD_INSGA-II\init.m","D3B6EF9F2F0DBC865992D6C11FE40FF4AFC50C167118DC7137771000ADBDDE5E","备份代码重调度\第2篇代码-动态算法对比\CRS_OD_INSGA-II\init.m","3","49"
"第2篇代码-动态算法对比\CRS_OD_INSGA-II\INSGA_II.m","07264DB24717BA35F4E5AA37B8F4FCBFE6573E45B3104C4ED46E4F32CEC0B8F6","备份代码重调度\第2篇代码-动态算法对比\CRS_OD_INSGA-II\INSGA_II.m","9","380"
"第2篇代码-动态算法对比\CRS_OD_INSGA-II\load_transfer_time_compute.m","C524080FD4D65B5496B7B9F3174D752AEA149598A055E8670C24792AF433638A","备份代码重调度\第2篇代码-动态算法对比\AF_INSGA-II\load_transfer_time_compute.m","61","17"
"第2篇代码-动态算法对比\CRS_OD_INSGA-II\machine_AGV_gantt_chart.m","590458C39ECE1677188ABCC8E4EF3FC23A9B6144C7998DD151CFC10C09CEBE0B","备份代码重调度\第2篇代码-动态算法对比\CRS_OD_INSGA-II\machine_AGV_gantt_chart.m","4","131"
"第2篇代码-动态算法对比\CRS_OD_INSGA-II\non_domination.m","0724F06FF4F61BFC09683F4212AF78FAF00254D1B60F4289D7E79DDECD49E376","备份代码重调度\第2篇代码-动态算法对比\AF_INSGA-II\non_domination.m","53","117"
"第2篇代码-动态算法对比\CRS_OD_INSGA-II\object3value.m","48793003255B4DD580ACC229268C0E2E077CF389710ACF160C90E991B4155FBE","备份代码重调度\第2篇代码-动态算法对比\AF_INSGA-II\object3value.m","32","38"
"第2篇代码-动态算法对比\CRS_OD_INSGA-II\OD_INSGA_II.m","EDA2196D0AB474A23B756E7E225B869D813A579D51AD032CDACA4024DF4CA9A6","备份代码重调度\第2篇代码-动态算法对比\CRS_OD_INSGA-II\OD_INSGA_II.m","3","672"
"第2篇代码-动态算法对比\CRS_OD_INSGA-II\OD_INSGA_II副本.m","64D48250B949744550EF2422FB7F7ED644CF78BDFF3C4DF7699951ED17014116","备份代码重调度\第2篇代码-动态算法对比\CRS_OD_INSGA-II\OD_INSGA_II副本.m","4","541"
"第2篇代码-动态算法对比\CRS_OD_INSGA-II\opera_time.m","F677D3926382D7BC6AF084C78808BA769621622E056AE4224FA292B9980FD60E","备份代码重调度\第2篇代码-动态算法对比\AF_INSGA-II\opera_time.m","36","36"
"第2篇代码-动态算法对比\CRS_OD_INSGA-II\replace_chrom.m","CD0995F8E9A0D9D0D0CAB31A588C87926E58DDACF9C43A3CF28641EED7D2C2AA","备份代码重调度\第2篇代码-动态算法对比\AF_INSGA-II\replace_chrom.m","57","28"
"第2篇代码-动态算法对比\CRS_OD_INSGA-II\sorting.m","26E01A8961584E4139B9FF0E862FDC28B102DBA58575194A6E7EB7E28ECD2B2D","备份代码重调度\第2篇代码-动态算法对比\CRS_OD_INSGA-II\sorting.m","9","234"
"第2篇代码-动态算法对比\CRS_OD_INSGA-II\Spacing\Spacing.m","4036FAF38E49B4ABBD5BB9966BFCBEB9F285988B762C12AD2717598CF2E5131F","备份代码重调度\第2篇代码-动态算法对比\AF_INSGA-II\Spacing\Spacing.m","59","6"
"第2篇代码-动态算法对比\CRS_OD_INSGA-II\spare_transfer_time_compute.m","95C82B332EE671F3A8F5BF9EF5CE0A977F6B4BB519C80F79376A04850EAC69EC","备份代码重调度\第2篇代码-动态算法对比\AF_INSGA-II\spare_transfer_time_compute.m","61","30"
"第2篇代码-动态算法对比\CRS_OD_INSGA-II\table_insert.m","F335A1ADF0EAB7DC892CE1680755ADC8AD130F23296F83905ADC2E1C6CD81A92","备份代码重调度\第2篇代码-动态算法对比\CRS_OD_INSGA-II\table_insert.m","9","54"
"第2篇代码-动态算法对比\CRS_OD_INSGA-II\tournament_selection.m","7C6821B39C7B108C1529D1415351D71BB375FEB1775F8F98BDDF90D2D19187C8","备份代码重调度\第2篇代码-动态算法对比\AF_INSGA-II\tournament_selection.m","59","36"
"第2篇代码-动态算法对比\CRS_OD_INSGA-II\variation.m","AE91547FB2366F5016FB603CBBD1824FD804918E7CD49D30D220E1CC2B43DC69","备份代码重调度\第2篇代码-动态算法对比\CRS_OD_INSGA-II\variation.m","3","110"
"第2篇代码-动态算法对比\CRS_OD_INSGA-II\variation副本.m","BD0CB76DA488001777A87C40D570CD946295AAA72729870A935622A16457462D","备份代码重调度\第2篇代码-动态算法对比\CRS_OD_INSGA-II\variation副本.m","4","107"
"第2篇代码-动态算法对比\CRS_OD_INSGA-II\VNS.m","5196917BC0B3573C2FEAA6B8ED4A17AE882AF1887908F3EDD54FCB583F3BD34E","备份代码重调度\第2篇代码-动态算法对比\CRS_OD_INSGA-II\VNS.m","4","185"
"第2篇代码-动态算法对比\CRS_OD_INSGA-II\weakly_dominates.m","48ABBDA62705EED81C942FA5BAC84E1B9E8C70B831A0C521030B748E8F5D52BE","备份代码重调度\第2篇代码-动态算法对比\AF_INSGA-II\weakly_dominates.m","55","21"
"第2篇代码-动态算法对比\CRS_OI_INSGA-II\aim_entropy.m","BF83F4220B215B0EB8DED6C2DB960B2D49AE2206647E52D7DC8CB789A9059C01","备份代码重调度\第2篇代码-动态算法对比\CRS_MF_INSGA-II\aim_entropy.m","24","26"
"第2篇代码-动态算法对比\CRS_OI_INSGA-II\both_reverse_pop.m","7E6AA14B05D0C47CF62D147AB082575F72A590A935498F7F225964BE989F3264","备份代码重调度\第2篇代码-动态算法对比\CRS_MF_INSGA-II\both_reverse_pop.m","24","165"
"第2篇代码-动态算法对比\CRS_OI_INSGA-II\buildLockedUntil.m","366F05D1FAB16A67D91B830F6F6178CE88B0A08381CA2D9B1C74335D7451D19A","备份代码重调度\第2篇代码-动态算法对比\CRS_OI_INSGA-II\buildLockedUntil.m","2","37"
"第2篇代码-动态算法对比\CRS_OI_INSGA-II\buildLockMaskFromOS.m","EF95BB01EC5BA170BF4C455210C8CD846C631859BA64198EFB7C9BBF7EB21ADA","备份代码重调度\第2篇代码-动态算法对比\CRS_OI_INSGA-II\buildLockMaskFromOS.m","2","30"
"第2篇代码-动态算法对比\CRS_OI_INSGA-II\buildTransportedUntil.m","534AF5897CFF3755793B81280C29ECE075D435A57B9DAA4F9DC94C1DF544FA2B","备份代码重调度\第2篇代码-动态算法对比\CRS_OI_INSGA-II\buildTransportedUntil.m","2","33"
"第2篇代码-动态算法对比\CRS_OI_INSGA-II\colorScheme.m","9A8571DAE5C5FAF51C57FA75F189E0441D6331C37C7D0A98E8C9561628F7643D","备份代码重调度\第2篇代码-动态算法对比\colorScheme.m","10","84"
"第2篇代码-动态算法对比\CRS_OI_INSGA-II\Copy_OD_INSGA_II.m","FC4E555C7D51E3BBE1BD9225AC239F96E6E81D569FBC8FB0DC5CE6D60B648CBE","备份代码重调度\第2篇代码-动态算法对比\CRS_MF_INSGA-II\Copy_OD_INSGA_II.m","15","379"
"第2篇代码-动态算法对比\CRS_OI_INSGA-II\decompose_AGVTable.m","96CA7BF36F78F7744876DA01A0D945F860A26E790A16FA6B4E6B18E3CECF5453","备份代码重调度\第2篇代码-动态算法对比\AF_INSGA-II\decompose_AGVTable.m","44","61"
"第2篇代码-动态算法对比\CRS_OI_INSGA-II\decompose_machineTable.m","9E258FA7B71314C28C3452FC35441F067033A5860A3329594C0516BBC3D59AFB","备份代码重调度\第2篇代码-动态算法对比\AF_INSGA-II\decompose_machineTable.m","61","51"
"第2篇代码-动态算法对比\CRS_OI_INSGA-II\Entropy.m","DD2988BAD7157773DC8F9480F9BCFDCBC24B1FD4BDF95A947A3AA8FED3D0F2D7","备份代码重调度\第2篇代码-动态算法对比\CRS_MF_INSGA-II\Entropy.m","24","34"
"第2篇代码-动态算法对比\CRS_OI_INSGA-II\fitness.m","3D32FF412F2439628E6A5EF41BE08C361F2660967663D45EC723458BDC89B99C","备份代码重调度\第2篇代码-动态算法对比\CRS_OI_INSGA-II\fitness.m","2","183"
"第2篇代码-动态算法对比\CRS_OI_INSGA-II\getState.m","AAEF9F0B6B38A793B201B96B8D7E1ED22ABC5900734AF8390F8B2A9F99F796C1","备份代码重调度\第2篇代码-动态算法对比\AF_INSGA-II\getState.m","53","20"
"第2篇代码-动态算法对比\CRS_OI_INSGA-II\HV\approximate_hypervolume_ms.m","5A2BD23E246CD1B350C14B7041681EBF2D8BAD6C7EEF34F3C040A14F5907F7FC","备份代码重调度\第2篇代码-动态算法对比\AF_INSGA-II\HV\approximate_hypervolume_ms.m","61","48"
"第2篇代码-动态算法对比\CRS_OI_INSGA-II\HV\compute_reference_point.m","FF450B1D2049531493E17CC130FDED18E7DA4A215B948545454B0AE34F43DB48","备份代码重调度\第2篇代码-动态算法对比\AF_INSGA-II\HV\compute_reference_point.m","61","38"
"第2篇代码-动态算法对比\CRS_OI_INSGA-II\HV\dominates.m","A5F892428228E1ADAAA89980C59144F660F333E7CEEDA3C24702C2AED5F09E67","备份代码重调度\第2篇代码-动态算法对比\AF_INSGA-II\HV\dominates.m","69","30"
"第2篇代码-动态算法对比\CRS_OI_INSGA-II\HV\lebesgue_measure.m","7581A8B79307E0F65A2C8361CE04C325BB089ACE90669AB7568531E40D27C1E6","备份代码重调度\第2篇代码-动态算法对比\AF_INSGA-II\HV\lebesgue_measure.m","61","149"
"第2篇代码-动态算法对比\CRS_OI_INSGA-II\HV\main.m","460254171EB2C76A578E3C589D9AC32DCFB60160C84D0CB932AA82D986003AF5","备份代码重调度\第2篇代码-动态算法对比\AF_INSGA-II\HV\main.m","61","14"
"第2篇代码-动态算法对比\CRS_OI_INSGA-II\HV\test_lebesgue_measure.m","941F7887F0FB86939F839CDEDD6092EFC4ADF05EAF15B746E57970569E24E62A","备份代码重调度\第2篇代码-动态算法对比\AF_INSGA-II\HV\test_lebesgue_measure.m","61","31"
"第2篇代码-动态算法对比\CRS_OI_INSGA-II\HV\weakly_dominates.m","98DF0FAD59040134E587C7D3BABB104FB1F75F06F39E07D7995C1C23C363115B","备份代码重调度\第2篇代码-动态算法对比\AF_INSGA-II\HV\weakly_dominates.m","61","28"
"第2篇代码-动态算法对比\CRS_OI_INSGA-II\improved_elitism.m","4802727D622BDD7181FB4023F1677C78DBCDC37D24E233879000E4B6DB9A817D","备份代码重调度\第2篇代码-动态算法对比\CRS_MF_INSGA-II\improved_elitism.m","32","81"
"第2篇代码-动态算法对比\CRS_OI_INSGA-II\init.m","83BC44C5ACE7CF4BCAFD7604F583B66C80F92B9662EC3F972A74CBB2F76B01F3","备份代码重调度\第2篇代码-动态算法对比\CRS_OI_INSGA-II\init.m","2","37"
"第2篇代码-动态算法对比\CRS_OI_INSGA-II\INSGA_II.m","6597B70D93EF600369CFB19C44C1C279AFBAEF2EBA697F47018DE4C0E41F4B80","备份代码重调度\第2篇代码-动态算法对比\CRS_OI_INSGA-II\INSGA_II.m","2","380"
"第2篇代码-动态算法对比\CRS_OI_INSGA-II\is_B_strongly_dominating_A.m","29012708DB01740C9F16EB512E490861EB3CDAD3DB47D1F3A353F0A2CF67AF10","备份代码重调度\第2篇代码-动态算法对比\CRS_MF_INSGA-II\is_B_strongly_dominating_A.m","34","10"
"第2篇代码-动态算法对比\CRS_OI_INSGA-II\load_transfer_time_compute.m","C524080FD4D65B5496B7B9F3174D752AEA149598A055E8670C24792AF433638A","备份代码重调度\第2篇代码-动态算法对比\AF_INSGA-II\load_transfer_time_compute.m","61","17"
"第2篇代码-动态算法对比\CRS_OI_INSGA-II\machine_AGV_gantt_chart.m","CC31D89E6E8C9299BED474CD8934472196D603B641F96C358ADC5CFBC5B19993","备份代码重调度\第2篇代码-动态算法对比\CRS_OI_INSGA-II\machine_AGV_gantt_chart.m","2","163"
"第2篇代码-动态算法对比\CRS_OI_INSGA-II\non_domination.m","0724F06FF4F61BFC09683F4212AF78FAF00254D1B60F4289D7E79DDECD49E376","备份代码重调度\第2篇代码-动态算法对比\AF_INSGA-II\non_domination.m","53","117"
"第2篇代码-动态算法对比\CRS_OI_INSGA-II\object3value.m","63180E56F74087BBC7EDDBF36FF89114B32132BDCDD250A46B4936B86D3CB118","备份代码重调度\第2篇代码-动态算法对比\CRS_OI_INSGA-II\object3value.m","4","45"
"第2篇代码-动态算法对比\CRS_OI_INSGA-II\OI_INSGA_II.m","3D0DD574695595CC2E152905CD7AF3C5197758FE88E1576A6F1BBB762400FCCD","第","1","242"
"第2篇代码-动态算法对比\CRS_OI_INSGA-II\opera_time.m","F677D3926382D7BC6AF084C78808BA769621622E056AE4224FA292B9980FD60E","备份代码重调度\第2篇代码-动态算法对比\AF_INSGA-II\opera_time.m","36","36"
"第2篇代码-动态算法对比\CRS_OI_INSGA-II\replace_chrom.m","CD0995F8E9A0D9D0D0CAB31A588C87926E58DDACF9C43A3CF28641EED7D2C2AA","备份代码重调度\第2篇代码-动态算法对比\AF_INSGA-II\replace_chrom.m","57","28"
"第2篇代码-动态算法对比\CRS_OI_INSGA-II\reverse_pop.m","C265430B80D0C4DB4BE5C7FA76A70C0C0787A5DF09726A288293F4661007421B","备份代码重调度\第2篇代码-动态算法对比\CRS_MF_INSGA-II\reverse_pop.m","15","167"
"第2篇代码-动态算法对比\CRS_OI_INSGA-II\sorting.m","F084F76AB2C39C732FD5E3DE6436655B7513B4F645D1FFDF0D4C3DCF6BF8D110","备份代码重调度\第2篇代码-动态算法对比\CRS_OI_INSGA-II\sorting.m","2","168"
"第2篇代码-动态算法对比\CRS_OI_INSGA-II\Spacing\Spacing.m","4036FAF38E49B4ABBD5BB9966BFCBEB9F285988B762C12AD2717598CF2E5131F","备份代码重调度\第2篇代码-动态算法对比\AF_INSGA-II\Spacing\Spacing.m","59","6"
"第2篇代码-动态算法对比\CRS_OI_INSGA-II\spare_transfer_time_compute.m","95C82B332EE671F3A8F5BF9EF5CE0A977F6B4BB519C80F79376A04850EAC69EC","备份代码重调度\第2篇代码-动态算法对比\AF_INSGA-II\spare_transfer_time_compute.m","61","30"
"第2篇代码-动态算法对比\CRS_OI_INSGA-II\table_insert.m","22331F99A901E22DFD0941730D3FB812EED678B26960066142FA788DB992930A","备份代码重调度\第2篇代码-动态算法对比\AF_INSGA-II\table_insert.m","52","54"
"第2篇代码-动态算法对比\CRS_OI_INSGA-II\tournament_selection.m","7C6821B39C7B108C1529D1415351D71BB375FEB1775F8F98BDDF90D2D19187C8","备份代码重调度\第2篇代码-动态算法对比\AF_INSGA-II\tournament_selection.m","59","36"
"第2篇代码-动态算法对比\CRS_OI_INSGA-II\variation.m","3ED85B6197D34D897ED4FDB97D15FABF0249C4CA7CFC55AA59BE3A79F22B7AF3","备份代码重调度\第2篇代码-动态算法对比\CRS_OI_INSGA-II\variation.m","2","105"
"第2篇代码-动态算法对比\CRS_OI_INSGA-II\VNS.m","1764D74C3648DFD10012389A5B05D362A3219E26449391396025BE31635433CB","备份代码重调度\第2篇代码-动态算法对比\CRS_OI_INSGA-II\VNS.m","2","183"
"第2篇代码-动态算法对比\CRS_OI_INSGA-II\weakly_dominates.m","48ABBDA62705EED81C942FA5BAC84E1B9E8C70B831A0C521030B748E8F5D52BE","备份代码重调度\第2篇代码-动态算法对比\AF_INSGA-II\weakly_dominates.m","55","21"
"第2篇代码-动态算法对比\dif_main.m","39671E98779C38779441757FC0564FF1B6CEA2E8D0FA5329F6A3E3CF8F69F5C1","第","1","244"
"第2篇代码-动态算法对比\distance_from_xy.m","C8691ED2E4C625F8377D733A67B70264E67766F390220CE517F976A2A6856722","备份代码重调度\第2篇代码-动态算法对比\distance_from_xy.m","8","35"
"第2篇代码-动态算法对比\energy_plot.m","26EFE49108DE14F48128B41525A42BF673287B0F44FE94C4F574240503FBC9E1","备份代码重调度\第2篇代码-动态算法对比\energy_plot.m","8","19"
"第2篇代码-动态算法对比\getRescheduleInitialState.m","D50F1A88BA60AAA2BB26D33EA46EE28BD5CE5017A28FB5AF107A02BEF743724B","备份代码重调度\第2篇代码-动态算法对比\getRescheduleInitialState.m","2","233"
"第2篇代码-动态算法对比\HV\approximate_hypervolume_ms.m","5A2BD23E246CD1B350C14B7041681EBF2D8BAD6C7EEF34F3C040A14F5907F7FC","备份代码重调度\第2篇代码-动态算法对比\AF_INSGA-II\HV\approximate_hypervolume_ms.m","61","48"
"第2篇代码-动态算法对比\HV\compute_reference_point.m","FF450B1D2049531493E17CC130FDED18E7DA4A215B948545454B0AE34F43DB48","备份代码重调度\第2篇代码-动态算法对比\AF_INSGA-II\HV\compute_reference_point.m","61","38"
"第2篇代码-动态算法对比\HV\dominates.m","A5F892428228E1ADAAA89980C59144F660F333E7CEEDA3C24702C2AED5F09E67","备份代码重调度\第2篇代码-动态算法对比\AF_INSGA-II\HV\dominates.m","69","30"
"第2篇代码-动态算法对比\HV\lebesgue_measure.m","7581A8B79307E0F65A2C8361CE04C325BB089ACE90669AB7568531E40D27C1E6","备份代码重调度\第2篇代码-动态算法对比\AF_INSGA-II\HV\lebesgue_measure.m","61","149"
"第2篇代码-动态算法对比\HV\main.m","460254171EB2C76A578E3C589D9AC32DCFB60160C84D0CB932AA82D986003AF5","备份代码重调度\第2篇代码-动态算法对比\AF_INSGA-II\HV\main.m","61","14"
"第2篇代码-动态算法对比\HV\test_lebesgue_measure.m","941F7887F0FB86939F839CDEDD6092EFC4ADF05EAF15B746E57970569E24E62A","备份代码重调度\第2篇代码-动态算法对比\AF_INSGA-II\HV\test_lebesgue_measure.m","61","31"
"第2篇代码-动态算法对比\HV\weakly_dominates.m","98DF0FAD59040134E587C7D3BABB104FB1F75F06F39E07D7995C1C23C363115B","备份代码重调度\第2篇代码-动态算法对比\AF_INSGA-II\HV\weakly_dominates.m","61","28"
"第2篇代码-动态算法对比\IGD\IGD_compution.m","5CB0BFC528C5C6978C37AB6FAF12EEC58B23A6C9D948662658D046182820265A","备份代码重调度\第2篇代码-动态算法对比\IGD\IGD_compution.m","8","14"
"第2篇代码-动态算法对比\init.m","B15A3F18AC0E1928599EA390E276D3A5B44011E9E1E6A984B638F82E56C110E3","备份代码重调度\第2篇代码-动态算法对比\init.m","2","87"
"第2篇代码-动态算法对比\initial_AF_INSGA-II\AF_INSGA_II.m","C6FBC1600557D3ECB4D43B4E346786F51741E734C24E6C6160D7A58201ED2FDC","备份代码重调度\第2篇代码-动态算法对比\initial_AF_INSGA-II\AF_INSGA_II.m","2","603"
"第2篇代码-动态算法对比\initial_AF_INSGA-II\colorScheme.m","C1BCE19A043DB71A4C5F980FB8A637247562CB72F7512A872219A326218C62E8","备份代码重调度\第2篇代码-动态算法对比\AF_INSGA-II\colorScheme.m","34","54"
"第2篇代码-动态算法对比\initial_AF_INSGA-II\decompose_AGVTable.m","96CA7BF36F78F7744876DA01A0D945F860A26E790A16FA6B4E6B18E3CECF5453","备份代码重调度\第2篇代码-动态算法对比\AF_INSGA-II\decompose_AGVTable.m","44","61"
"第2篇代码-动态算法对比\initial_AF_INSGA-II\decompose_machineTable.m","9E258FA7B71314C28C3452FC35441F067033A5860A3329594C0516BBC3D59AFB","备份代码重调度\第2篇代码-动态算法对比\AF_INSGA-II\decompose_machineTable.m","61","51"
"第2篇代码-动态算法对比\initial_AF_INSGA-II\fitness.m","16869B10FE73F91BD17AFE25AFC9F4443997D2749459EFCF98AAA994F54C1A6F","备份代码重调度\第2篇代码-动态算法对比\AF_INSGA-II\fitness.m","12","154"
"第2篇代码-动态算法对比\initial_AF_INSGA-II\getState.m","AAEF9F0B6B38A793B201B96B8D7E1ED22ABC5900734AF8390F8B2A9F99F796C1","备份代码重调度\第2篇代码-动态算法对比\AF_INSGA-II\getState.m","53","20"
"第2篇代码-动态算法对比\initial_AF_INSGA-II\HV\approximate_hypervolume_ms.m","5A2BD23E246CD1B350C14B7041681EBF2D8BAD6C7EEF34F3C040A14F5907F7FC","备份代码重调度\第2篇代码-动态算法对比\AF_INSGA-II\HV\approximate_hypervolume_ms.m","61","48"
"第2篇代码-动态算法对比\initial_AF_INSGA-II\HV\compute_reference_point.m","FF450B1D2049531493E17CC130FDED18E7DA4A215B948545454B0AE34F43DB48","备份代码重调度\第2篇代码-动态算法对比\AF_INSGA-II\HV\compute_reference_point.m","61","38"
"第2篇代码-动态算法对比\initial_AF_INSGA-II\HV\dominates.m","A5F892428228E1ADAAA89980C59144F660F333E7CEEDA3C24702C2AED5F09E67","备份代码重调度\第2篇代码-动态算法对比\AF_INSGA-II\HV\dominates.m","69","30"
"第2篇代码-动态算法对比\initial_AF_INSGA-II\HV\lebesgue_measure.m","7581A8B79307E0F65A2C8361CE04C325BB089ACE90669AB7568531E40D27C1E6","备份代码重调度\第2篇代码-动态算法对比\AF_INSGA-II\HV\lebesgue_measure.m","61","149"
"第2篇代码-动态算法对比\initial_AF_INSGA-II\HV\main.m","460254171EB2C76A578E3C589D9AC32DCFB60160C84D0CB932AA82D986003AF5","备份代码重调度\第2篇代码-动态算法对比\AF_INSGA-II\HV\main.m","61","14"
"第2篇代码-动态算法对比\initial_AF_INSGA-II\HV\test_lebesgue_measure.m","941F7887F0FB86939F839CDEDD6092EFC4ADF05EAF15B746E57970569E24E62A","备份代码重调度\第2篇代码-动态算法对比\AF_INSGA-II\HV\test_lebesgue_measure.m","61","31"
"第2篇代码-动态算法对比\initial_AF_INSGA-II\HV\weakly_dominates.m","98DF0FAD59040134E587C7D3BABB104FB1F75F06F39E07D7995C1C23C363115B","备份代码重调度\第2篇代码-动态算法对比\AF_INSGA-II\HV\weakly_dominates.m","61","28"
"第2篇代码-动态算法对比\initial_AF_INSGA-II\init.m","92E26B2D0FAC4510A4342A8213D6CA4B6D33C77C5A6E4AE88109BE169677FA48","备份代码重调度\第2篇代码-动态算法对比\initial_AF_INSGA-II\init.m","4","27"
"第2篇代码-动态算法对比\initial_AF_INSGA-II\load_transfer_time_compute.m","C524080FD4D65B5496B7B9F3174D752AEA149598A055E8670C24792AF433638A","备份代码重调度\第2篇代码-动态算法对比\AF_INSGA-II\load_transfer_time_compute.m","61","17"
"第2篇代码-动态算法对比\initial_AF_INSGA-II\machine_AGV_gantt_chart.m","96D7E4ADECF23E452FBF2D5FE43A665D37F25038CC4082B87E459542D20877C3","备份代码重调度\第2篇代码-动态算法对比\AF_INSGA-II\machine_AGV_gantt_chart.m","14","138"
"第2篇代码-动态算法对比\initial_AF_INSGA-II\non_domination.m","0724F06FF4F61BFC09683F4212AF78FAF00254D1B60F4289D7E79DDECD49E376","备份代码重调度\第2篇代码-动态算法对比\AF_INSGA-II\non_domination.m","53","117"
"第2篇代码-动态算法对比\initial_AF_INSGA-II\object3value.m","48793003255B4DD580ACC229268C0E2E077CF389710ACF160C90E991B4155FBE","备份代码重调度\第2篇代码-动态算法对比\AF_INSGA-II\object3value.m","32","38"
"第2篇代码-动态算法对比\initial_AF_INSGA-II\opera_time.m","F677D3926382D7BC6AF084C78808BA769621622E056AE4224FA292B9980FD60E","备份代码重调度\第2篇代码-动态算法对比\AF_INSGA-II\opera_time.m","36","36"
"第2篇代码-动态算法对比\initial_AF_INSGA-II\replace_chrom.m","CD0995F8E9A0D9D0D0CAB31A588C87926E58DDACF9C43A3CF28641EED7D2C2AA","备份代码重调度\第2篇代码-动态算法对比\AF_INSGA-II\replace_chrom.m","57","28"
"第2篇代码-动态算法对比\initial_AF_INSGA-II\sorting.m","7850D4659494A874DD98F883F190DC49D7BC8179C9FC2B9872B8CB283C0BD7DB","备份代码重调度\第2篇代码-动态算法对比\AF_INSGA-II\sorting.m","23","228"
"第2篇代码-动态算法对比\initial_AF_INSGA-II\Spacing\Spacing.m","4036FAF38E49B4ABBD5BB9966BFCBEB9F285988B762C12AD2717598CF2E5131F","备份代码重调度\第2篇代码-动态算法对比\AF_INSGA-II\Spacing\Spacing.m","59","6"
"第2篇代码-动态算法对比\initial_AF_INSGA-II\spare_transfer_time_compute.m","95C82B332EE671F3A8F5BF9EF5CE0A977F6B4BB519C80F79376A04850EAC69EC","备份代码重调度\第2篇代码-动态算法对比\AF_INSGA-II\spare_transfer_time_compute.m","61","30"
"第2篇代码-动态算法对比\initial_AF_INSGA-II\table_insert.m","22331F99A901E22DFD0941730D3FB812EED678B26960066142FA788DB992930A","备份代码重调度\第2篇代码-动态算法对比\AF_INSGA-II\table_insert.m","52","54"
"第2篇代码-动态算法对比\initial_AF_INSGA-II\tournament_selection.m","7C6821B39C7B108C1529D1415351D71BB375FEB1775F8F98BDDF90D2D19187C8","备份代码重调度\第2篇代码-动态算法对比\AF_INSGA-II\tournament_selection.m","59","36"
"第2篇代码-动态算法对比\initial_AF_INSGA-II\variation.m","5B07946042630F8AA1C5DE4AAA5F80087385F83004F40530CBC903AAF0A11A17","备份代码重调度\第2篇代码-动态算法对比\AF_INSGA-II\variation.m","19","109"
"第2篇代码-动态算法对比\initial_AF_INSGA-II\VNS.m","18A1DE5F3F50E2B44D8ED1F5A69E21F1C655A9F80D14732F7D841B352B71D7BD","备份代码重调度\第2篇代码-动态算法对比\AF_INSGA-II\VNS.m","12","186"
"第2篇代码-动态算法对比\initial_AF_INSGA-II\weakly_dominates.m","48ABBDA62705EED81C942FA5BAC84E1B9E8C70B831A0C521030B748E8F5D52BE","备份代码重调度\第2篇代码-动态算法对比\AF_INSGA-II\weakly_dominates.m","55","21"
"第2篇代码-动态算法对比\initial_MF_INSGA-II\aim_entropy.m","BF83F4220B215B0EB8DED6C2DB960B2D49AE2206647E52D7DC8CB789A9059C01","备份代码重调度\第2篇代码-动态算法对比\CRS_MF_INSGA-II\aim_entropy.m","24","26"
"第2篇代码-动态算法对比\initial_MF_INSGA-II\both_reverse_pop.m","7E6AA14B05D0C47CF62D147AB082575F72A590A935498F7F225964BE989F3264","备份代码重调度\第2篇代码-动态算法对比\CRS_MF_INSGA-II\both_reverse_pop.m","24","165"
"第2篇代码-动态算法对比\initial_MF_INSGA-II\colorScheme.m","9A8571DAE5C5FAF51C57FA75F189E0441D6331C37C7D0A98E8C9561628F7643D","备份代码重调度\第2篇代码-动态算法对比\colorScheme.m","10","84"
"第2篇代码-动态算法对比\initial_MF_INSGA-II\Copy_OD_INSGA_II.m","FC4E555C7D51E3BBE1BD9225AC239F96E6E81D569FBC8FB0DC5CE6D60B648CBE","备份代码重调度\第2篇代码-动态算法对比\CRS_MF_INSGA-II\Copy_OD_INSGA_II.m","15","379"
"第2篇代码-动态算法对比\initial_MF_INSGA-II\decompose_AGVTable.m","96CA7BF36F78F7744876DA01A0D945F860A26E790A16FA6B4E6B18E3CECF5453","备份代码重调度\第2篇代码-动态算法对比\AF_INSGA-II\decompose_AGVTable.m","44","61"
"第2篇代码-动态算法对比\initial_MF_INSGA-II\decompose_machineTable.m","9E258FA7B71314C28C3452FC35441F067033A5860A3329594C0516BBC3D59AFB","备份代码重调度\第2篇代码-动态算法对比\AF_INSGA-II\decompose_machineTable.m","61","51"
"第2篇代码-动态算法对比\initial_MF_INSGA-II\Entropy.m","DD2988BAD7157773DC8F9480F9BCFDCBC24B1FD4BDF95A947A3AA8FED3D0F2D7","备份代码重调度\第2篇代码-动态算法对比\CRS_MF_INSGA-II\Entropy.m","24","34"
"第2篇代码-动态算法对比\initial_MF_INSGA-II\fitness.m","5BF476FF81C7B763D9F66678678EF4DAB662103996445BA134096D375350F345","备份代码重调度\第2篇代码-动态算法对比\CRS_MF_INSGA-II\fitness.m","11","154"
"第2篇代码-动态算法对比\initial_MF_INSGA-II\getState.m","AAEF9F0B6B38A793B201B96B8D7E1ED22ABC5900734AF8390F8B2A9F99F796C1","备份代码重调度\第2篇代码-动态算法对比\AF_INSGA-II\getState.m","53","20"
"第2篇代码-动态算法对比\initial_MF_INSGA-II\HV\approximate_hypervolume_ms.m","5A2BD23E246CD1B350C14B7041681EBF2D8BAD6C7EEF34F3C040A14F5907F7FC","备份代码重调度\第2篇代码-动态算法对比\AF_INSGA-II\HV\approximate_hypervolume_ms.m","61","48"
"第2篇代码-动态算法对比\initial_MF_INSGA-II\HV\compute_reference_point.m","FF450B1D2049531493E17CC130FDED18E7DA4A215B948545454B0AE34F43DB48","备份代码重调度\第2篇代码-动态算法对比\AF_INSGA-II\HV\compute_reference_point.m","61","38"
"第2篇代码-动态算法对比\initial_MF_INSGA-II\HV\dominates.m","A5F892428228E1ADAAA89980C59144F660F333E7CEEDA3C24702C2AED5F09E67","备份代码重调度\第2篇代码-动态算法对比\AF_INSGA-II\HV\dominates.m","69","30"
"第2篇代码-动态算法对比\initial_MF_INSGA-II\HV\lebesgue_measure.m","7581A8B79307E0F65A2C8361CE04C325BB089ACE90669AB7568531E40D27C1E6","备份代码重调度\第2篇代码-动态算法对比\AF_INSGA-II\HV\lebesgue_measure.m","61","149"
"第2篇代码-动态算法对比\initial_MF_INSGA-II\HV\main.m","460254171EB2C76A578E3C589D9AC32DCFB60160C84D0CB932AA82D986003AF5","备份代码重调度\第2篇代码-动态算法对比\AF_INSGA-II\HV\main.m","61","14"
"第2篇代码-动态算法对比\initial_MF_INSGA-II\HV\test_lebesgue_measure.m","941F7887F0FB86939F839CDEDD6092EFC4ADF05EAF15B746E57970569E24E62A","备份代码重调度\第2篇代码-动态算法对比\AF_INSGA-II\HV\test_lebesgue_measure.m","61","31"
"第2篇代码-动态算法对比\initial_MF_INSGA-II\HV\weakly_dominates.m","98DF0FAD59040134E587C7D3BABB104FB1F75F06F39E07D7995C1C23C363115B","备份代码重调度\第2篇代码-动态算法对比\AF_INSGA-II\HV\weakly_dominates.m","61","28"
"第2篇代码-动态算法对比\initial_MF_INSGA-II\improved_elitism.m","4802727D622BDD7181FB4023F1677C78DBCDC37D24E233879000E4B6DB9A817D","备份代码重调度\第2篇代码-动态算法对比\CRS_MF_INSGA-II\improved_elitism.m","32","81"
"第2篇代码-动态算法对比\initial_MF_INSGA-II\init.m","77FFA51D791E8B470154F1B361C8CC9CC0547C02ED55A6549D4C392A4261D2DE","备份代码重调度\第2篇代码-动态算法对比\initial_MF_INSGA-II\init.m","4","36"
"第2篇代码-动态算法对比\initial_MF_INSGA-II\is_B_strongly_dominating_A.m","29012708DB01740C9F16EB512E490861EB3CDAD3DB47D1F3A353F0A2CF67AF10","备份代码重调度\第2篇代码-动态算法对比\CRS_MF_INSGA-II\is_B_strongly_dominating_A.m","34","10"
"第2篇代码-动态算法对比\initial_MF_INSGA-II\load_transfer_time_compute.m","C524080FD4D65B5496B7B9F3174D752AEA149598A055E8670C24792AF433638A","备份代码重调度\第2篇代码-动态算法对比\AF_INSGA-II\load_transfer_time_compute.m","61","17"
"第2篇代码-动态算法对比\initial_MF_INSGA-II\machine_AGV_gantt_chart.m","CF795A73C826AC17F81485649FCFDF3BBAAF9FCFE827D9B8E99B6CF19440801B","备份代码重调度\第2篇代码-动态算法对比\initial_MF_INSGA-II\machine_AGV_gantt_chart.m","2","163"
"第2篇代码-动态算法对比\initial_MF_INSGA-II\MF_INSGA_II.m","F2150A0C7FAC599BBC35F1B089AE4D4485EB952FBFD699F368D8B039CB05FA88","备份代码重调度\第2篇代码-动态算法对比\initial_MF_INSGA-II\MF_INSGA_II.m","2","574"
"第2篇代码-动态算法对比\initial_MF_INSGA-II\non_domination.m","0724F06FF4F61BFC09683F4212AF78FAF00254D1B60F4289D7E79DDECD49E376","备份代码重调度\第2篇代码-动态算法对比\AF_INSGA-II\non_domination.m","53","117"
"第2篇代码-动态算法对比\initial_MF_INSGA-II\object3value.m","48793003255B4DD580ACC229268C0E2E077CF389710ACF160C90E991B4155FBE","备份代码重调度\第2篇代码-动态算法对比\AF_INSGA-II\object3value.m","32","38"
"第2篇代码-动态算法对比\initial_MF_INSGA-II\opera_time.m","F677D3926382D7BC6AF084C78808BA769621622E056AE4224FA292B9980FD60E","备份代码重调度\第2篇代码-动态算法对比\AF_INSGA-II\opera_time.m","36","36"
"第2篇代码-动态算法对比\initial_MF_INSGA-II\replace_chrom.m","CD0995F8E9A0D9D0D0CAB31A588C87926E58DDACF9C43A3CF28641EED7D2C2AA","备份代码重调度\第2篇代码-动态算法对比\AF_INSGA-II\replace_chrom.m","57","28"
"第2篇代码-动态算法对比\initial_MF_INSGA-II\reverse_pop.m","C265430B80D0C4DB4BE5C7FA76A70C0C0787A5DF09726A288293F4661007421B","备份代码重调度\第2篇代码-动态算法对比\CRS_MF_INSGA-II\reverse_pop.m","15","167"
"第2篇代码-动态算法对比\initial_MF_INSGA-II\sorting.m","7850D4659494A874DD98F883F190DC49D7BC8179C9FC2B9872B8CB283C0BD7DB","备份代码重调度\第2篇代码-动态算法对比\AF_INSGA-II\sorting.m","23","228"
"第2篇代码-动态算法对比\initial_MF_INSGA-II\Spacing\Spacing.m","4036FAF38E49B4ABBD5BB9966BFCBEB9F285988B762C12AD2717598CF2E5131F","备份代码重调度\第2篇代码-动态算法对比\AF_INSGA-II\Spacing\Spacing.m","59","6"
"第2篇代码-动态算法对比\initial_MF_INSGA-II\spare_transfer_time_compute.m","95C82B332EE671F3A8F5BF9EF5CE0A977F6B4BB519C80F79376A04850EAC69EC","备份代码重调度\第2篇代码-动态算法对比\AF_INSGA-II\spare_transfer_time_compute.m","61","30"
"第2篇代码-动态算法对比\initial_MF_INSGA-II\table_insert.m","22331F99A901E22DFD0941730D3FB812EED678B26960066142FA788DB992930A","备份代码重调度\第2篇代码-动态算法对比\AF_INSGA-II\table_insert.m","52","54"
"第2篇代码-动态算法对比\initial_MF_INSGA-II\tournament_selection.m","7C6821B39C7B108C1529D1415351D71BB375FEB1775F8F98BDDF90D2D19187C8","备份代码重调度\第2篇代码-动态算法对比\AF_INSGA-II\tournament_selection.m","59","36"
"第2篇代码-动态算法对比\initial_MF_INSGA-II\variation.m","5B07946042630F8AA1C5DE4AAA5F80087385F83004F40530CBC903AAF0A11A17","备份代码重调度\第2篇代码-动态算法对比\AF_INSGA-II\variation.m","19","109"
"第2篇代码-动态算法对比\initial_MF_INSGA-II\VNS.m","86095BF9A78FA1C4210F23297317726CDEA7E4D0930F6E665B68639008F03DC5","备份代码重调度\第2篇代码-动态算法对比\CRS_MF_INSGA-II\VNS.m","11","57"
"第2篇代码-动态算法对比\initial_MF_INSGA-II\weakly_dominates.m","48ABBDA62705EED81C942FA5BAC84E1B9E8C70B831A0C521030B748E8F5D52BE","备份代码重调度\第2篇代码-动态算法对比\AF_INSGA-II\weakly_dominates.m","55","21"
"第2篇代码-动态算法对比\initial_NSGA-II\decompose_AGVTable.m","E0FABF783EAA9EA3FC803BBAE7AA92C40D9E39F560F7857829899C3667D908EF","备份代码重调度\第2篇代码-动态算法对比\initial_NSGA-II\decompose_AGVTable.m","17","65"
"第2篇代码-动态算法对比\initial_NSGA-II\decompose_machineTable.m","9E258FA7B71314C28C3452FC35441F067033A5860A3329594C0516BBC3D59AFB","备份代码重调度\第2篇代码-动态算法对比\AF_INSGA-II\decompose_machineTable.m","61","51"
"第2篇代码-动态算法对比\initial_NSGA-II\fitness.m","CB45A2A20DB4AB0220BED11373EE06965259A3D378911AD46C1FAEC63FD44E8A","备份代码重调度\第2篇代码-动态算法对比\initial_NSGA-II\fitness.m","17","82"
"第2篇代码-动态算法对比\initial_NSGA-II\getState.m","AAEF9F0B6B38A793B201B96B8D7E1ED22ABC5900734AF8390F8B2A9F99F796C1","备份代码重调度\第2篇代码-动态算法对比\AF_INSGA-II\getState.m","53","20"
"第2篇代码-动态算法对比\initial_NSGA-II\HV\approximate_hypervolume_ms.m","5A2BD23E246CD1B350C14B7041681EBF2D8BAD6C7EEF34F3C040A14F5907F7FC","备份代码重调度\第2篇代码-动态算法对比\AF_INSGA-II\HV\approximate_hypervolume_ms.m","61","48"
"第2篇代码-动态算法对比\initial_NSGA-II\HV\compute_reference_point.m","FF450B1D2049531493E17CC130FDED18E7DA4A215B948545454B0AE34F43DB48","备份代码重调度\第2篇代码-动态算法对比\AF_INSGA-II\HV\compute_reference_point.m","61","38"
"第2篇代码-动态算法对比\initial_NSGA-II\HV\dominates.m","A5F892428228E1ADAAA89980C59144F660F333E7CEEDA3C24702C2AED5F09E67","备份代码重调度\第2篇代码-动态算法对比\AF_INSGA-II\HV\dominates.m","69","30"
"第2篇代码-动态算法对比\initial_NSGA-II\HV\lebesgue_measure.m","7581A8B79307E0F65A2C8361CE04C325BB089ACE90669AB7568531E40D27C1E6","备份代码重调度\第2篇代码-动态算法对比\AF_INSGA-II\HV\lebesgue_measure.m","61","149"
"第2篇代码-动态算法对比\initial_NSGA-II\HV\main.m","460254171EB2C76A578E3C589D9AC32DCFB60160C84D0CB932AA82D986003AF5","备份代码重调度\第2篇代码-动态算法对比\AF_INSGA-II\HV\main.m","61","14"
"第2篇代码-动态算法对比\initial_NSGA-II\HV\test_lebesgue_measure.m","941F7887F0FB86939F839CDEDD6092EFC4ADF05EAF15B746E57970569E24E62A","备份代码重调度\第2篇代码-动态算法对比\AF_INSGA-II\HV\test_lebesgue_measure.m","61","31"
"第2篇代码-动态算法对比\initial_NSGA-II\HV\weakly_dominates.m","98DF0FAD59040134E587C7D3BABB104FB1F75F06F39E07D7995C1C23C363115B","备份代码重调度\第2篇代码-动态算法对比\AF_INSGA-II\HV\weakly_dominates.m","61","28"
"第2篇代码-动态算法对比\initial_NSGA-II\improved_elitism.m","4802727D622BDD7181FB4023F1677C78DBCDC37D24E233879000E4B6DB9A817D","备份代码重调度\第2篇代码-动态算法对比\CRS_MF_INSGA-II\improved_elitism.m","32","81"
"第2篇代码-动态算法对比\initial_NSGA-II\init.m","51AB8D2353AB477F858F024CCA4633F3456947123B37E50CD9655F9505F8115B","备份代码重调度\第2篇代码-动态算法对比\initial_NSGA-II\init.m","2","394"
"第2篇代码-动态算法对比\initial_NSGA-II\initial_INSGA_II.m","D26A329243BFD0C0912D37139E8E08C0FB574D94EBAE55CBB77FC6AD7A203C88","备份代码重调度\第2篇代码-动态算法对比\initial_NSGA-II\initial_INSGA_II.m","2","202"
"第2篇代码-动态算法对比\initial_NSGA-II\is_B_strongly_dominating_A.m","29012708DB01740C9F16EB512E490861EB3CDAD3DB47D1F3A353F0A2CF67AF10","备份代码重调度\第2篇代码-动态算法对比\CRS_MF_INSGA-II\is_B_strongly_dominating_A.m","34","10"
"第2篇代码-动态算法对比\initial_NSGA-II\load_transfer_time_compute.m","C524080FD4D65B5496B7B9F3174D752AEA149598A055E8670C24792AF433638A","备份代码重调度\第2篇代码-动态算法对比\AF_INSGA-II\load_transfer_time_compute.m","61","17"
"第2篇代码-动态算法对比\initial_NSGA-II\machine_AGV_gantt_chart.m","66D122323AA288C46842FEE15DF0C13FC5F0B9FA89BA25150D7D7EFD9806DC2B","备份代码重调度\第2篇代码-动态算法对比\initial_NSGA-II\machine_AGV_gantt_chart.m","2","149"
"第2篇代码-动态算法对比\initial_NSGA-II\non_domination.m","0724F06FF4F61BFC09683F4212AF78FAF00254D1B60F4289D7E79DDECD49E376","备份代码重调度\第2篇代码-动态算法对比\AF_INSGA-II\non_domination.m","53","117"
"第2篇代码-动态算法对比\initial_NSGA-II\replace_chrom.m","CD0995F8E9A0D9D0D0CAB31A588C87926E58DDACF9C43A3CF28641EED7D2C2AA","备份代码重调度\第2篇代码-动态算法对比\AF_INSGA-II\replace_chrom.m","57","28"
"第2篇代码-动态算法对比\initial_NSGA-II\sorting.m","C9BEAA91E008082B1D18B2616E0ADC4FEAF9F7DEAB85390BFF0206E1D6248F9D","备份代码重调度\第2篇代码-动态算法对比\initial_NSGA-II\sorting.m","2","171"
"第2篇代码-动态算法对比\initial_NSGA-II\Spacing\Spacing.m","4036FAF38E49B4ABBD5BB9966BFCBEB9F285988B762C12AD2717598CF2E5131F","备份代码重调度\第2篇代码-动态算法对比\AF_INSGA-II\Spacing\Spacing.m","59","6"
"第2篇代码-动态算法对比\initial_NSGA-II\spare_transfer_time_compute.m","95C82B332EE671F3A8F5BF9EF5CE0A977F6B4BB519C80F79376A04850EAC69EC","备份代码重调度\第2篇代码-动态算法对比\AF_INSGA-II\spare_transfer_time_compute.m","61","30"
"第2篇代码-动态算法对比\initial_NSGA-II\table_insert.m","22331F99A901E22DFD0941730D3FB812EED678B26960066142FA788DB992930A","备份代码重调度\第2篇代码-动态算法对比\AF_INSGA-II\table_insert.m","52","54"
"第2篇代码-动态算法对比\initial_NSGA-II\tournament_selection.m","7C6821B39C7B108C1529D1415351D71BB375FEB1775F8F98BDDF90D2D19187C8","备份代码重调度\第2篇代码-动态算法对比\AF_INSGA-II\tournament_selection.m","59","36"
"第2篇代码-动态算法对比\initial_NSGA-II\variation.m","916190C90D77E02D8B4F42E4F5BAC30A93DE37D09297CC4A878C5E2FE4EAC2C3","备份代码重调度\第2篇代码-动态算法对比\initial_NSGA-II\variation.m","2","105"
"第2篇代码-动态算法对比\initial_NSGA-II\VNS.m","3710F54C6036F33B799E5E6A7A594FD99318ADDD1B337DAD8B837A4A8607D69F","备份代码重调度\第2篇代码-动态算法对比\initial_NSGA-II\VNS.m","2","174"
"第2篇代码-动态算法对比\initial_NSGA-II\weakly_dominates.m","48ABBDA62705EED81C942FA5BAC84E1B9E8C70B831A0C521030B748E8F5D52BE","备份代码重调度\第2篇代码-动态算法对比\AF_INSGA-II\weakly_dominates.m","55","21"
"第2篇代码-动态算法对比\machine_AGV_gantt_chart.m","C09F403B7B9AE68E9D9994BEB8BD9D78CCC0A3C87F6B4EE567D9A6D48FF44C1C","备份代码重调度\第2篇代码-动态算法对比\machine_AGV_gantt_chart.m","2","161"
"第2篇代码-动态算法对比\MF_INSGA-II\aim_entropy.m","BF83F4220B215B0EB8DED6C2DB960B2D49AE2206647E52D7DC8CB789A9059C01","备份代码重调度\第2篇代码-动态算法对比\CRS_MF_INSGA-II\aim_entropy.m","24","26"
"第2篇代码-动态算法对比\MF_INSGA-II\both_reverse_pop.m","7E6AA14B05D0C47CF62D147AB082575F72A590A935498F7F225964BE989F3264","备份代码重调度\第2篇代码-动态算法对比\CRS_MF_INSGA-II\both_reverse_pop.m","24","165"
"第2篇代码-动态算法对比\MF_INSGA-II\colorScheme.m","9A8571DAE5C5FAF51C57FA75F189E0441D6331C37C7D0A98E8C9561628F7643D","备份代码重调度\第2篇代码-动态算法对比\colorScheme.m","10","84"
"第2篇代码-动态算法对比\MF_INSGA-II\Copy_OD_INSGA_II.m","FC4E555C7D51E3BBE1BD9225AC239F96E6E81D569FBC8FB0DC5CE6D60B648CBE","备份代码重调度\第2篇代码-动态算法对比\CRS_MF_INSGA-II\Copy_OD_INSGA_II.m","15","379"
"第2篇代码-动态算法对比\MF_INSGA-II\decompose_AGVTable.m","96CA7BF36F78F7744876DA01A0D945F860A26E790A16FA6B4E6B18E3CECF5453","备份代码重调度\第2篇代码-动态算法对比\AF_INSGA-II\decompose_AGVTable.m","44","61"
"第2篇代码-动态算法对比\MF_INSGA-II\decompose_machineTable.m","9E258FA7B71314C28C3452FC35441F067033A5860A3329594C0516BBC3D59AFB","备份代码重调度\第2篇代码-动态算法对比\AF_INSGA-II\decompose_machineTable.m","61","51"
"第2篇代码-动态算法对比\MF_INSGA-II\Entropy.m","DD2988BAD7157773DC8F9480F9BCFDCBC24B1FD4BDF95A947A3AA8FED3D0F2D7","备份代码重调度\第2篇代码-动态算法对比\CRS_MF_INSGA-II\Entropy.m","24","34"
"第2篇代码-动态算法对比\MF_INSGA-II\fitness.m","5BF476FF81C7B763D9F66678678EF4DAB662103996445BA134096D375350F345","备份代码重调度\第2篇代码-动态算法对比\CRS_MF_INSGA-II\fitness.m","11","154"
"第2篇代码-动态算法对比\MF_INSGA-II\getState.m","AAEF9F0B6B38A793B201B96B8D7E1ED22ABC5900734AF8390F8B2A9F99F796C1","备份代码重调度\第2篇代码-动态算法对比\AF_INSGA-II\getState.m","53","20"
"第2篇代码-动态算法对比\MF_INSGA-II\HV\approximate_hypervolume_ms.m","5A2BD23E246CD1B350C14B7041681EBF2D8BAD6C7EEF34F3C040A14F5907F7FC","备份代码重调度\第2篇代码-动态算法对比\AF_INSGA-II\HV\approximate_hypervolume_ms.m","61","48"
"第2篇代码-动态算法对比\MF_INSGA-II\HV\compute_reference_point.m","FF450B1D2049531493E17CC130FDED18E7DA4A215B948545454B0AE34F43DB48","备份代码重调度\第2篇代码-动态算法对比\AF_INSGA-II\HV\compute_reference_point.m","61","38"
"第2篇代码-动态算法对比\MF_INSGA-II\HV\dominates.m","A5F892428228E1ADAAA89980C59144F660F333E7CEEDA3C24702C2AED5F09E67","备份代码重调度\第2篇代码-动态算法对比\AF_INSGA-II\HV\dominates.m","69","30"
"第2篇代码-动态算法对比\MF_INSGA-II\HV\lebesgue_measure.m","7581A8B79307E0F65A2C8361CE04C325BB089ACE90669AB7568531E40D27C1E6","备份代码重调度\第2篇代码-动态算法对比\AF_INSGA-II\HV\lebesgue_measure.m","61","149"
"第2篇代码-动态算法对比\MF_INSGA-II\HV\main.m","460254171EB2C76A578E3C589D9AC32DCFB60160C84D0CB932AA82D986003AF5","备份代码重调度\第2篇代码-动态算法对比\AF_INSGA-II\HV\main.m","61","14"
"第2篇代码-动态算法对比\MF_INSGA-II\HV\test_lebesgue_measure.m","941F7887F0FB86939F839CDEDD6092EFC4ADF05EAF15B746E57970569E24E62A","备份代码重调度\第2篇代码-动态算法对比\AF_INSGA-II\HV\test_lebesgue_measure.m","61","31"
"第2篇代码-动态算法对比\MF_INSGA-II\HV\weakly_dominates.m","98DF0FAD59040134E587C7D3BABB104FB1F75F06F39E07D7995C1C23C363115B","备份代码重调度\第2篇代码-动态算法对比\AF_INSGA-II\HV\weakly_dominates.m","61","28"
"第2篇代码-动态算法对比\MF_INSGA-II\improved_elitism.m","4802727D622BDD7181FB4023F1677C78DBCDC37D24E233879000E4B6DB9A817D","备份代码重调度\第2篇代码-动态算法对比\CRS_MF_INSGA-II\improved_elitism.m","32","81"
"第2篇代码-动态算法对比\MF_INSGA-II\init.m","5DE05598D3AEE06E4747BDA9B112D5125ACD417298BD53F1D3EA2959A871863D","备份代码重调度\第2篇代码-动态算法对比\MF_INSGA-II\init.m","2","48"
"第2篇代码-动态算法对比\MF_INSGA-II\is_B_strongly_dominating_A.m","29012708DB01740C9F16EB512E490861EB3CDAD3DB47D1F3A353F0A2CF67AF10","备份代码重调度\第2篇代码-动态算法对比\CRS_MF_INSGA-II\is_B_strongly_dominating_A.m","34","10"
"第2篇代码-动态算法对比\MF_INSGA-II\load_transfer_time_compute.m","C524080FD4D65B5496B7B9F3174D752AEA149598A055E8670C24792AF433638A","备份代码重调度\第2篇代码-动态算法对比\AF_INSGA-II\load_transfer_time_compute.m","61","17"
"第2篇代码-动态算法对比\MF_INSGA-II\machine_AGV_gantt_chart.m","F92C19615ACDAF89029FC13D118235580492A1EB4655BAB6AE7CA901D919F2EB","备份代码重调度\第2篇代码-动态算法对比\MF_INSGA-II\machine_AGV_gantt_chart.m","2","222"
"第2篇代码-动态算法对比\MF_INSGA-II\MF_INSGA_II - 副本.m","AED85C937F3083334F4C74DB8D96D27A13C4801F20E2C0E346899DE7AC330DB8","备份代码重调度\第2篇代码-动态算法对比\MF_INSGA-II\MF_INSGA_II - 副本.m","4","637"
"第2篇代码-动态算法对比\MF_INSGA-II\MF_INSGA_II.m","5879A6216A95B59F42EF2D2FEA8852CEF9A82F1DA99D845334F5A969CD3B099B","备份代码重调度\第2篇代码-动态算法对比\MF_INSGA-II\MF_INSGA_II.m","2","598"
"第2篇代码-动态算法对比\MF_INSGA-II\non_domination.m","0724F06FF4F61BFC09683F4212AF78FAF00254D1B60F4289D7E79DDECD49E376","备份代码重调度\第2篇代码-动态算法对比\AF_INSGA-II\non_domination.m","53","117"
"第2篇代码-动态算法对比\MF_INSGA-II\object3value.m","48793003255B4DD580ACC229268C0E2E077CF389710ACF160C90E991B4155FBE","备份代码重调度\第2篇代码-动态算法对比\AF_INSGA-II\object3value.m","32","38"
"第2篇代码-动态算法对比\MF_INSGA-II\opera_time.m","F677D3926382D7BC6AF084C78808BA769621622E056AE4224FA292B9980FD60E","备份代码重调度\第2篇代码-动态算法对比\AF_INSGA-II\opera_time.m","36","36"
"第2篇代码-动态算法对比\MF_INSGA-II\replace_chrom.m","CD0995F8E9A0D9D0D0CAB31A588C87926E58DDACF9C43A3CF28641EED7D2C2AA","备份代码重调度\第2篇代码-动态算法对比\AF_INSGA-II\replace_chrom.m","57","28"
"第2篇代码-动态算法对比\MF_INSGA-II\reverse_pop.m","C265430B80D0C4DB4BE5C7FA76A70C0C0787A5DF09726A288293F4661007421B","备份代码重调度\第2篇代码-动态算法对比\CRS_MF_INSGA-II\reverse_pop.m","15","167"
"第2篇代码-动态算法对比\MF_INSGA-II\sorting.m","7850D4659494A874DD98F883F190DC49D7BC8179C9FC2B9872B8CB283C0BD7DB","备份代码重调度\第2篇代码-动态算法对比\AF_INSGA-II\sorting.m","23","228"
"第2篇代码-动态算法对比\MF_INSGA-II\Spacing\Spacing.m","4036FAF38E49B4ABBD5BB9966BFCBEB9F285988B762C12AD2717598CF2E5131F","备份代码重调度\第2篇代码-动态算法对比\AF_INSGA-II\Spacing\Spacing.m","59","6"
"第2篇代码-动态算法对比\MF_INSGA-II\spare_transfer_time_compute.m","95C82B332EE671F3A8F5BF9EF5CE0A977F6B4BB519C80F79376A04850EAC69EC","备份代码重调度\第2篇代码-动态算法对比\AF_INSGA-II\spare_transfer_time_compute.m","61","30"
"第2篇代码-动态算法对比\MF_INSGA-II\table_insert.m","22331F99A901E22DFD0941730D3FB812EED678B26960066142FA788DB992930A","备份代码重调度\第2篇代码-动态算法对比\AF_INSGA-II\table_insert.m","52","54"
"第2篇代码-动态算法对比\MF_INSGA-II\tournament_selection.m","7C6821B39C7B108C1529D1415351D71BB375FEB1775F8F98BDDF90D2D19187C8","备份代码重调度\第2篇代码-动态算法对比\AF_INSGA-II\tournament_selection.m","59","36"
"第2篇代码-动态算法对比\MF_INSGA-II\variation.m","5B07946042630F8AA1C5DE4AAA5F80087385F83004F40530CBC903AAF0A11A17","备份代码重调度\第2篇代码-动态算法对比\AF_INSGA-II\variation.m","19","109"
"第2篇代码-动态算法对比\MF_INSGA-II\VNS.m","86095BF9A78FA1C4210F23297317726CDEA7E4D0930F6E665B68639008F03DC5","备份代码重调度\第2篇代码-动态算法对比\CRS_MF_INSGA-II\VNS.m","11","57"
"第2篇代码-动态算法对比\MF_INSGA-II\weakly_dominates.m","48ABBDA62705EED81C942FA5BAC84E1B9E8C70B831A0C521030B748E8F5D52BE","备份代码重调度\第2篇代码-动态算法对比\AF_INSGA-II\weakly_dominates.m","55","21"
"第2篇代码-动态算法对比\Multi-NSGA-II\decompose_AGVTable.m","E0FABF783EAA9EA3FC803BBAE7AA92C40D9E39F560F7857829899C3667D908EF","备份代码重调度\第2篇代码-动态算法对比\initial_NSGA-II\decompose_AGVTable.m","17","65"
"第2篇代码-动态算法对比\Multi-NSGA-II\decompose_machineTable.m","9E258FA7B71314C28C3452FC35441F067033A5860A3329594C0516BBC3D59AFB","备份代码重调度\第2篇代码-动态算法对比\AF_INSGA-II\decompose_machineTable.m","61","51"
"第2篇代码-动态算法对比\Multi-NSGA-II\fitness.m","CB45A2A20DB4AB0220BED11373EE06965259A3D378911AD46C1FAEC63FD44E8A","备份代码重调度\第2篇代码-动态算法对比\initial_NSGA-II\fitness.m","17","82"
"第2篇代码-动态算法对比\Multi-NSGA-II\getState.m","AAEF9F0B6B38A793B201B96B8D7E1ED22ABC5900734AF8390F8B2A9F99F796C1","备份代码重调度\第2篇代码-动态算法对比\AF_INSGA-II\getState.m","53","20"
"第2篇代码-动态算法对比\Multi-NSGA-II\HV\approximate_hypervolume_ms.m","5A2BD23E246CD1B350C14B7041681EBF2D8BAD6C7EEF34F3C040A14F5907F7FC","备份代码重调度\第2篇代码-动态算法对比\AF_INSGA-II\HV\approximate_hypervolume_ms.m","61","48"
"第2篇代码-动态算法对比\Multi-NSGA-II\HV\compute_reference_point.m","FF450B1D2049531493E17CC130FDED18E7DA4A215B948545454B0AE34F43DB48","备份代码重调度\第2篇代码-动态算法对比\AF_INSGA-II\HV\compute_reference_point.m","61","38"
"第2篇代码-动态算法对比\Multi-NSGA-II\HV\dominates.m","A5F892428228E1ADAAA89980C59144F660F333E7CEEDA3C24702C2AED5F09E67","备份代码重调度\第2篇代码-动态算法对比\AF_INSGA-II\HV\dominates.m","69","30"
"第2篇代码-动态算法对比\Multi-NSGA-II\HV\lebesgue_measure.m","7581A8B79307E0F65A2C8361CE04C325BB089ACE90669AB7568531E40D27C1E6","备份代码重调度\第2篇代码-动态算法对比\AF_INSGA-II\HV\lebesgue_measure.m","61","149"
"第2篇代码-动态算法对比\Multi-NSGA-II\HV\main.m","460254171EB2C76A578E3C589D9AC32DCFB60160C84D0CB932AA82D986003AF5","备份代码重调度\第2篇代码-动态算法对比\AF_INSGA-II\HV\main.m","61","14"
"第2篇代码-动态算法对比\Multi-NSGA-II\HV\test_lebesgue_measure.m","941F7887F0FB86939F839CDEDD6092EFC4ADF05EAF15B746E57970569E24E62A","备份代码重调度\第2篇代码-动态算法对比\AF_INSGA-II\HV\test_lebesgue_measure.m","61","31"
"第2篇代码-动态算法对比\Multi-NSGA-II\HV\weakly_dominates.m","98DF0FAD59040134E587C7D3BABB104FB1F75F06F39E07D7995C1C23C363115B","备份代码重调度\第2篇代码-动态算法对比\AF_INSGA-II\HV\weakly_dominates.m","61","28"
"第2篇代码-动态算法对比\Multi-NSGA-II\improved_elitism.m","4802727D622BDD7181FB4023F1677C78DBCDC37D24E233879000E4B6DB9A817D","备份代码重调度\第2篇代码-动态算法对比\CRS_MF_INSGA-II\improved_elitism.m","32","81"
"第2篇代码-动态算法对比\Multi-NSGA-II\init.m","120363D1F524018B7B9C61EEF0909494AFC5DA6AD9C978F992A3C4026A9352CC","备份代码重调度\第2篇代码-动态算法对比\Multi-NSGA-II\init.m","5","459"
"第2篇代码-动态算法对比\Multi-NSGA-II\initial_INSGA_II.m","FC4EF1C3756135D3E0436A669C46C1FFA1A5EDB4E6E71B6788BFE98E4F298AE7","备份代码重调度\第2篇代码-动态算法对比\Multi-NSGA-II\initial_INSGA_II.m","4","81"
"第2篇代码-动态算法对比\Multi-NSGA-II\is_B_strongly_dominating_A.m","29012708DB01740C9F16EB512E490861EB3CDAD3DB47D1F3A353F0A2CF67AF10","备份代码重调度\第2篇代码-动态算法对比\CRS_MF_INSGA-II\is_B_strongly_dominating_A.m","34","10"
"第2篇代码-动态算法对比\Multi-NSGA-II\load_transfer_time_compute.m","C524080FD4D65B5496B7B9F3174D752AEA149598A055E8670C24792AF433638A","备份代码重调度\第2篇代码-动态算法对比\AF_INSGA-II\load_transfer_time_compute.m","61","17"
"第2篇代码-动态算法对比\Multi-NSGA-II\non_domination.m","0724F06FF4F61BFC09683F4212AF78FAF00254D1B60F4289D7E79DDECD49E376","备份代码重调度\第2篇代码-动态算法对比\AF_INSGA-II\non_domination.m","53","117"
"第2篇代码-动态算法对比\Multi-NSGA-II\replace_chrom.m","CD0995F8E9A0D9D0D0CAB31A588C87926E58DDACF9C43A3CF28641EED7D2C2AA","备份代码重调度\第2篇代码-动态算法对比\AF_INSGA-II\replace_chrom.m","57","28"
"第2篇代码-动态算法对比\Multi-NSGA-II\sorting.m","F79DC4C8E82716997587DCAB10AC62D5B60FEB8768C42AAE0301BBCDD5691504","备份代码重调度\第2篇代码-动态算法对比\Multi-NSGA-II\sorting.m","15","225"
"第2篇代码-动态算法对比\Multi-NSGA-II\Spacing\Spacing.m","4036FAF38E49B4ABBD5BB9966BFCBEB9F285988B762C12AD2717598CF2E5131F","备份代码重调度\第2篇代码-动态算法对比\AF_INSGA-II\Spacing\Spacing.m","59","6"
"第2篇代码-动态算法对比\Multi-NSGA-II\spare_transfer_time_compute.m","95C82B332EE671F3A8F5BF9EF5CE0A977F6B4BB519C80F79376A04850EAC69EC","备份代码重调度\第2篇代码-动态算法对比\AF_INSGA-II\spare_transfer_time_compute.m","61","30"
"第2篇代码-动态算法对比\Multi-NSGA-II\table_insert.m","22331F99A901E22DFD0941730D3FB812EED678B26960066142FA788DB992930A","备份代码重调度\第2篇代码-动态算法对比\AF_INSGA-II\table_insert.m","52","54"
"第2篇代码-动态算法对比\Multi-NSGA-II\tournament_selection.m","7C6821B39C7B108C1529D1415351D71BB375FEB1775F8F98BDDF90D2D19187C8","备份代码重调度\第2篇代码-动态算法对比\AF_INSGA-II\tournament_selection.m","59","36"
"第2篇代码-动态算法对比\Multi-NSGA-II\variation.m","EB6280CB4CBD07B7D5FC90D136BB55F75BA42164DAF51335EC6A22ED7ACFE286","备份代码重调度\第2篇代码-动态算法对比\Multi-NSGA-II\variation.m","21","105"
"第2篇代码-动态算法对比\Multi-NSGA-II\VNS.m","926B8F81E89FFC35A9D038CC845C6D0AC8CC135E191325344F8A31C80731191B","备份代码重调度\第2篇代码-动态算法对比\Multi-NSGA-II\VNS.m","11","174"
"第2篇代码-动态算法对比\Multi-NSGA-II\weakly_dominates.m","48ABBDA62705EED81C942FA5BAC84E1B9E8C70B831A0C521030B748E8F5D52BE","备份代码重调度\第2篇代码-动态算法对比\AF_INSGA-II\weakly_dominates.m","55","21"
"第2篇代码-动态算法对比\non_domination_only.m","BF2CE40C1C7D101C33AB14351BC5EDE25A4299F3C7AD6F9D0FC81559AE9B6668","备份代码重调度\第2篇代码-动态算法对比\non_domination_only.m","10","67"
"第2篇代码-动态算法对比\OD_INSGA-II\aim_entropy.m","BF83F4220B215B0EB8DED6C2DB960B2D49AE2206647E52D7DC8CB789A9059C01","备份代码重调度\第2篇代码-动态算法对比\CRS_MF_INSGA-II\aim_entropy.m","24","26"
"第2篇代码-动态算法对比\OD_INSGA-II\both_reverse_pop.m","7E6AA14B05D0C47CF62D147AB082575F72A590A935498F7F225964BE989F3264","备份代码重调度\第2篇代码-动态算法对比\CRS_MF_INSGA-II\both_reverse_pop.m","24","165"
"第2篇代码-动态算法对比\OD_INSGA-II\colorScheme.m","C1BCE19A043DB71A4C5F980FB8A637247562CB72F7512A872219A326218C62E8","备份代码重调度\第2篇代码-动态算法对比\AF_INSGA-II\colorScheme.m","34","54"
"第2篇代码-动态算法对比\OD_INSGA-II\decompose_AGVTable.m","96CA7BF36F78F7744876DA01A0D945F860A26E790A16FA6B4E6B18E3CECF5453","备份代码重调度\第2篇代码-动态算法对比\AF_INSGA-II\decompose_AGVTable.m","44","61"
"第2篇代码-动态算法对比\OD_INSGA-II\decompose_machineTable.m","9E258FA7B71314C28C3452FC35441F067033A5860A3329594C0516BBC3D59AFB","备份代码重调度\第2篇代码-动态算法对比\AF_INSGA-II\decompose_machineTable.m","61","51"
"第2篇代码-动态算法对比\OD_INSGA-II\Entropy.m","DD2988BAD7157773DC8F9480F9BCFDCBC24B1FD4BDF95A947A3AA8FED3D0F2D7","备份代码重调度\第2篇代码-动态算法对比\CRS_MF_INSGA-II\Entropy.m","24","34"
"第2篇代码-动态算法对比\OD_INSGA-II\fitness.m","BB5ECC3ECE56C60997260ACF0687146E264FBBC93374A5135726C99B0D9AA613","备份代码重调度\第2篇代码-动态算法对比\OD_INSGA-II\fitness.m","5","164"
"第2篇代码-动态算法对比\OD_INSGA-II\getState.m","AAEF9F0B6B38A793B201B96B8D7E1ED22ABC5900734AF8390F8B2A9F99F796C1","备份代码重调度\第2篇代码-动态算法对比\AF_INSGA-II\getState.m","53","20"
"第2篇代码-动态算法对比\OD_INSGA-II\HV\approximate_hypervolume_ms.m","5A2BD23E246CD1B350C14B7041681EBF2D8BAD6C7EEF34F3C040A14F5907F7FC","备份代码重调度\第2篇代码-动态算法对比\AF_INSGA-II\HV\approximate_hypervolume_ms.m","61","48"
"第2篇代码-动态算法对比\OD_INSGA-II\HV\compute_reference_point.m","FF450B1D2049531493E17CC130FDED18E7DA4A215B948545454B0AE34F43DB48","备份代码重调度\第2篇代码-动态算法对比\AF_INSGA-II\HV\compute_reference_point.m","61","38"
"第2篇代码-动态算法对比\OD_INSGA-II\HV\dominates.m","A5F892428228E1ADAAA89980C59144F660F333E7CEEDA3C24702C2AED5F09E67","备份代码重调度\第2篇代码-动态算法对比\AF_INSGA-II\HV\dominates.m","69","30"
"第2篇代码-动态算法对比\OD_INSGA-II\HV\lebesgue_measure.m","7581A8B79307E0F65A2C8361CE04C325BB089ACE90669AB7568531E40D27C1E6","备份代码重调度\第2篇代码-动态算法对比\AF_INSGA-II\HV\lebesgue_measure.m","61","149"
"第2篇代码-动态算法对比\OD_INSGA-II\HV\main.m","460254171EB2C76A578E3C589D9AC32DCFB60160C84D0CB932AA82D986003AF5","备份代码重调度\第2篇代码-动态算法对比\AF_INSGA-II\HV\main.m","61","14"
"第2篇代码-动态算法对比\OD_INSGA-II\HV\test_lebesgue_measure.m","941F7887F0FB86939F839CDEDD6092EFC4ADF05EAF15B746E57970569E24E62A","备份代码重调度\第2篇代码-动态算法对比\AF_INSGA-II\HV\test_lebesgue_measure.m","61","31"
"第2篇代码-动态算法对比\OD_INSGA-II\HV\weakly_dominates.m","98DF0FAD59040134E587C7D3BABB104FB1F75F06F39E07D7995C1C23C363115B","备份代码重调度\第2篇代码-动态算法对比\AF_INSGA-II\HV\weakly_dominates.m","61","28"
"第2篇代码-动态算法对比\OD_INSGA-II\init.m","2E0EEDC0AD036B99B3A2EC0C5DB273E53706A8B04E88AF94097AFEDF207EA811","备份代码重调度\第2篇代码-动态算法对比\OD_INSGA-II\init.m","5","27"
"第2篇代码-动态算法对比\OD_INSGA-II\INSGA_II.m","07264DB24717BA35F4E5AA37B8F4FCBFE6573E45B3104C4ED46E4F32CEC0B8F6","备份代码重调度\第2篇代码-动态算法对比\CRS_OD_INSGA-II\INSGA_II.m","9","380"
"第2篇代码-动态算法对比\OD_INSGA-II\load_transfer_time_compute.m","C524080FD4D65B5496B7B9F3174D752AEA149598A055E8670C24792AF433638A","备份代码重调度\第2篇代码-动态算法对比\AF_INSGA-II\load_transfer_time_compute.m","61","17"
"第2篇代码-动态算法对比\OD_INSGA-II\machine_AGV_gantt_chart.m","D5BE2AA927B5860456A3705D429992CB18A7D228CBC1A1A6A20BE40D6EDE9F7D","备份代码重调度\第2篇代码-动态算法对比\OD_INSGA-II\machine_AGV_gantt_chart.m","5","135"
"第2篇代码-动态算法对比\OD_INSGA-II\non_domination.m","0724F06FF4F61BFC09683F4212AF78FAF00254D1B60F4289D7E79DDECD49E376","备份代码重调度\第2篇代码-动态算法对比\AF_INSGA-II\non_domination.m","53","117"
"第2篇代码-动态算法对比\OD_INSGA-II\object3value.m","48793003255B4DD580ACC229268C0E2E077CF389710ACF160C90E991B4155FBE","备份代码重调度\第2篇代码-动态算法对比\AF_INSGA-II\object3value.m","32","38"
"第2篇代码-动态算法对比\OD_INSGA-II\OD_INSGA_II.m","16D9083C6542AEBF2054F48A85E3A1DDCAA57F828884B59032DDF49AEAB0CF9D","备份代码重调度\第2篇代码-动态算法对比\OD_INSGA-II\OD_INSGA_II.m","2","648"
"第2篇代码-动态算法对比\OD_INSGA-II\opera_time.m","F677D3926382D7BC6AF084C78808BA769621622E056AE4224FA292B9980FD60E","备份代码重调度\第2篇代码-动态算法对比\AF_INSGA-II\opera_time.m","36","36"
"第2篇代码-动态算法对比\OD_INSGA-II\replace_chrom.m","CD0995F8E9A0D9D0D0CAB31A588C87926E58DDACF9C43A3CF28641EED7D2C2AA","备份代码重调度\第2篇代码-动态算法对比\AF_INSGA-II\replace_chrom.m","57","28"
"第2篇代码-动态算法对比\OD_INSGA-II\sorting.m","26E01A8961584E4139B9FF0E862FDC28B102DBA58575194A6E7EB7E28ECD2B2D","备份代码重调度\第2篇代码-动态算法对比\CRS_OD_INSGA-II\sorting.m","9","234"
"第2篇代码-动态算法对比\OD_INSGA-II\Spacing\Spacing.m","4036FAF38E49B4ABBD5BB9966BFCBEB9F285988B762C12AD2717598CF2E5131F","备份代码重调度\第2篇代码-动态算法对比\AF_INSGA-II\Spacing\Spacing.m","59","6"
"第2篇代码-动态算法对比\OD_INSGA-II\spare_transfer_time_compute.m","95C82B332EE671F3A8F5BF9EF5CE0A977F6B4BB519C80F79376A04850EAC69EC","备份代码重调度\第2篇代码-动态算法对比\AF_INSGA-II\spare_transfer_time_compute.m","61","30"
"第2篇代码-动态算法对比\OD_INSGA-II\table_insert.m","F335A1ADF0EAB7DC892CE1680755ADC8AD130F23296F83905ADC2E1C6CD81A92","备份代码重调度\第2篇代码-动态算法对比\CRS_OD_INSGA-II\table_insert.m","9","54"
"第2篇代码-动态算法对比\OD_INSGA-II\tournament_selection.m","7C6821B39C7B108C1529D1415351D71BB375FEB1775F8F98BDDF90D2D19187C8","备份代码重调度\第2篇代码-动态算法对比\AF_INSGA-II\tournament_selection.m","59","36"
"第2篇代码-动态算法对比\OD_INSGA-II\variation.m","874B6C9A3FE6A82BFD2C430440396979EFC7A9E9D5C8AA590091BE4B66E8ADD1","备份代码重调度\第2篇代码-动态算法对比\OD_INSGA-II\variation.m","6","115"
"第2篇代码-动态算法对比\OD_INSGA-II\VNS.m","D7FE8D55043DA47962CB8D6863769C31BE023DAC171B55818321633978AAA3D5","备份代码重调度\第2篇代码-动态算法对比\OD_INSGA-II\VNS.m","4","52"
"第2篇代码-动态算法对比\OD_INSGA-II\weakly_dominates.m","48ABBDA62705EED81C942FA5BAC84E1B9E8C70B831A0C521030B748E8F5D52BE","备份代码重调度\第2篇代码-动态算法对比\AF_INSGA-II\weakly_dominates.m","55","21"
"第2篇代码-动态算法对比\OI_INSGA-II\fitness.m","BEE27D059EE2C9FAC7AD406707460373644B2694802CF46917C62819796B785F","备份代码重调度\第2篇代码-动态算法对比\OI_INSGA-II\fitness.m","2","182"
"第2篇代码-动态算法对比\OI_INSGA-II\OI_INSGA_II.m","F61BB6ADC1B947560EA5965CA121546848A9759979D0EA4311A151ECB9083A5E","备份代码重调度\第2篇代码-动态算法对比\OI_INSGA-II\OI_INSGA_II.m","2","553"
"第2篇代码-动态算法对比\same_main.m","B8CD23A1ECCFEB7E16C7CA3F7862E0BC9D571D2719330D51F3B4C0DD4FFB0957","备份代码重调度\第2篇代码-动态算法对比\same_main.m","5","494"
"第2篇代码-动态算法对比\Spacing\Spacing.m","4036FAF38E49B4ABBD5BB9966BFCBEB9F285988B762C12AD2717598CF2E5131F","备份代码重调度\第2篇代码-动态算法对比\AF_INSGA-II\Spacing\Spacing.m","59","6"
"第2篇代码-动态算法对比\splitScheduleByOccurTime.m","F04F7B810F34ACF295BB3B6CE6535F649DE173E65B3B0CE2D9B2218C1D62A16C","备份代码重调度\第2篇代码-动态算法对比\splitScheduleByOccurTime.m","2","185"
"订单撤销-动态算法对比\AF_INSGA-II\AF_INSGA_II.m","303D774F780B9F2958AC96E97AD376CE427474CD83D96BA16E3A21690C6D1AF6","订","1","735"
"订单撤销-动态算法对比\AF_INSGA-II\colorScheme.m","C1BCE19A043DB71A4C5F980FB8A637247562CB72F7512A872219A326218C62E8","备份代码重调度\第2篇代码-动态算法对比\AF_INSGA-II\colorScheme.m","34","54"
"订单撤销-动态算法对比\AF_INSGA-II\decompose_AGVTable.m","96CA7BF36F78F7744876DA01A0D945F860A26E790A16FA6B4E6B18E3CECF5453","备份代码重调度\第2篇代码-动态算法对比\AF_INSGA-II\decompose_AGVTable.m","44","61"
"订单撤销-动态算法对比\AF_INSGA-II\decompose_machineTable.m","9E258FA7B71314C28C3452FC35441F067033A5860A3329594C0516BBC3D59AFB","备份代码重调度\第2篇代码-动态算法对比\AF_INSGA-II\decompose_machineTable.m","61","51"
"订单撤销-动态算法对比\AF_INSGA-II\fitness.m","16869B10FE73F91BD17AFE25AFC9F4443997D2749459EFCF98AAA994F54C1A6F","备份代码重调度\第2篇代码-动态算法对比\AF_INSGA-II\fitness.m","12","154"
"订单撤销-动态算法对比\AF_INSGA-II\getState.m","AAEF9F0B6B38A793B201B96B8D7E1ED22ABC5900734AF8390F8B2A9F99F796C1","备份代码重调度\第2篇代码-动态算法对比\AF_INSGA-II\getState.m","53","20"
"订单撤销-动态算法对比\AF_INSGA-II\HV\approximate_hypervolume_ms.m","5A2BD23E246CD1B350C14B7041681EBF2D8BAD6C7EEF34F3C040A14F5907F7FC","备份代码重调度\第2篇代码-动态算法对比\AF_INSGA-II\HV\approximate_hypervolume_ms.m","61","48"
"订单撤销-动态算法对比\AF_INSGA-II\HV\compute_reference_point.m","FF450B1D2049531493E17CC130FDED18E7DA4A215B948545454B0AE34F43DB48","备份代码重调度\第2篇代码-动态算法对比\AF_INSGA-II\HV\compute_reference_point.m","61","38"
"订单撤销-动态算法对比\AF_INSGA-II\HV\dominates.m","A5F892428228E1ADAAA89980C59144F660F333E7CEEDA3C24702C2AED5F09E67","备份代码重调度\第2篇代码-动态算法对比\AF_INSGA-II\HV\dominates.m","69","30"
"订单撤销-动态算法对比\AF_INSGA-II\HV\lebesgue_measure.m","7581A8B79307E0F65A2C8361CE04C325BB089ACE90669AB7568531E40D27C1E6","备份代码重调度\第2篇代码-动态算法对比\AF_INSGA-II\HV\lebesgue_measure.m","61","149"
"订单撤销-动态算法对比\AF_INSGA-II\HV\main.m","460254171EB2C76A578E3C589D9AC32DCFB60160C84D0CB932AA82D986003AF5","备份代码重调度\第2篇代码-动态算法对比\AF_INSGA-II\HV\main.m","61","14"
"订单撤销-动态算法对比\AF_INSGA-II\HV\test_lebesgue_measure.m","941F7887F0FB86939F839CDEDD6092EFC4ADF05EAF15B746E57970569E24E62A","备份代码重调度\第2篇代码-动态算法对比\AF_INSGA-II\HV\test_lebesgue_measure.m","61","31"
"订单撤销-动态算法对比\AF_INSGA-II\HV\weakly_dominates.m","98DF0FAD59040134E587C7D3BABB104FB1F75F06F39E07D7995C1C23C363115B","备份代码重调度\第2篇代码-动态算法对比\AF_INSGA-II\HV\weakly_dominates.m","61","28"
"订单撤销-动态算法对比\AF_INSGA-II\init.m","9D62C043E5AA98DB2C5EACE1653F1EF3E3DEF28E5CA8B5F67CBA09BFDD250D9A","备份代码重调度\第2篇代码-动态算法对比\AF_INSGA-II\init.m","4","30"
"订单撤销-动态算法对比\AF_INSGA-II\load_transfer_time_compute.m","C524080FD4D65B5496B7B9F3174D752AEA149598A055E8670C24792AF433638A","备份代码重调度\第2篇代码-动态算法对比\AF_INSGA-II\load_transfer_time_compute.m","61","17"
"订单撤销-动态算法对比\AF_INSGA-II\machine_AGV_gantt_chart.m","96D7E4ADECF23E452FBF2D5FE43A665D37F25038CC4082B87E459542D20877C3","备份代码重调度\第2篇代码-动态算法对比\AF_INSGA-II\machine_AGV_gantt_chart.m","14","138"
"订单撤销-动态算法对比\AF_INSGA-II\non_domination.m","0724F06FF4F61BFC09683F4212AF78FAF00254D1B60F4289D7E79DDECD49E376","备份代码重调度\第2篇代码-动态算法对比\AF_INSGA-II\non_domination.m","53","117"
"订单撤销-动态算法对比\AF_INSGA-II\object3value.m","48793003255B4DD580ACC229268C0E2E077CF389710ACF160C90E991B4155FBE","备份代码重调度\第2篇代码-动态算法对比\AF_INSGA-II\object3value.m","32","38"
"订单撤销-动态算法对比\AF_INSGA-II\opera_time.m","F677D3926382D7BC6AF084C78808BA769621622E056AE4224FA292B9980FD60E","备份代码重调度\第2篇代码-动态算法对比\AF_INSGA-II\opera_time.m","36","36"
"订单撤销-动态算法对比\AF_INSGA-II\replace_chrom.m","CD0995F8E9A0D9D0D0CAB31A588C87926E58DDACF9C43A3CF28641EED7D2C2AA","备份代码重调度\第2篇代码-动态算法对比\AF_INSGA-II\replace_chrom.m","57","28"
"订单撤销-动态算法对比\AF_INSGA-II\sorting.m","7850D4659494A874DD98F883F190DC49D7BC8179C9FC2B9872B8CB283C0BD7DB","备份代码重调度\第2篇代码-动态算法对比\AF_INSGA-II\sorting.m","23","228"
"订单撤销-动态算法对比\AF_INSGA-II\Spacing\Spacing.m","4036FAF38E49B4ABBD5BB9966BFCBEB9F285988B762C12AD2717598CF2E5131F","备份代码重调度\第2篇代码-动态算法对比\AF_INSGA-II\Spacing\Spacing.m","59","6"
"订单撤销-动态算法对比\AF_INSGA-II\spare_transfer_time_compute.m","95C82B332EE671F3A8F5BF9EF5CE0A977F6B4BB519C80F79376A04850EAC69EC","备份代码重调度\第2篇代码-动态算法对比\AF_INSGA-II\spare_transfer_time_compute.m","61","30"
"订单撤销-动态算法对比\AF_INSGA-II\table_insert.m","22331F99A901E22DFD0941730D3FB812EED678B26960066142FA788DB992930A","备份代码重调度\第2篇代码-动态算法对比\AF_INSGA-II\table_insert.m","52","54"
"订单撤销-动态算法对比\AF_INSGA-II\tournament_selection.m","7C6821B39C7B108C1529D1415351D71BB375FEB1775F8F98BDDF90D2D19187C8","备份代码重调度\第2篇代码-动态算法对比\AF_INSGA-II\tournament_selection.m","59","36"
"订单撤销-动态算法对比\AF_INSGA-II\variation.m","5B07946042630F8AA1C5DE4AAA5F80087385F83004F40530CBC903AAF0A11A17","备份代码重调度\第2篇代码-动态算法对比\AF_INSGA-II\variation.m","19","109"
"订单撤销-动态算法对比\AF_INSGA-II\VNS.m","18A1DE5F3F50E2B44D8ED1F5A69E21F1C655A9F80D14732F7D841B352B71D7BD","备份代码重调度\第2篇代码-动态算法对比\AF_INSGA-II\VNS.m","12","186"
"订单撤销-动态算法对比\AF_INSGA-II\weakly_dominates.m","48ABBDA62705EED81C942FA5BAC84E1B9E8C70B831A0C521030B748E8F5D52BE","备份代码重调度\第2篇代码-动态算法对比\AF_INSGA-II\weakly_dominates.m","55","21"
"订单撤销-动态算法对比\benchmarkRead.m","3A0DEB68B4BBBD58E28C009D5FC99EF399B5B55BC98508F9375AE64175B409F5","第2篇代码 - 参数设置\benchmarkRead.m","4","62"
"订单撤销-动态算法对比\C-metric\c_compute_A_B.m","3F3E54BCC95EE38D8F3F0049995AD290C19A18B90CA69A6113CAD7B4A62DFED5","备份代码重调度\第2篇代码-动态算法对比\C-metric\c_compute_A_B.m","8","14"
"订单撤销-动态算法对比\C-metric\dominates.m","A5F892428228E1ADAAA89980C59144F660F333E7CEEDA3C24702C2AED5F09E67","备份代码重调度\第2篇代码-动态算法对比\AF_INSGA-II\HV\dominates.m","69","30"
"订单撤销-动态算法对比\C-metric\main.m","D15D8B54B06A74FEB2D37F1C14A12A760A6F39E294EF21DA99CC31D18433BC43","备份代码重调度\第2篇代码-动态算法对比\C-metric\main.m","8","29"
"订单撤销-动态算法对比\calculateHVSP.m","7932D27E4142E4640D7E80A789EDAC10F41D0204D972AFE7AE132AE528FEFE6A","订单撤销-动态算法对比\calculateHVSP.m","2","70"
"订单撤销-动态算法对比\colorScheme.m","C1BCE19A043DB71A4C5F980FB8A637247562CB72F7512A872219A326218C62E8","备份代码重调度\第2篇代码-动态算法对比\AF_INSGA-II\colorScheme.m","34","54"
"订单撤销-动态算法对比\CRS_AF_INSGA-II\AF_INSGA_II.m","286E4D34ED4A90880EC1166D0A7A1FE8725D6EB8BA707EE920B85BD321EAE054","订","1","735"
"订单撤销-动态算法对比\CRS_AF_INSGA-II\colorScheme.m","C1BCE19A043DB71A4C5F980FB8A637247562CB72F7512A872219A326218C62E8","备份代码重调度\第2篇代码-动态算法对比\AF_INSGA-II\colorScheme.m","34","54"
"订单撤销-动态算法对比\CRS_AF_INSGA-II\decompose_AGVTable.m","96CA7BF36F78F7744876DA01A0D945F860A26E790A16FA6B4E6B18E3CECF5453","备份代码重调度\第2篇代码-动态算法对比\AF_INSGA-II\decompose_AGVTable.m","44","61"
"订单撤销-动态算法对比\CRS_AF_INSGA-II\decompose_machineTable.m","9E258FA7B71314C28C3452FC35441F067033A5860A3329594C0516BBC3D59AFB","备份代码重调度\第2篇代码-动态算法对比\AF_INSGA-II\decompose_machineTable.m","61","51"
"订单撤销-动态算法对比\CRS_AF_INSGA-II\fitness.m","16869B10FE73F91BD17AFE25AFC9F4443997D2749459EFCF98AAA994F54C1A6F","备份代码重调度\第2篇代码-动态算法对比\AF_INSGA-II\fitness.m","12","154"
"订单撤销-动态算法对比\CRS_AF_INSGA-II\getState.m","AAEF9F0B6B38A793B201B96B8D7E1ED22ABC5900734AF8390F8B2A9F99F796C1","备份代码重调度\第2篇代码-动态算法对比\AF_INSGA-II\getState.m","53","20"
"订单撤销-动态算法对比\CRS_AF_INSGA-II\HV\approximate_hypervolume_ms.m","5A2BD23E246CD1B350C14B7041681EBF2D8BAD6C7EEF34F3C040A14F5907F7FC","备份代码重调度\第2篇代码-动态算法对比\AF_INSGA-II\HV\approximate_hypervolume_ms.m","61","48"
"订单撤销-动态算法对比\CRS_AF_INSGA-II\HV\compute_reference_point.m","FF450B1D2049531493E17CC130FDED18E7DA4A215B948545454B0AE34F43DB48","备份代码重调度\第2篇代码-动态算法对比\AF_INSGA-II\HV\compute_reference_point.m","61","38"
"订单撤销-动态算法对比\CRS_AF_INSGA-II\HV\dominates.m","A5F892428228E1ADAAA89980C59144F660F333E7CEEDA3C24702C2AED5F09E67","备份代码重调度\第2篇代码-动态算法对比\AF_INSGA-II\HV\dominates.m","69","30"
"订单撤销-动态算法对比\CRS_AF_INSGA-II\HV\lebesgue_measure.m","7581A8B79307E0F65A2C8361CE04C325BB089ACE90669AB7568531E40D27C1E6","备份代码重调度\第2篇代码-动态算法对比\AF_INSGA-II\HV\lebesgue_measure.m","61","149"
"订单撤销-动态算法对比\CRS_AF_INSGA-II\HV\main.m","460254171EB2C76A578E3C589D9AC32DCFB60160C84D0CB932AA82D986003AF5","备份代码重调度\第2篇代码-动态算法对比\AF_INSGA-II\HV\main.m","61","14"
"订单撤销-动态算法对比\CRS_AF_INSGA-II\HV\test_lebesgue_measure.m","941F7887F0FB86939F839CDEDD6092EFC4ADF05EAF15B746E57970569E24E62A","备份代码重调度\第2篇代码-动态算法对比\AF_INSGA-II\HV\test_lebesgue_measure.m","61","31"
"订单撤销-动态算法对比\CRS_AF_INSGA-II\HV\weakly_dominates.m","98DF0FAD59040134E587C7D3BABB104FB1F75F06F39E07D7995C1C23C363115B","备份代码重调度\第2篇代码-动态算法对比\AF_INSGA-II\HV\weakly_dominates.m","61","28"
"订单撤销-动态算法对比\CRS_AF_INSGA-II\init.m","F36FEF2C2563E25F4AE86CFD42619DA7B0C95C3A8E2975FA815866814795F45F","备份代码重调度\第2篇代码-动态算法对比\CRS_AF_INSGA-II\init.m","4","37"
"订单撤销-动态算法对比\CRS_AF_INSGA-II\load_transfer_time_compute.m","C524080FD4D65B5496B7B9F3174D752AEA149598A055E8670C24792AF433638A","备份代码重调度\第2篇代码-动态算法对比\AF_INSGA-II\load_transfer_time_compute.m","61","17"
"订单撤销-动态算法对比\CRS_AF_INSGA-II\machine_AGV_gantt_chart.m","96D7E4ADECF23E452FBF2D5FE43A665D37F25038CC4082B87E459542D20877C3","备份代码重调度\第2篇代码-动态算法对比\AF_INSGA-II\machine_AGV_gantt_chart.m","14","138"
"订单撤销-动态算法对比\CRS_AF_INSGA-II\non_domination.m","0724F06FF4F61BFC09683F4212AF78FAF00254D1B60F4289D7E79DDECD49E376","备份代码重调度\第2篇代码-动态算法对比\AF_INSGA-II\non_domination.m","53","117"
"订单撤销-动态算法对比\CRS_AF_INSGA-II\object3value.m","48793003255B4DD580ACC229268C0E2E077CF389710ACF160C90E991B4155FBE","备份代码重调度\第2篇代码-动态算法对比\AF_INSGA-II\object3value.m","32","38"
"订单撤销-动态算法对比\CRS_AF_INSGA-II\opera_time.m","F677D3926382D7BC6AF084C78808BA769621622E056AE4224FA292B9980FD60E","备份代码重调度\第2篇代码-动态算法对比\AF_INSGA-II\opera_time.m","36","36"
"订单撤销-动态算法对比\CRS_AF_INSGA-II\replace_chrom.m","CD0995F8E9A0D9D0D0CAB31A588C87926E58DDACF9C43A3CF28641EED7D2C2AA","备份代码重调度\第2篇代码-动态算法对比\AF_INSGA-II\replace_chrom.m","57","28"
"订单撤销-动态算法对比\CRS_AF_INSGA-II\sorting.m","7850D4659494A874DD98F883F190DC49D7BC8179C9FC2B9872B8CB283C0BD7DB","备份代码重调度\第2篇代码-动态算法对比\AF_INSGA-II\sorting.m","23","228"
"订单撤销-动态算法对比\CRS_AF_INSGA-II\Spacing\Spacing.m","4036FAF38E49B4ABBD5BB9966BFCBEB9F285988B762C12AD2717598CF2E5131F","备份代码重调度\第2篇代码-动态算法对比\AF_INSGA-II\Spacing\Spacing.m","59","6"
"订单撤销-动态算法对比\CRS_AF_INSGA-II\spare_transfer_time_compute.m","95C82B332EE671F3A8F5BF9EF5CE0A977F6B4BB519C80F79376A04850EAC69EC","备份代码重调度\第2篇代码-动态算法对比\AF_INSGA-II\spare_transfer_time_compute.m","61","30"
"订单撤销-动态算法对比\CRS_AF_INSGA-II\table_insert.m","22331F99A901E22DFD0941730D3FB812EED678B26960066142FA788DB992930A","备份代码重调度\第2篇代码-动态算法对比\AF_INSGA-II\table_insert.m","52","54"
"订单撤销-动态算法对比\CRS_AF_INSGA-II\tournament_selection.m","7C6821B39C7B108C1529D1415351D71BB375FEB1775F8F98BDDF90D2D19187C8","备份代码重调度\第2篇代码-动态算法对比\AF_INSGA-II\tournament_selection.m","59","36"
"订单撤销-动态算法对比\CRS_AF_INSGA-II\variation.m","55C38529C10D49524028C02428AAC4570C3E61F65DD9ACA78A030172574A634E","备份代码重调度\第2篇代码-动态算法对比\CRS_AF_INSGA-II\variation.m","3","109"
"订单撤销-动态算法对比\CRS_AF_INSGA-II\VNS.m","18A1DE5F3F50E2B44D8ED1F5A69E21F1C655A9F80D14732F7D841B352B71D7BD","备份代码重调度\第2篇代码-动态算法对比\AF_INSGA-II\VNS.m","12","186"
"订单撤销-动态算法对比\CRS_AF_INSGA-II\weakly_dominates.m","48ABBDA62705EED81C942FA5BAC84E1B9E8C70B831A0C521030B748E8F5D52BE","备份代码重调度\第2篇代码-动态算法对比\AF_INSGA-II\weakly_dominates.m","55","21"
"订单撤销-动态算法对比\CRS_MF_INSGA-II\aim_entropy.m","BF83F4220B215B0EB8DED6C2DB960B2D49AE2206647E52D7DC8CB789A9059C01","备份代码重调度\第2篇代码-动态算法对比\CRS_MF_INSGA-II\aim_entropy.m","24","26"
"订单撤销-动态算法对比\CRS_MF_INSGA-II\both_reverse_pop.m","7E6AA14B05D0C47CF62D147AB082575F72A590A935498F7F225964BE989F3264","备份代码重调度\第2篇代码-动态算法对比\CRS_MF_INSGA-II\both_reverse_pop.m","24","165"
"订单撤销-动态算法对比\CRS_MF_INSGA-II\colorScheme.m","C1BCE19A043DB71A4C5F980FB8A637247562CB72F7512A872219A326218C62E8","备份代码重调度\第2篇代码-动态算法对比\AF_INSGA-II\colorScheme.m","34","54"
"订单撤销-动态算法对比\CRS_MF_INSGA-II\Copy_OD_INSGA_II.m","FC4E555C7D51E3BBE1BD9225AC239F96E6E81D569FBC8FB0DC5CE6D60B648CBE","备份代码重调度\第2篇代码-动态算法对比\CRS_MF_INSGA-II\Copy_OD_INSGA_II.m","15","379"
"订单撤销-动态算法对比\CRS_MF_INSGA-II\decompose_AGVTable.m","96CA7BF36F78F7744876DA01A0D945F860A26E790A16FA6B4E6B18E3CECF5453","备份代码重调度\第2篇代码-动态算法对比\AF_INSGA-II\decompose_AGVTable.m","44","61"
"订单撤销-动态算法对比\CRS_MF_INSGA-II\decompose_machineTable.m","9E258FA7B71314C28C3452FC35441F067033A5860A3329594C0516BBC3D59AFB","备份代码重调度\第2篇代码-动态算法对比\AF_INSGA-II\decompose_machineTable.m","61","51"
"订单撤销-动态算法对比\CRS_MF_INSGA-II\Entropy.m","DD2988BAD7157773DC8F9480F9BCFDCBC24B1FD4BDF95A947A3AA8FED3D0F2D7","备份代码重调度\第2篇代码-动态算法对比\CRS_MF_INSGA-II\Entropy.m","24","34"
"订单撤销-动态算法对比\CRS_MF_INSGA-II\fitness.m","5BF476FF81C7B763D9F66678678EF4DAB662103996445BA134096D375350F345","备份代码重调度\第2篇代码-动态算法对比\CRS_MF_INSGA-II\fitness.m","11","154"
"订单撤销-动态算法对比\CRS_MF_INSGA-II\getState.m","AAEF9F0B6B38A793B201B96B8D7E1ED22ABC5900734AF8390F8B2A9F99F796C1","备份代码重调度\第2篇代码-动态算法对比\AF_INSGA-II\getState.m","53","20"
"订单撤销-动态算法对比\CRS_MF_INSGA-II\HV\approximate_hypervolume_ms.m","5A2BD23E246CD1B350C14B7041681EBF2D8BAD6C7EEF34F3C040A14F5907F7FC","备份代码重调度\第2篇代码-动态算法对比\AF_INSGA-II\HV\approximate_hypervolume_ms.m","61","48"
"订单撤销-动态算法对比\CRS_MF_INSGA-II\HV\compute_reference_point.m","FF450B1D2049531493E17CC130FDED18E7DA4A215B948545454B0AE34F43DB48","备份代码重调度\第2篇代码-动态算法对比\AF_INSGA-II\HV\compute_reference_point.m","61","38"
"订单撤销-动态算法对比\CRS_MF_INSGA-II\HV\dominates.m","A5F892428228E1ADAAA89980C59144F660F333E7CEEDA3C24702C2AED5F09E67","备份代码重调度\第2篇代码-动态算法对比\AF_INSGA-II\HV\dominates.m","69","30"
"订单撤销-动态算法对比\CRS_MF_INSGA-II\HV\lebesgue_measure.m","7581A8B79307E0F65A2C8361CE04C325BB089ACE90669AB7568531E40D27C1E6","备份代码重调度\第2篇代码-动态算法对比\AF_INSGA-II\HV\lebesgue_measure.m","61","149"
"订单撤销-动态算法对比\CRS_MF_INSGA-II\HV\main.m","460254171EB2C76A578E3C589D9AC32DCFB60160C84D0CB932AA82D986003AF5","备份代码重调度\第2篇代码-动态算法对比\AF_INSGA-II\HV\main.m","61","14"
"订单撤销-动态算法对比\CRS_MF_INSGA-II\HV\test_lebesgue_measure.m","941F7887F0FB86939F839CDEDD6092EFC4ADF05EAF15B746E57970569E24E62A","备份代码重调度\第2篇代码-动态算法对比\AF_INSGA-II\HV\test_lebesgue_measure.m","61","31"
"订单撤销-动态算法对比\CRS_MF_INSGA-II\HV\weakly_dominates.m","98DF0FAD59040134E587C7D3BABB104FB1F75F06F39E07D7995C1C23C363115B","备份代码重调度\第2篇代码-动态算法对比\AF_INSGA-II\HV\weakly_dominates.m","61","28"
"订单撤销-动态算法对比\CRS_MF_INSGA-II\improved_elitism.m","4802727D622BDD7181FB4023F1677C78DBCDC37D24E233879000E4B6DB9A817D","备份代码重调度\第2篇代码-动态算法对比\CRS_MF_INSGA-II\improved_elitism.m","32","81"
"订单撤销-动态算法对比\CRS_MF_INSGA-II\init.m","77FFA51D791E8B470154F1B361C8CC9CC0547C02ED55A6549D4C392A4261D2DE","备份代码重调度\第2篇代码-动态算法对比\initial_MF_INSGA-II\init.m","4","36"
"订单撤销-动态算法对比\CRS_MF_INSGA-II\is_B_strongly_dominating_A.m","29012708DB01740C9F16EB512E490861EB3CDAD3DB47D1F3A353F0A2CF67AF10","备份代码重调度\第2篇代码-动态算法对比\CRS_MF_INSGA-II\is_B_strongly_dominating_A.m","34","10"
"订单撤销-动态算法对比\CRS_MF_INSGA-II\load_transfer_time_compute.m","C524080FD4D65B5496B7B9F3174D752AEA149598A055E8670C24792AF433638A","备份代码重调度\第2篇代码-动态算法对比\AF_INSGA-II\load_transfer_time_compute.m","61","17"
"订单撤销-动态算法对比\CRS_MF_INSGA-II\machine_AGV_gantt_chart.m","C2C4D4BB67B2926C94E9CAF134B81D97193E238E214D1ED31702EFE0A10271A4","订单撤销-动态算法对比\CRS_MF_INSGA-II\machine_AGV_gantt_chart.m","3","134"
"订单撤销-动态算法对比\CRS_MF_INSGA-II\MF_INSGA_II.m","1A7DF1017AF83038BAEDB55891A0A989DDF63CED1E6F42B0083C189BAA52DA8A","订","1","645"
"订单撤销-动态算法对比\CRS_MF_INSGA-II\non_domination.m","0724F06FF4F61BFC09683F4212AF78FAF00254D1B60F4289D7E79DDECD49E376","备份代码重调度\第2篇代码-动态算法对比\AF_INSGA-II\non_domination.m","53","117"
"订单撤销-动态算法对比\CRS_MF_INSGA-II\object3value.m","48793003255B4DD580ACC229268C0E2E077CF389710ACF160C90E991B4155FBE","备份代码重调度\第2篇代码-动态算法对比\AF_INSGA-II\object3value.m","32","38"
"订单撤销-动态算法对比\CRS_MF_INSGA-II\opera_time.m","F677D3926382D7BC6AF084C78808BA769621622E056AE4224FA292B9980FD60E","备份代码重调度\第2篇代码-动态算法对比\AF_INSGA-II\opera_time.m","36","36"
"订单撤销-动态算法对比\CRS_MF_INSGA-II\replace_chrom.m","CD0995F8E9A0D9D0D0CAB31A588C87926E58DDACF9C43A3CF28641EED7D2C2AA","备份代码重调度\第2篇代码-动态算法对比\AF_INSGA-II\replace_chrom.m","57","28"
"订单撤销-动态算法对比\CRS_MF_INSGA-II\reverse_pop.m","C265430B80D0C4DB4BE5C7FA76A70C0C0787A5DF09726A288293F4661007421B","备份代码重调度\第2篇代码-动态算法对比\CRS_MF_INSGA-II\reverse_pop.m","15","167"
"订单撤销-动态算法对比\CRS_MF_INSGA-II\sorting.m","7850D4659494A874DD98F883F190DC49D7BC8179C9FC2B9872B8CB283C0BD7DB","备份代码重调度\第2篇代码-动态算法对比\AF_INSGA-II\sorting.m","23","228"
"订单撤销-动态算法对比\CRS_MF_INSGA-II\Spacing\Spacing.m","4036FAF38E49B4ABBD5BB9966BFCBEB9F285988B762C12AD2717598CF2E5131F","备份代码重调度\第2篇代码-动态算法对比\AF_INSGA-II\Spacing\Spacing.m","59","6"
"订单撤销-动态算法对比\CRS_MF_INSGA-II\spare_transfer_time_compute.m","95C82B332EE671F3A8F5BF9EF5CE0A977F6B4BB519C80F79376A04850EAC69EC","备份代码重调度\第2篇代码-动态算法对比\AF_INSGA-II\spare_transfer_time_compute.m","61","30"
"订单撤销-动态算法对比\CRS_MF_INSGA-II\table_insert.m","22331F99A901E22DFD0941730D3FB812EED678B26960066142FA788DB992930A","备份代码重调度\第2篇代码-动态算法对比\AF_INSGA-II\table_insert.m","52","54"
"订单撤销-动态算法对比\CRS_MF_INSGA-II\tournament_selection.m","7C6821B39C7B108C1529D1415351D71BB375FEB1775F8F98BDDF90D2D19187C8","备份代码重调度\第2篇代码-动态算法对比\AF_INSGA-II\tournament_selection.m","59","36"
"订单撤销-动态算法对比\CRS_MF_INSGA-II\variation.m","5B07946042630F8AA1C5DE4AAA5F80087385F83004F40530CBC903AAF0A11A17","备份代码重调度\第2篇代码-动态算法对比\AF_INSGA-II\variation.m","19","109"
"订单撤销-动态算法对比\CRS_MF_INSGA-II\VNS.m","86095BF9A78FA1C4210F23297317726CDEA7E4D0930F6E665B68639008F03DC5","备份代码重调度\第2篇代码-动态算法对比\CRS_MF_INSGA-II\VNS.m","11","57"
"订单撤销-动态算法对比\CRS_MF_INSGA-II\weakly_dominates.m","48ABBDA62705EED81C942FA5BAC84E1B9E8C70B831A0C521030B748E8F5D52BE","备份代码重调度\第2篇代码-动态算法对比\AF_INSGA-II\weakly_dominates.m","55","21"
"订单撤销-动态算法对比\CRS_OD_INSGA-II\aim_entropy.m","BF83F4220B215B0EB8DED6C2DB960B2D49AE2206647E52D7DC8CB789A9059C01","备份代码重调度\第2篇代码-动态算法对比\CRS_MF_INSGA-II\aim_entropy.m","24","26"
"订单撤销-动态算法对比\CRS_OD_INSGA-II\both_reverse_pop.m","7E6AA14B05D0C47CF62D147AB082575F72A590A935498F7F225964BE989F3264","备份代码重调度\第2篇代码-动态算法对比\CRS_MF_INSGA-II\both_reverse_pop.m","24","165"
"订单撤销-动态算法对比\CRS_OD_INSGA-II\colorScheme.m","C1BCE19A043DB71A4C5F980FB8A637247562CB72F7512A872219A326218C62E8","备份代码重调度\第2篇代码-动态算法对比\AF_INSGA-II\colorScheme.m","34","54"
"订单撤销-动态算法对比\CRS_OD_INSGA-II\decompose_AGVTable.m","96CA7BF36F78F7744876DA01A0D945F860A26E790A16FA6B4E6B18E3CECF5453","备份代码重调度\第2篇代码-动态算法对比\AF_INSGA-II\decompose_AGVTable.m","44","61"
"订单撤销-动态算法对比\CRS_OD_INSGA-II\decompose_machineTable.m","9E258FA7B71314C28C3452FC35441F067033A5860A3329594C0516BBC3D59AFB","备份代码重调度\第2篇代码-动态算法对比\AF_INSGA-II\decompose_machineTable.m","61","51"
"订单撤销-动态算法对比\CRS_OD_INSGA-II\Entropy.m","DD2988BAD7157773DC8F9480F9BCFDCBC24B1FD4BDF95A947A3AA8FED3D0F2D7","备份代码重调度\第2篇代码-动态算法对比\CRS_MF_INSGA-II\Entropy.m","24","34"
"订单撤销-动态算法对比\CRS_OD_INSGA-II\fitness.m","499FBF5A8FC5B6389239B4FA61A18A99A2E8D1CC8AB39A2B983396926D59A444","备份代码重调度\第2篇代码-动态算法对比\CRS_OD_INSGA-II\fitness.m","4","164"
"订单撤销-动态算法对比\CRS_OD_INSGA-II\getState.m","AAEF9F0B6B38A793B201B96B8D7E1ED22ABC5900734AF8390F8B2A9F99F796C1","备份代码重调度\第2篇代码-动态算法对比\AF_INSGA-II\getState.m","53","20"
"订单撤销-动态算法对比\CRS_OD_INSGA-II\HV\approximate_hypervolume_ms.m","5A2BD23E246CD1B350C14B7041681EBF2D8BAD6C7EEF34F3C040A14F5907F7FC","备份代码重调度\第2篇代码-动态算法对比\AF_INSGA-II\HV\approximate_hypervolume_ms.m","61","48"
"订单撤销-动态算法对比\CRS_OD_INSGA-II\HV\compute_reference_point.m","FF450B1D2049531493E17CC130FDED18E7DA4A215B948545454B0AE34F43DB48","备份代码重调度\第2篇代码-动态算法对比\AF_INSGA-II\HV\compute_reference_point.m","61","38"
"订单撤销-动态算法对比\CRS_OD_INSGA-II\HV\dominates.m","A5F892428228E1ADAAA89980C59144F660F333E7CEEDA3C24702C2AED5F09E67","备份代码重调度\第2篇代码-动态算法对比\AF_INSGA-II\HV\dominates.m","69","30"
"订单撤销-动态算法对比\CRS_OD_INSGA-II\HV\lebesgue_measure.m","7581A8B79307E0F65A2C8361CE04C325BB089ACE90669AB7568531E40D27C1E6","备份代码重调度\第2篇代码-动态算法对比\AF_INSGA-II\HV\lebesgue_measure.m","61","149"
"订单撤销-动态算法对比\CRS_OD_INSGA-II\HV\main.m","460254171EB2C76A578E3C589D9AC32DCFB60160C84D0CB932AA82D986003AF5","备份代码重调度\第2篇代码-动态算法对比\AF_INSGA-II\HV\main.m","61","14"
"订单撤销-动态算法对比\CRS_OD_INSGA-II\HV\test_lebesgue_measure.m","941F7887F0FB86939F839CDEDD6092EFC4ADF05EAF15B746E57970569E24E62A","备份代码重调度\第2篇代码-动态算法对比\AF_INSGA-II\HV\test_lebesgue_measure.m","61","31"
"订单撤销-动态算法对比\CRS_OD_INSGA-II\HV\weakly_dominates.m","98DF0FAD59040134E587C7D3BABB104FB1F75F06F39E07D7995C1C23C363115B","备份代码重调度\第2篇代码-动态算法对比\AF_INSGA-II\HV\weakly_dominates.m","61","28"
"订单撤销-动态算法对比\CRS_OD_INSGA-II\init.m","D3B6EF9F2F0DBC865992D6C11FE40FF4AFC50C167118DC7137771000ADBDDE5E","备份代码重调度\第2篇代码-动态算法对比\CRS_OD_INSGA-II\init.m","3","49"
"订单撤销-动态算法对比\CRS_OD_INSGA-II\INSGA_II.m","07264DB24717BA35F4E5AA37B8F4FCBFE6573E45B3104C4ED46E4F32CEC0B8F6","备份代码重调度\第2篇代码-动态算法对比\CRS_OD_INSGA-II\INSGA_II.m","9","380"
"订单撤销-动态算法对比\CRS_OD_INSGA-II\load_transfer_time_compute.m","C524080FD4D65B5496B7B9F3174D752AEA149598A055E8670C24792AF433638A","备份代码重调度\第2篇代码-动态算法对比\AF_INSGA-II\load_transfer_time_compute.m","61","17"
"订单撤销-动态算法对比\CRS_OD_INSGA-II\machine_AGV_gantt_chart.m","590458C39ECE1677188ABCC8E4EF3FC23A9B6144C7998DD151CFC10C09CEBE0B","备份代码重调度\第2篇代码-动态算法对比\CRS_OD_INSGA-II\machine_AGV_gantt_chart.m","4","131"
"订单撤销-动态算法对比\CRS_OD_INSGA-II\non_domination.m","0724F06FF4F61BFC09683F4212AF78FAF00254D1B60F4289D7E79DDECD49E376","备份代码重调度\第2篇代码-动态算法对比\AF_INSGA-II\non_domination.m","53","117"
"订单撤销-动态算法对比\CRS_OD_INSGA-II\object3value.m","48793003255B4DD580ACC229268C0E2E077CF389710ACF160C90E991B4155FBE","备份代码重调度\第2篇代码-动态算法对比\AF_INSGA-II\object3value.m","32","38"
"订单撤销-动态算法对比\CRS_OD_INSGA-II\OD_INSGA_II.m","EDA2196D0AB474A23B756E7E225B869D813A579D51AD032CDACA4024DF4CA9A6","备份代码重调度\第2篇代码-动态算法对比\CRS_OD_INSGA-II\OD_INSGA_II.m","3","672"
"订单撤销-动态算法对比\CRS_OD_INSGA-II\OD_INSGA_II副本.m","64D48250B949744550EF2422FB7F7ED644CF78BDFF3C4DF7699951ED17014116","备份代码重调度\第2篇代码-动态算法对比\CRS_OD_INSGA-II\OD_INSGA_II副本.m","4","541"
"订单撤销-动态算法对比\CRS_OD_INSGA-II\opera_time.m","F677D3926382D7BC6AF084C78808BA769621622E056AE4224FA292B9980FD60E","备份代码重调度\第2篇代码-动态算法对比\AF_INSGA-II\opera_time.m","36","36"
"订单撤销-动态算法对比\CRS_OD_INSGA-II\replace_chrom.m","CD0995F8E9A0D9D0D0CAB31A588C87926E58DDACF9C43A3CF28641EED7D2C2AA","备份代码重调度\第2篇代码-动态算法对比\AF_INSGA-II\replace_chrom.m","57","28"
"订单撤销-动态算法对比\CRS_OD_INSGA-II\sorting.m","26E01A8961584E4139B9FF0E862FDC28B102DBA58575194A6E7EB7E28ECD2B2D","备份代码重调度\第2篇代码-动态算法对比\CRS_OD_INSGA-II\sorting.m","9","234"
"订单撤销-动态算法对比\CRS_OD_INSGA-II\Spacing\Spacing.m","4036FAF38E49B4ABBD5BB9966BFCBEB9F285988B762C12AD2717598CF2E5131F","备份代码重调度\第2篇代码-动态算法对比\AF_INSGA-II\Spacing\Spacing.m","59","6"
"订单撤销-动态算法对比\CRS_OD_INSGA-II\spare_transfer_time_compute.m","95C82B332EE671F3A8F5BF9EF5CE0A977F6B4BB519C80F79376A04850EAC69EC","备份代码重调度\第2篇代码-动态算法对比\AF_INSGA-II\spare_transfer_time_compute.m","61","30"
"订单撤销-动态算法对比\CRS_OD_INSGA-II\table_insert.m","F335A1ADF0EAB7DC892CE1680755ADC8AD130F23296F83905ADC2E1C6CD81A92","备份代码重调度\第2篇代码-动态算法对比\CRS_OD_INSGA-II\table_insert.m","9","54"
"订单撤销-动态算法对比\CRS_OD_INSGA-II\tournament_selection.m","7C6821B39C7B108C1529D1415351D71BB375FEB1775F8F98BDDF90D2D19187C8","备份代码重调度\第2篇代码-动态算法对比\AF_INSGA-II\tournament_selection.m","59","36"
"订单撤销-动态算法对比\CRS_OD_INSGA-II\variation.m","AE91547FB2366F5016FB603CBBD1824FD804918E7CD49D30D220E1CC2B43DC69","备份代码重调度\第2篇代码-动态算法对比\CRS_OD_INSGA-II\variation.m","3","110"
"订单撤销-动态算法对比\CRS_OD_INSGA-II\variation副本.m","BD0CB76DA488001777A87C40D570CD946295AAA72729870A935622A16457462D","备份代码重调度\第2篇代码-动态算法对比\CRS_OD_INSGA-II\variation副本.m","4","107"
"订单撤销-动态算法对比\CRS_OD_INSGA-II\VNS.m","5196917BC0B3573C2FEAA6B8ED4A17AE882AF1887908F3EDD54FCB583F3BD34E","备份代码重调度\第2篇代码-动态算法对比\CRS_OD_INSGA-II\VNS.m","4","185"
"订单撤销-动态算法对比\CRS_OD_INSGA-II\weakly_dominates.m","48ABBDA62705EED81C942FA5BAC84E1B9E8C70B831A0C521030B748E8F5D52BE","备份代码重调度\第2篇代码-动态算法对比\AF_INSGA-II\weakly_dominates.m","55","21"
"订单撤销-动态算法对比\dif_main.m","018ACB92C41AC5C13540EF325FDBDA42F1D79EB8396E0AF6894B73D40DE9FC38","订","1","544"
"订单撤销-动态算法对比\distance_from_xy.m","C8691ED2E4C625F8377D733A67B70264E67766F390220CE517F976A2A6856722","备份代码重调度\第2篇代码-动态算法对比\distance_from_xy.m","8","35"
"订单撤销-动态算法对比\energy_plot.m","26EFE49108DE14F48128B41525A42BF673287B0F44FE94C4F574240503FBC9E1","备份代码重调度\第2篇代码-动态算法对比\energy_plot.m","8","19"
"订单撤销-动态算法对比\HV\approximate_hypervolume_ms.m","5A2BD23E246CD1B350C14B7041681EBF2D8BAD6C7EEF34F3C040A14F5907F7FC","备份代码重调度\第2篇代码-动态算法对比\AF_INSGA-II\HV\approximate_hypervolume_ms.m","61","48"
"订单撤销-动态算法对比\HV\compute_reference_point.m","FF450B1D2049531493E17CC130FDED18E7DA4A215B948545454B0AE34F43DB48","备份代码重调度\第2篇代码-动态算法对比\AF_INSGA-II\HV\compute_reference_point.m","61","38"
"订单撤销-动态算法对比\HV\dominates.m","A5F892428228E1ADAAA89980C59144F660F333E7CEEDA3C24702C2AED5F09E67","备份代码重调度\第2篇代码-动态算法对比\AF_INSGA-II\HV\dominates.m","69","30"
"订单撤销-动态算法对比\HV\lebesgue_measure.m","7581A8B79307E0F65A2C8361CE04C325BB089ACE90669AB7568531E40D27C1E6","备份代码重调度\第2篇代码-动态算法对比\AF_INSGA-II\HV\lebesgue_measure.m","61","149"
"订单撤销-动态算法对比\HV\main.m","460254171EB2C76A578E3C589D9AC32DCFB60160C84D0CB932AA82D986003AF5","备份代码重调度\第2篇代码-动态算法对比\AF_INSGA-II\HV\main.m","61","14"
"订单撤销-动态算法对比\HV\test_lebesgue_measure.m","941F7887F0FB86939F839CDEDD6092EFC4ADF05EAF15B746E57970569E24E62A","备份代码重调度\第2篇代码-动态算法对比\AF_INSGA-II\HV\test_lebesgue_measure.m","61","31"
"订单撤销-动态算法对比\HV\weakly_dominates.m","98DF0FAD59040134E587C7D3BABB104FB1F75F06F39E07D7995C1C23C363115B","备份代码重调度\第2篇代码-动态算法对比\AF_INSGA-II\HV\weakly_dominates.m","61","28"
"订单撤销-动态算法对比\IGD\IGD_compution.m","5CB0BFC528C5C6978C37AB6FAF12EEC58B23A6C9D948662658D046182820265A","备份代码重调度\第2篇代码-动态算法对比\IGD\IGD_compution.m","8","14"
"订单撤销-动态算法对比\init.m","EA0EAAF2F1E6A7FA3F6C640FB867519F44BBF7FE98D522A9DAC7BD0EB7C33139","第2篇代码 - 参数设置\init.m","4","92"
"订单撤销-动态算法对比\initial_AF_INSGA-II\AF_INSGA_II.m","98F6853BA83CFF7AF53CF65B2F560E391B8DAAB26B80AE84685485CAAEFDCE48","订","1","603"
"订单撤销-动态算法对比\initial_AF_INSGA-II\colorScheme.m","C1BCE19A043DB71A4C5F980FB8A637247562CB72F7512A872219A326218C62E8","备份代码重调度\第2篇代码-动态算法对比\AF_INSGA-II\colorScheme.m","34","54"
"订单撤销-动态算法对比\initial_AF_INSGA-II\decompose_AGVTable.m","96CA7BF36F78F7744876DA01A0D945F860A26E790A16FA6B4E6B18E3CECF5453","备份代码重调度\第2篇代码-动态算法对比\AF_INSGA-II\decompose_AGVTable.m","44","61"
"订单撤销-动态算法对比\initial_AF_INSGA-II\decompose_machineTable.m","9E258FA7B71314C28C3452FC35441F067033A5860A3329594C0516BBC3D59AFB","备份代码重调度\第2篇代码-动态算法对比\AF_INSGA-II\decompose_machineTable.m","61","51"
"订单撤销-动态算法对比\initial_AF_INSGA-II\fitness.m","16869B10FE73F91BD17AFE25AFC9F4443997D2749459EFCF98AAA994F54C1A6F","备份代码重调度\第2篇代码-动态算法对比\AF_INSGA-II\fitness.m","12","154"
"订单撤销-动态算法对比\initial_AF_INSGA-II\getState.m","AAEF9F0B6B38A793B201B96B8D7E1ED22ABC5900734AF8390F8B2A9F99F796C1","备份代码重调度\第2篇代码-动态算法对比\AF_INSGA-II\getState.m","53","20"
"订单撤销-动态算法对比\initial_AF_INSGA-II\HV\approximate_hypervolume_ms.m","5A2BD23E246CD1B350C14B7041681EBF2D8BAD6C7EEF34F3C040A14F5907F7FC","备份代码重调度\第2篇代码-动态算法对比\AF_INSGA-II\HV\approximate_hypervolume_ms.m","61","48"
"订单撤销-动态算法对比\initial_AF_INSGA-II\HV\compute_reference_point.m","FF450B1D2049531493E17CC130FDED18E7DA4A215B948545454B0AE34F43DB48","备份代码重调度\第2篇代码-动态算法对比\AF_INSGA-II\HV\compute_reference_point.m","61","38"
"订单撤销-动态算法对比\initial_AF_INSGA-II\HV\dominates.m","A5F892428228E1ADAAA89980C59144F660F333E7CEEDA3C24702C2AED5F09E67","备份代码重调度\第2篇代码-动态算法对比\AF_INSGA-II\HV\dominates.m","69","30"
"订单撤销-动态算法对比\initial_AF_INSGA-II\HV\lebesgue_measure.m","7581A8B79307E0F65A2C8361CE04C325BB089ACE90669AB7568531E40D27C1E6","备份代码重调度\第2篇代码-动态算法对比\AF_INSGA-II\HV\lebesgue_measure.m","61","149"
"订单撤销-动态算法对比\initial_AF_INSGA-II\HV\main.m","460254171EB2C76A578E3C589D9AC32DCFB60160C84D0CB932AA82D986003AF5","备份代码重调度\第2篇代码-动态算法对比\AF_INSGA-II\HV\main.m","61","14"
"订单撤销-动态算法对比\initial_AF_INSGA-II\HV\test_lebesgue_measure.m","941F7887F0FB86939F839CDEDD6092EFC4ADF05EAF15B746E57970569E24E62A","备份代码重调度\第2篇代码-动态算法对比\AF_INSGA-II\HV\test_lebesgue_measure.m","61","31"
"订单撤销-动态算法对比\initial_AF_INSGA-II\HV\weakly_dominates.m","98DF0FAD59040134E587C7D3BABB104FB1F75F06F39E07D7995C1C23C363115B","备份代码重调度\第2篇代码-动态算法对比\AF_INSGA-II\HV\weakly_dominates.m","61","28"
"订单撤销-动态算法对比\initial_AF_INSGA-II\init.m","92E26B2D0FAC4510A4342A8213D6CA4B6D33C77C5A6E4AE88109BE169677FA48","备份代码重调度\第2篇代码-动态算法对比\initial_AF_INSGA-II\init.m","4","27"
"订单撤销-动态算法对比\initial_AF_INSGA-II\load_transfer_time_compute.m","C524080FD4D65B5496B7B9F3174D752AEA149598A055E8670C24792AF433638A","备份代码重调度\第2篇代码-动态算法对比\AF_INSGA-II\load_transfer_time_compute.m","61","17"
"订单撤销-动态算法对比\initial_AF_INSGA-II\machine_AGV_gantt_chart.m","96D7E4ADECF23E452FBF2D5FE43A665D37F25038CC4082B87E459542D20877C3","备份代码重调度\第2篇代码-动态算法对比\AF_INSGA-II\machine_AGV_gantt_chart.m","14","138"
"订单撤销-动态算法对比\initial_AF_INSGA-II\non_domination.m","0724F06FF4F61BFC09683F4212AF78FAF00254D1B60F4289D7E79DDECD49E376","备份代码重调度\第2篇代码-动态算法对比\AF_INSGA-II\non_domination.m","53","117"
"订单撤销-动态算法对比\initial_AF_INSGA-II\object3value.m","48793003255B4DD580ACC229268C0E2E077CF389710ACF160C90E991B4155FBE","备份代码重调度\第2篇代码-动态算法对比\AF_INSGA-II\object3value.m","32","38"
"订单撤销-动态算法对比\initial_AF_INSGA-II\opera_time.m","F677D3926382D7BC6AF084C78808BA769621622E056AE4224FA292B9980FD60E","备份代码重调度\第2篇代码-动态算法对比\AF_INSGA-II\opera_time.m","36","36"
"订单撤销-动态算法对比\initial_AF_INSGA-II\replace_chrom.m","CD0995F8E9A0D9D0D0CAB31A588C87926E58DDACF9C43A3CF28641EED7D2C2AA","备份代码重调度\第2篇代码-动态算法对比\AF_INSGA-II\replace_chrom.m","57","28"
"订单撤销-动态算法对比\initial_AF_INSGA-II\sorting.m","7850D4659494A874DD98F883F190DC49D7BC8179C9FC2B9872B8CB283C0BD7DB","备份代码重调度\第2篇代码-动态算法对比\AF_INSGA-II\sorting.m","23","228"
"订单撤销-动态算法对比\initial_AF_INSGA-II\Spacing\Spacing.m","4036FAF38E49B4ABBD5BB9966BFCBEB9F285988B762C12AD2717598CF2E5131F","备份代码重调度\第2篇代码-动态算法对比\AF_INSGA-II\Spacing\Spacing.m","59","6"
"订单撤销-动态算法对比\initial_AF_INSGA-II\spare_transfer_time_compute.m","95C82B332EE671F3A8F5BF9EF5CE0A977F6B4BB519C80F79376A04850EAC69EC","备份代码重调度\第2篇代码-动态算法对比\AF_INSGA-II\spare_transfer_time_compute.m","61","30"
"订单撤销-动态算法对比\initial_AF_INSGA-II\table_insert.m","22331F99A901E22DFD0941730D3FB812EED678B26960066142FA788DB992930A","备份代码重调度\第2篇代码-动态算法对比\AF_INSGA-II\table_insert.m","52","54"
"订单撤销-动态算法对比\initial_AF_INSGA-II\tournament_selection.m","7C6821B39C7B108C1529D1415351D71BB375FEB1775F8F98BDDF90D2D19187C8","备份代码重调度\第2篇代码-动态算法对比\AF_INSGA-II\tournament_selection.m","59","36"
"订单撤销-动态算法对比\initial_AF_INSGA-II\variation.m","5B07946042630F8AA1C5DE4AAA5F80087385F83004F40530CBC903AAF0A11A17","备份代码重调度\第2篇代码-动态算法对比\AF_INSGA-II\variation.m","19","109"
"订单撤销-动态算法对比\initial_AF_INSGA-II\VNS.m","18A1DE5F3F50E2B44D8ED1F5A69E21F1C655A9F80D14732F7D841B352B71D7BD","备份代码重调度\第2篇代码-动态算法对比\AF_INSGA-II\VNS.m","12","186"
"订单撤销-动态算法对比\initial_AF_INSGA-II\weakly_dominates.m","48ABBDA62705EED81C942FA5BAC84E1B9E8C70B831A0C521030B748E8F5D52BE","备份代码重调度\第2篇代码-动态算法对比\AF_INSGA-II\weakly_dominates.m","55","21"
"订单撤销-动态算法对比\initial_MF_INSGA-II\aim_entropy.m","BF83F4220B215B0EB8DED6C2DB960B2D49AE2206647E52D7DC8CB789A9059C01","备份代码重调度\第2篇代码-动态算法对比\CRS_MF_INSGA-II\aim_entropy.m","24","26"
"订单撤销-动态算法对比\initial_MF_INSGA-II\both_reverse_pop.m","7E6AA14B05D0C47CF62D147AB082575F72A590A935498F7F225964BE989F3264","备份代码重调度\第2篇代码-动态算法对比\CRS_MF_INSGA-II\both_reverse_pop.m","24","165"
"订单撤销-动态算法对比\initial_MF_INSGA-II\colorScheme.m","C1BCE19A043DB71A4C5F980FB8A637247562CB72F7512A872219A326218C62E8","备份代码重调度\第2篇代码-动态算法对比\AF_INSGA-II\colorScheme.m","34","54"
"订单撤销-动态算法对比\initial_MF_INSGA-II\Copy_OD_INSGA_II.m","FC4E555C7D51E3BBE1BD9225AC239F96E6E81D569FBC8FB0DC5CE6D60B648CBE","备份代码重调度\第2篇代码-动态算法对比\CRS_MF_INSGA-II\Copy_OD_INSGA_II.m","15","379"
"订单撤销-动态算法对比\initial_MF_INSGA-II\decompose_AGVTable.m","96CA7BF36F78F7744876DA01A0D945F860A26E790A16FA6B4E6B18E3CECF5453","备份代码重调度\第2篇代码-动态算法对比\AF_INSGA-II\decompose_AGVTable.m","44","61"
"订单撤销-动态算法对比\initial_MF_INSGA-II\decompose_machineTable.m","9E258FA7B71314C28C3452FC35441F067033A5860A3329594C0516BBC3D59AFB","备份代码重调度\第2篇代码-动态算法对比\AF_INSGA-II\decompose_machineTable.m","61","51"
"订单撤销-动态算法对比\initial_MF_INSGA-II\Entropy.m","DD2988BAD7157773DC8F9480F9BCFDCBC24B1FD4BDF95A947A3AA8FED3D0F2D7","备份代码重调度\第2篇代码-动态算法对比\CRS_MF_INSGA-II\Entropy.m","24","34"
"订单撤销-动态算法对比\initial_MF_INSGA-II\fitness.m","5BF476FF81C7B763D9F66678678EF4DAB662103996445BA134096D375350F345","备份代码重调度\第2篇代码-动态算法对比\CRS_MF_INSGA-II\fitness.m","11","154"
"订单撤销-动态算法对比\initial_MF_INSGA-II\getState.m","AAEF9F0B6B38A793B201B96B8D7E1ED22ABC5900734AF8390F8B2A9F99F796C1","备份代码重调度\第2篇代码-动态算法对比\AF_INSGA-II\getState.m","53","20"
"订单撤销-动态算法对比\initial_MF_INSGA-II\HV\approximate_hypervolume_ms.m","5A2BD23E246CD1B350C14B7041681EBF2D8BAD6C7EEF34F3C040A14F5907F7FC","备份代码重调度\第2篇代码-动态算法对比\AF_INSGA-II\HV\approximate_hypervolume_ms.m","61","48"
"订单撤销-动态算法对比\initial_MF_INSGA-II\HV\compute_reference_point.m","FF450B1D2049531493E17CC130FDED18E7DA4A215B948545454B0AE34F43DB48","备份代码重调度\第2篇代码-动态算法对比\AF_INSGA-II\HV\compute_reference_point.m","61","38"
"订单撤销-动态算法对比\initial_MF_INSGA-II\HV\dominates.m","A5F892428228E1ADAAA89980C59144F660F333E7CEEDA3C24702C2AED5F09E67","备份代码重调度\第2篇代码-动态算法对比\AF_INSGA-II\HV\dominates.m","69","30"
"订单撤销-动态算法对比\initial_MF_INSGA-II\HV\lebesgue_measure.m","7581A8B79307E0F65A2C8361CE04C325BB089ACE90669AB7568531E40D27C1E6","备份代码重调度\第2篇代码-动态算法对比\AF_INSGA-II\HV\lebesgue_measure.m","61","149"
"订单撤销-动态算法对比\initial_MF_INSGA-II\HV\main.m","460254171EB2C76A578E3C589D9AC32DCFB60160C84D0CB932AA82D986003AF5","备份代码重调度\第2篇代码-动态算法对比\AF_INSGA-II\HV\main.m","61","14"
"订单撤销-动态算法对比\initial_MF_INSGA-II\HV\test_lebesgue_measure.m","941F7887F0FB86939F839CDEDD6092EFC4ADF05EAF15B746E57970569E24E62A","备份代码重调度\第2篇代码-动态算法对比\AF_INSGA-II\HV\test_lebesgue_measure.m","61","31"
"订单撤销-动态算法对比\initial_MF_INSGA-II\HV\weakly_dominates.m","98DF0FAD59040134E587C7D3BABB104FB1F75F06F39E07D7995C1C23C363115B","备份代码重调度\第2篇代码-动态算法对比\AF_INSGA-II\HV\weakly_dominates.m","61","28"
"订单撤销-动态算法对比\initial_MF_INSGA-II\improved_elitism.m","4802727D622BDD7181FB4023F1677C78DBCDC37D24E233879000E4B6DB9A817D","备份代码重调度\第2篇代码-动态算法对比\CRS_MF_INSGA-II\improved_elitism.m","32","81"
"订单撤销-动态算法对比\initial_MF_INSGA-II\init.m","77FFA51D791E8B470154F1B361C8CC9CC0547C02ED55A6549D4C392A4261D2DE","备份代码重调度\第2篇代码-动态算法对比\initial_MF_INSGA-II\init.m","4","36"
"订单撤销-动态算法对比\initial_MF_INSGA-II\is_B_strongly_dominating_A.m","29012708DB01740C9F16EB512E490861EB3CDAD3DB47D1F3A353F0A2CF67AF10","备份代码重调度\第2篇代码-动态算法对比\CRS_MF_INSGA-II\is_B_strongly_dominating_A.m","34","10"
"订单撤销-动态算法对比\initial_MF_INSGA-II\load_transfer_time_compute.m","C524080FD4D65B5496B7B9F3174D752AEA149598A055E8670C24792AF433638A","备份代码重调度\第2篇代码-动态算法对比\AF_INSGA-II\load_transfer_time_compute.m","61","17"
"订单撤销-动态算法对比\initial_MF_INSGA-II\machine_AGV_gantt_chart.m","C2C4D4BB67B2926C94E9CAF134B81D97193E238E214D1ED31702EFE0A10271A4","订单撤销-动态算法对比\CRS_MF_INSGA-II\machine_AGV_gantt_chart.m","3","134"
"订单撤销-动态算法对比\initial_MF_INSGA-II\MF_INSGA_II.m","73E2F6596DFD0E2C62A76BE7F58E9FF5C608587053BF3944FE79C17D3B099212","订","1","574"
"订单撤销-动态算法对比\initial_MF_INSGA-II\non_domination.m","0724F06FF4F61BFC09683F4212AF78FAF00254D1B60F4289D7E79DDECD49E376","备份代码重调度\第2篇代码-动态算法对比\AF_INSGA-II\non_domination.m","53","117"
"订单撤销-动态算法对比\initial_MF_INSGA-II\object3value.m","48793003255B4DD580ACC229268C0E2E077CF389710ACF160C90E991B4155FBE","备份代码重调度\第2篇代码-动态算法对比\AF_INSGA-II\object3value.m","32","38"
"订单撤销-动态算法对比\initial_MF_INSGA-II\opera_time.m","F677D3926382D7BC6AF084C78808BA769621622E056AE4224FA292B9980FD60E","备份代码重调度\第2篇代码-动态算法对比\AF_INSGA-II\opera_time.m","36","36"
"订单撤销-动态算法对比\initial_MF_INSGA-II\replace_chrom.m","CD0995F8E9A0D9D0D0CAB31A588C87926E58DDACF9C43A3CF28641EED7D2C2AA","备份代码重调度\第2篇代码-动态算法对比\AF_INSGA-II\replace_chrom.m","57","28"
"订单撤销-动态算法对比\initial_MF_INSGA-II\reverse_pop.m","C265430B80D0C4DB4BE5C7FA76A70C0C0787A5DF09726A288293F4661007421B","备份代码重调度\第2篇代码-动态算法对比\CRS_MF_INSGA-II\reverse_pop.m","15","167"
"订单撤销-动态算法对比\initial_MF_INSGA-II\sorting.m","7850D4659494A874DD98F883F190DC49D7BC8179C9FC2B9872B8CB283C0BD7DB","备份代码重调度\第2篇代码-动态算法对比\AF_INSGA-II\sorting.m","23","228"
"订单撤销-动态算法对比\initial_MF_INSGA-II\Spacing\Spacing.m","4036FAF38E49B4ABBD5BB9966BFCBEB9F285988B762C12AD2717598CF2E5131F","备份代码重调度\第2篇代码-动态算法对比\AF_INSGA-II\Spacing\Spacing.m","59","6"
"订单撤销-动态算法对比\initial_MF_INSGA-II\spare_transfer_time_compute.m","95C82B332EE671F3A8F5BF9EF5CE0A977F6B4BB519C80F79376A04850EAC69EC","备份代码重调度\第2篇代码-动态算法对比\AF_INSGA-II\spare_transfer_time_compute.m","61","30"
"订单撤销-动态算法对比\initial_MF_INSGA-II\table_insert.m","22331F99A901E22DFD0941730D3FB812EED678B26960066142FA788DB992930A","备份代码重调度\第2篇代码-动态算法对比\AF_INSGA-II\table_insert.m","52","54"
"订单撤销-动态算法对比\initial_MF_INSGA-II\tournament_selection.m","7C6821B39C7B108C1529D1415351D71BB375FEB1775F8F98BDDF90D2D19187C8","备份代码重调度\第2篇代码-动态算法对比\AF_INSGA-II\tournament_selection.m","59","36"
"订单撤销-动态算法对比\initial_MF_INSGA-II\variation.m","5B07946042630F8AA1C5DE4AAA5F80087385F83004F40530CBC903AAF0A11A17","备份代码重调度\第2篇代码-动态算法对比\AF_INSGA-II\variation.m","19","109"
"订单撤销-动态算法对比\initial_MF_INSGA-II\VNS.m","86095BF9A78FA1C4210F23297317726CDEA7E4D0930F6E665B68639008F03DC5","备份代码重调度\第2篇代码-动态算法对比\CRS_MF_INSGA-II\VNS.m","11","57"
"订单撤销-动态算法对比\initial_MF_INSGA-II\weakly_dominates.m","48ABBDA62705EED81C942FA5BAC84E1B9E8C70B831A0C521030B748E8F5D52BE","备份代码重调度\第2篇代码-动态算法对比\AF_INSGA-II\weakly_dominates.m","55","21"
"订单撤销-动态算法对比\initial_NSGA-II\decompose_AGVTable.m","E0FABF783EAA9EA3FC803BBAE7AA92C40D9E39F560F7857829899C3667D908EF","备份代码重调度\第2篇代码-动态算法对比\initial_NSGA-II\decompose_AGVTable.m","17","65"
"订单撤销-动态算法对比\initial_NSGA-II\decompose_machineTable.m","9E258FA7B71314C28C3452FC35441F067033A5860A3329594C0516BBC3D59AFB","备份代码重调度\第2篇代码-动态算法对比\AF_INSGA-II\decompose_machineTable.m","61","51"
"订单撤销-动态算法对比\initial_NSGA-II\fitness.m","CB45A2A20DB4AB0220BED11373EE06965259A3D378911AD46C1FAEC63FD44E8A","备份代码重调度\第2篇代码-动态算法对比\initial_NSGA-II\fitness.m","17","82"
"订单撤销-动态算法对比\initial_NSGA-II\getState.m","AAEF9F0B6B38A793B201B96B8D7E1ED22ABC5900734AF8390F8B2A9F99F796C1","备份代码重调度\第2篇代码-动态算法对比\AF_INSGA-II\getState.m","53","20"
"订单撤销-动态算法对比\initial_NSGA-II\HV\approximate_hypervolume_ms.m","5A2BD23E246CD1B350C14B7041681EBF2D8BAD6C7EEF34F3C040A14F5907F7FC","备份代码重调度\第2篇代码-动态算法对比\AF_INSGA-II\HV\approximate_hypervolume_ms.m","61","48"
"订单撤销-动态算法对比\initial_NSGA-II\HV\compute_reference_point.m","FF450B1D2049531493E17CC130FDED18E7DA4A215B948545454B0AE34F43DB48","备份代码重调度\第2篇代码-动态算法对比\AF_INSGA-II\HV\compute_reference_point.m","61","38"
"订单撤销-动态算法对比\initial_NSGA-II\HV\dominates.m","A5F892428228E1ADAAA89980C59144F660F333E7CEEDA3C24702C2AED5F09E67","备份代码重调度\第2篇代码-动态算法对比\AF_INSGA-II\HV\dominates.m","69","30"
"订单撤销-动态算法对比\initial_NSGA-II\HV\lebesgue_measure.m","7581A8B79307E0F65A2C8361CE04C325BB089ACE90669AB7568531E40D27C1E6","备份代码重调度\第2篇代码-动态算法对比\AF_INSGA-II\HV\lebesgue_measure.m","61","149"
"订单撤销-动态算法对比\initial_NSGA-II\HV\main.m","460254171EB2C76A578E3C589D9AC32DCFB60160C84D0CB932AA82D986003AF5","备份代码重调度\第2篇代码-动态算法对比\AF_INSGA-II\HV\main.m","61","14"
"订单撤销-动态算法对比\initial_NSGA-II\HV\test_lebesgue_measure.m","941F7887F0FB86939F839CDEDD6092EFC4ADF05EAF15B746E57970569E24E62A","备份代码重调度\第2篇代码-动态算法对比\AF_INSGA-II\HV\test_lebesgue_measure.m","61","31"
"订单撤销-动态算法对比\initial_NSGA-II\HV\weakly_dominates.m","98DF0FAD59040134E587C7D3BABB104FB1F75F06F39E07D7995C1C23C363115B","备份代码重调度\第2篇代码-动态算法对比\AF_INSGA-II\HV\weakly_dominates.m","61","28"
"订单撤销-动态算法对比\initial_NSGA-II\improved_elitism.m","4802727D622BDD7181FB4023F1677C78DBCDC37D24E233879000E4B6DB9A817D","备份代码重调度\第2篇代码-动态算法对比\CRS_MF_INSGA-II\improved_elitism.m","32","81"
"订单撤销-动态算法对比\initial_NSGA-II\init.m","7BD3C7A1F0B0CCC2F2EC8D7B17954CC85599CA2C80BD9515871C8360FBF1EC29","第2篇代码 - 静态算法对比\initial_NSGA-II\init.m","7","486"
"订单撤销-动态算法对比\initial_NSGA-II\initial_INSGA_II.m","9D96D2F05583F10311AC76B9F94A124209CC22929184EBDFAF8B4EB525F4E9FF","订单撤销-动态算法对比\initial_NSGA-II\initial_INSGA_II.m","2","195"
"订单撤销-动态算法对比\initial_NSGA-II\is_B_strongly_dominating_A.m","29012708DB01740C9F16EB512E490861EB3CDAD3DB47D1F3A353F0A2CF67AF10","备份代码重调度\第2篇代码-动态算法对比\CRS_MF_INSGA-II\is_B_strongly_dominating_A.m","34","10"
"订单撤销-动态算法对比\initial_NSGA-II\load_transfer_time_compute.m","C524080FD4D65B5496B7B9F3174D752AEA149598A055E8670C24792AF433638A","备份代码重调度\第2篇代码-动态算法对比\AF_INSGA-II\load_transfer_time_compute.m","61","17"
"订单撤销-动态算法对比\initial_NSGA-II\non_domination.m","0724F06FF4F61BFC09683F4212AF78FAF00254D1B60F4289D7E79DDECD49E376","备份代码重调度\第2篇代码-动态算法对比\AF_INSGA-II\non_domination.m","53","117"
"订单撤销-动态算法对比\initial_NSGA-II\replace_chrom.m","CD0995F8E9A0D9D0D0CAB31A588C87926E58DDACF9C43A3CF28641EED7D2C2AA","备份代码重调度\第2篇代码-动态算法对比\AF_INSGA-II\replace_chrom.m","57","28"
"订单撤销-动态算法对比\initial_NSGA-II\sorting.m","F79DC4C8E82716997587DCAB10AC62D5B60FEB8768C42AAE0301BBCDD5691504","备份代码重调度\第2篇代码-动态算法对比\Multi-NSGA-II\sorting.m","15","225"
"订单撤销-动态算法对比\initial_NSGA-II\Spacing\Spacing.m","4036FAF38E49B4ABBD5BB9966BFCBEB9F285988B762C12AD2717598CF2E5131F","备份代码重调度\第2篇代码-动态算法对比\AF_INSGA-II\Spacing\Spacing.m","59","6"
"订单撤销-动态算法对比\initial_NSGA-II\spare_transfer_time_compute.m","95C82B332EE671F3A8F5BF9EF5CE0A977F6B4BB519C80F79376A04850EAC69EC","备份代码重调度\第2篇代码-动态算法对比\AF_INSGA-II\spare_transfer_time_compute.m","61","30"
"订单撤销-动态算法对比\initial_NSGA-II\table_insert.m","22331F99A901E22DFD0941730D3FB812EED678B26960066142FA788DB992930A","备份代码重调度\第2篇代码-动态算法对比\AF_INSGA-II\table_insert.m","52","54"
"订单撤销-动态算法对比\initial_NSGA-II\tournament_selection.m","7C6821B39C7B108C1529D1415351D71BB375FEB1775F8F98BDDF90D2D19187C8","备份代码重调度\第2篇代码-动态算法对比\AF_INSGA-II\tournament_selection.m","59","36"
"订单撤销-动态算法对比\initial_NSGA-II\variation.m","EB6280CB4CBD07B7D5FC90D136BB55F75BA42164DAF51335EC6A22ED7ACFE286","备份代码重调度\第2篇代码-动态算法对比\Multi-NSGA-II\variation.m","21","105"
"订单撤销-动态算法对比\initial_NSGA-II\VNS.m","39E43A3C84D1527F2A5F0759D50DB06FD13D03DA412F25E4C974566E0C280056","订","1","180"
"订单撤销-动态算法对比\initial_NSGA-II\weakly_dominates.m","48ABBDA62705EED81C942FA5BAC84E1B9E8C70B831A0C521030B748E8F5D52BE","备份代码重调度\第2篇代码-动态算法对比\AF_INSGA-II\weakly_dominates.m","55","21"
"订单撤销-动态算法对比\initial_OD_INSGA-II\aim_entropy.m","BF83F4220B215B0EB8DED6C2DB960B2D49AE2206647E52D7DC8CB789A9059C01","备份代码重调度\第2篇代码-动态算法对比\CRS_MF_INSGA-II\aim_entropy.m","24","26"
"订单撤销-动态算法对比\initial_OD_INSGA-II\both_reverse_pop.m","7E6AA14B05D0C47CF62D147AB082575F72A590A935498F7F225964BE989F3264","备份代码重调度\第2篇代码-动态算法对比\CRS_MF_INSGA-II\both_reverse_pop.m","24","165"
"订单撤销-动态算法对比\initial_OD_INSGA-II\colorScheme.m","C1BCE19A043DB71A4C5F980FB8A637247562CB72F7512A872219A326218C62E8","备份代码重调度\第2篇代码-动态算法对比\AF_INSGA-II\colorScheme.m","34","54"
"订单撤销-动态算法对比\initial_OD_INSGA-II\decompose_AGVTable.m","96CA7BF36F78F7744876DA01A0D945F860A26E790A16FA6B4E6B18E3CECF5453","备份代码重调度\第2篇代码-动态算法对比\AF_INSGA-II\decompose_AGVTable.m","44","61"
"订单撤销-动态算法对比\initial_OD_INSGA-II\decompose_machineTable.m","9E258FA7B71314C28C3452FC35441F067033A5860A3329594C0516BBC3D59AFB","备份代码重调度\第2篇代码-动态算法对比\AF_INSGA-II\decompose_machineTable.m","61","51"
"订单撤销-动态算法对比\initial_OD_INSGA-II\Entropy.m","DD2988BAD7157773DC8F9480F9BCFDCBC24B1FD4BDF95A947A3AA8FED3D0F2D7","备份代码重调度\第2篇代码-动态算法对比\CRS_MF_INSGA-II\Entropy.m","24","34"
"订单撤销-动态算法对比\initial_OD_INSGA-II\fitness.m","BB5ECC3ECE56C60997260ACF0687146E264FBBC93374A5135726C99B0D9AA613","备份代码重调度\第2篇代码-动态算法对比\OD_INSGA-II\fitness.m","5","164"
"订单撤销-动态算法对比\initial_OD_INSGA-II\getState.m","AAEF9F0B6B38A793B201B96B8D7E1ED22ABC5900734AF8390F8B2A9F99F796C1","备份代码重调度\第2篇代码-动态算法对比\AF_INSGA-II\getState.m","53","20"
"订单撤销-动态算法对比\initial_OD_INSGA-II\HV\approximate_hypervolume_ms.m","5A2BD23E246CD1B350C14B7041681EBF2D8BAD6C7EEF34F3C040A14F5907F7FC","备份代码重调度\第2篇代码-动态算法对比\AF_INSGA-II\HV\approximate_hypervolume_ms.m","61","48"
"订单撤销-动态算法对比\initial_OD_INSGA-II\HV\compute_reference_point.m","FF450B1D2049531493E17CC130FDED18E7DA4A215B948545454B0AE34F43DB48","备份代码重调度\第2篇代码-动态算法对比\AF_INSGA-II\HV\compute_reference_point.m","61","38"
"订单撤销-动态算法对比\initial_OD_INSGA-II\HV\dominates.m","A5F892428228E1ADAAA89980C59144F660F333E7CEEDA3C24702C2AED5F09E67","备份代码重调度\第2篇代码-动态算法对比\AF_INSGA-II\HV\dominates.m","69","30"
"订单撤销-动态算法对比\initial_OD_INSGA-II\HV\lebesgue_measure.m","7581A8B79307E0F65A2C8361CE04C325BB089ACE90669AB7568531E40D27C1E6","备份代码重调度\第2篇代码-动态算法对比\AF_INSGA-II\HV\lebesgue_measure.m","61","149"
"订单撤销-动态算法对比\initial_OD_INSGA-II\HV\main.m","460254171EB2C76A578E3C589D9AC32DCFB60160C84D0CB932AA82D986003AF5","备份代码重调度\第2篇代码-动态算法对比\AF_INSGA-II\HV\main.m","61","14"
"订单撤销-动态算法对比\initial_OD_INSGA-II\HV\test_lebesgue_measure.m","941F7887F0FB86939F839CDEDD6092EFC4ADF05EAF15B746E57970569E24E62A","备份代码重调度\第2篇代码-动态算法对比\AF_INSGA-II\HV\test_lebesgue_measure.m","61","31"
"订单撤销-动态算法对比\initial_OD_INSGA-II\HV\weakly_dominates.m","98DF0FAD59040134E587C7D3BABB104FB1F75F06F39E07D7995C1C23C363115B","备份代码重调度\第2篇代码-动态算法对比\AF_INSGA-II\HV\weakly_dominates.m","61","28"
"订单撤销-动态算法对比\initial_OD_INSGA-II\init.m","2E0EEDC0AD036B99B3A2EC0C5DB273E53706A8B04E88AF94097AFEDF207EA811","备份代码重调度\第2篇代码-动态算法对比\OD_INSGA-II\init.m","5","27"
"订单撤销-动态算法对比\initial_OD_INSGA-II\INSGA_II.m","07264DB24717BA35F4E5AA37B8F4FCBFE6573E45B3104C4ED46E4F32CEC0B8F6","备份代码重调度\第2篇代码-动态算法对比\CRS_OD_INSGA-II\INSGA_II.m","9","380"
"订单撤销-动态算法对比\initial_OD_INSGA-II\load_transfer_time_compute.m","C524080FD4D65B5496B7B9F3174D752AEA149598A055E8670C24792AF433638A","备份代码重调度\第2篇代码-动态算法对比\AF_INSGA-II\load_transfer_time_compute.m","61","17"
"订单撤销-动态算法对比\initial_OD_INSGA-II\machine_AGV_gantt_chart.m","D5BE2AA927B5860456A3705D429992CB18A7D228CBC1A1A6A20BE40D6EDE9F7D","备份代码重调度\第2篇代码-动态算法对比\OD_INSGA-II\machine_AGV_gantt_chart.m","5","135"
"订单撤销-动态算法对比\initial_OD_INSGA-II\non_domination.m","0724F06FF4F61BFC09683F4212AF78FAF00254D1B60F4289D7E79DDECD49E376","备份代码重调度\第2篇代码-动态算法对比\AF_INSGA-II\non_domination.m","53","117"
"订单撤销-动态算法对比\initial_OD_INSGA-II\object3value.m","48793003255B4DD580ACC229268C0E2E077CF389710ACF160C90E991B4155FBE","备份代码重调度\第2篇代码-动态算法对比\AF_INSGA-II\object3value.m","32","38"
"订单撤销-动态算法对比\initial_OD_INSGA-II\OD_INSGA_II.m","50DCECDCC6BD7A24025A00CEE6620C05668957A89CAD159239F4195769689C70","订","1","531"
"订单撤销-动态算法对比\initial_OD_INSGA-II\opera_time.m","F677D3926382D7BC6AF084C78808BA769621622E056AE4224FA292B9980FD60E","备份代码重调度\第2篇代码-动态算法对比\AF_INSGA-II\opera_time.m","36","36"
"订单撤销-动态算法对比\initial_OD_INSGA-II\replace_chrom.m","CD0995F8E9A0D9D0D0CAB31A588C87926E58DDACF9C43A3CF28641EED7D2C2AA","备份代码重调度\第2篇代码-动态算法对比\AF_INSGA-II\replace_chrom.m","57","28"
"订单撤销-动态算法对比\initial_OD_INSGA-II\sorting.m","26E01A8961584E4139B9FF0E862FDC28B102DBA58575194A6E7EB7E28ECD2B2D","备份代码重调度\第2篇代码-动态算法对比\CRS_OD_INSGA-II\sorting.m","9","234"
"订单撤销-动态算法对比\initial_OD_INSGA-II\Spacing\Spacing.m","4036FAF38E49B4ABBD5BB9966BFCBEB9F285988B762C12AD2717598CF2E5131F","备份代码重调度\第2篇代码-动态算法对比\AF_INSGA-II\Spacing\Spacing.m","59","6"
"订单撤销-动态算法对比\initial_OD_INSGA-II\spare_transfer_time_compute.m","95C82B332EE671F3A8F5BF9EF5CE0A977F6B4BB519C80F79376A04850EAC69EC","备份代码重调度\第2篇代码-动态算法对比\AF_INSGA-II\spare_transfer_time_compute.m","61","30"
"订单撤销-动态算法对比\initial_OD_INSGA-II\table_insert.m","F335A1ADF0EAB7DC892CE1680755ADC8AD130F23296F83905ADC2E1C6CD81A92","备份代码重调度\第2篇代码-动态算法对比\CRS_OD_INSGA-II\table_insert.m","9","54"
"订单撤销-动态算法对比\initial_OD_INSGA-II\tournament_selection.m","7C6821B39C7B108C1529D1415351D71BB375FEB1775F8F98BDDF90D2D19187C8","备份代码重调度\第2篇代码-动态算法对比\AF_INSGA-II\tournament_selection.m","59","36"
"订单撤销-动态算法对比\initial_OD_INSGA-II\variation.m","874B6C9A3FE6A82BFD2C430440396979EFC7A9E9D5C8AA590091BE4B66E8ADD1","备份代码重调度\第2篇代码-动态算法对比\OD_INSGA-II\variation.m","6","115"
"订单撤销-动态算法对比\initial_OD_INSGA-II\VNS.m","D7FE8D55043DA47962CB8D6863769C31BE023DAC171B55818321633978AAA3D5","备份代码重调度\第2篇代码-动态算法对比\OD_INSGA-II\VNS.m","4","52"
"订单撤销-动态算法对比\initial_OD_INSGA-II\weakly_dominates.m","48ABBDA62705EED81C942FA5BAC84E1B9E8C70B831A0C521030B748E8F5D52BE","备份代码重调度\第2篇代码-动态算法对比\AF_INSGA-II\weakly_dominates.m","55","21"
"订单撤销-动态算法对比\machine_AGV_gantt_chart.m","3A36697DEB61549374A763C5149924547A806DEFFA5790ECC5AFC2D453708055","订单撤销-动态算法对比\machine_AGV_gantt_chart.m","2","141"
"订单撤销-动态算法对比\MF_INSGA-II\aim_entropy.m","BF83F4220B215B0EB8DED6C2DB960B2D49AE2206647E52D7DC8CB789A9059C01","备份代码重调度\第2篇代码-动态算法对比\CRS_MF_INSGA-II\aim_entropy.m","24","26"
"订单撤销-动态算法对比\MF_INSGA-II\both_reverse_pop.m","7E6AA14B05D0C47CF62D147AB082575F72A590A935498F7F225964BE989F3264","备份代码重调度\第2篇代码-动态算法对比\CRS_MF_INSGA-II\both_reverse_pop.m","24","165"
"订单撤销-动态算法对比\MF_INSGA-II\colorScheme.m","C1BCE19A043DB71A4C5F980FB8A637247562CB72F7512A872219A326218C62E8","备份代码重调度\第2篇代码-动态算法对比\AF_INSGA-II\colorScheme.m","34","54"
"订单撤销-动态算法对比\MF_INSGA-II\Copy_OD_INSGA_II.m","FC4E555C7D51E3BBE1BD9225AC239F96E6E81D569FBC8FB0DC5CE6D60B648CBE","备份代码重调度\第2篇代码-动态算法对比\CRS_MF_INSGA-II\Copy_OD_INSGA_II.m","15","379"
"订单撤销-动态算法对比\MF_INSGA-II\decompose_AGVTable.m","96CA7BF36F78F7744876DA01A0D945F860A26E790A16FA6B4E6B18E3CECF5453","备份代码重调度\第2篇代码-动态算法对比\AF_INSGA-II\decompose_AGVTable.m","44","61"
"订单撤销-动态算法对比\MF_INSGA-II\decompose_machineTable.m","9E258FA7B71314C28C3452FC35441F067033A5860A3329594C0516BBC3D59AFB","备份代码重调度\第2篇代码-动态算法对比\AF_INSGA-II\decompose_machineTable.m","61","51"
"订单撤销-动态算法对比\MF_INSGA-II\Entropy.m","DD2988BAD7157773DC8F9480F9BCFDCBC24B1FD4BDF95A947A3AA8FED3D0F2D7","备份代码重调度\第2篇代码-动态算法对比\CRS_MF_INSGA-II\Entropy.m","24","34"
"订单撤销-动态算法对比\MF_INSGA-II\fitness.m","5BF476FF81C7B763D9F66678678EF4DAB662103996445BA134096D375350F345","备份代码重调度\第2篇代码-动态算法对比\CRS_MF_INSGA-II\fitness.m","11","154"
"订单撤销-动态算法对比\MF_INSGA-II\getState.m","AAEF9F0B6B38A793B201B96B8D7E1ED22ABC5900734AF8390F8B2A9F99F796C1","备份代码重调度\第2篇代码-动态算法对比\AF_INSGA-II\getState.m","53","20"
"订单撤销-动态算法对比\MF_INSGA-II\HV\approximate_hypervolume_ms.m","5A2BD23E246CD1B350C14B7041681EBF2D8BAD6C7EEF34F3C040A14F5907F7FC","备份代码重调度\第2篇代码-动态算法对比\AF_INSGA-II\HV\approximate_hypervolume_ms.m","61","48"
"订单撤销-动态算法对比\MF_INSGA-II\HV\compute_reference_point.m","FF450B1D2049531493E17CC130FDED18E7DA4A215B948545454B0AE34F43DB48","备份代码重调度\第2篇代码-动态算法对比\AF_INSGA-II\HV\compute_reference_point.m","61","38"
"订单撤销-动态算法对比\MF_INSGA-II\HV\dominates.m","A5F892428228E1ADAAA89980C59144F660F333E7CEEDA3C24702C2AED5F09E67","备份代码重调度\第2篇代码-动态算法对比\AF_INSGA-II\HV\dominates.m","69","30"
"订单撤销-动态算法对比\MF_INSGA-II\HV\lebesgue_measure.m","7581A8B79307E0F65A2C8361CE04C325BB089ACE90669AB7568531E40D27C1E6","备份代码重调度\第2篇代码-动态算法对比\AF_INSGA-II\HV\lebesgue_measure.m","61","149"
"订单撤销-动态算法对比\MF_INSGA-II\HV\main.m","460254171EB2C76A578E3C589D9AC32DCFB60160C84D0CB932AA82D986003AF5","备份代码重调度\第2篇代码-动态算法对比\AF_INSGA-II\HV\main.m","61","14"
"订单撤销-动态算法对比\MF_INSGA-II\HV\test_lebesgue_measure.m","941F7887F0FB86939F839CDEDD6092EFC4ADF05EAF15B746E57970569E24E62A","备份代码重调度\第2篇代码-动态算法对比\AF_INSGA-II\HV\test_lebesgue_measure.m","61","31"
"订单撤销-动态算法对比\MF_INSGA-II\HV\weakly_dominates.m","98DF0FAD59040134E587C7D3BABB104FB1F75F06F39E07D7995C1C23C363115B","备份代码重调度\第2篇代码-动态算法对比\AF_INSGA-II\HV\weakly_dominates.m","61","28"
"订单撤销-动态算法对比\MF_INSGA-II\improved_elitism.m","4802727D622BDD7181FB4023F1677C78DBCDC37D24E233879000E4B6DB9A817D","备份代码重调度\第2篇代码-动态算法对比\CRS_MF_INSGA-II\improved_elitism.m","32","81"
"订单撤销-动态算法对比\MF_INSGA-II\init.m","F3B59A375677F75C99241A6AC64F0C888BA7DB4EA0C1522B518B7CBA86ACC0BB","订","1","49"
"订单撤销-动态算法对比\MF_INSGA-II\is_B_strongly_dominating_A.m","29012708DB01740C9F16EB512E490861EB3CDAD3DB47D1F3A353F0A2CF67AF10","备份代码重调度\第2篇代码-动态算法对比\CRS_MF_INSGA-II\is_B_strongly_dominating_A.m","34","10"
"订单撤销-动态算法对比\MF_INSGA-II\load_transfer_time_compute.m","C524080FD4D65B5496B7B9F3174D752AEA149598A055E8670C24792AF433638A","备份代码重调度\第2篇代码-动态算法对比\AF_INSGA-II\load_transfer_time_compute.m","61","17"
"订单撤销-动态算法对比\MF_INSGA-II\machine_AGV_gantt_chart.m","96D7E4ADECF23E452FBF2D5FE43A665D37F25038CC4082B87E459542D20877C3","备份代码重调度\第2篇代码-动态算法对比\AF_INSGA-II\machine_AGV_gantt_chart.m","14","138"
"订单撤销-动态算法对比\MF_INSGA-II\MF_INSGA_II - 副本.m","AED85C937F3083334F4C74DB8D96D27A13C4801F20E2C0E346899DE7AC330DB8","备份代码重调度\第2篇代码-动态算法对比\MF_INSGA-II\MF_INSGA_II - 副本.m","4","637"
"订单撤销-动态算法对比\MF_INSGA-II\MF_INSGA_II.m","0AAB94E4375FB7EFFBFDA8800C0F5326FD7BCEACA414A48CAE4E3CFF90EE6E3C","订","1","597"
"订单撤销-动态算法对比\MF_INSGA-II\non_domination.m","0724F06FF4F61BFC09683F4212AF78FAF00254D1B60F4289D7E79DDECD49E376","备份代码重调度\第2篇代码-动态算法对比\AF_INSGA-II\non_domination.m","53","117"
"订单撤销-动态算法对比\MF_INSGA-II\object3value.m","48793003255B4DD580ACC229268C0E2E077CF389710ACF160C90E991B4155FBE","备份代码重调度\第2篇代码-动态算法对比\AF_INSGA-II\object3value.m","32","38"
"订单撤销-动态算法对比\MF_INSGA-II\opera_time.m","F677D3926382D7BC6AF084C78808BA769621622E056AE4224FA292B9980FD60E","备份代码重调度\第2篇代码-动态算法对比\AF_INSGA-II\opera_time.m","36","36"
"订单撤销-动态算法对比\MF_INSGA-II\replace_chrom.m","CD0995F8E9A0D9D0D0CAB31A588C87926E58DDACF9C43A3CF28641EED7D2C2AA","备份代码重调度\第2篇代码-动态算法对比\AF_INSGA-II\replace_chrom.m","57","28"
"订单撤销-动态算法对比\MF_INSGA-II\reverse_pop.m","C265430B80D0C4DB4BE5C7FA76A70C0C0787A5DF09726A288293F4661007421B","备份代码重调度\第2篇代码-动态算法对比\CRS_MF_INSGA-II\reverse_pop.m","15","167"
"订单撤销-动态算法对比\MF_INSGA-II\sorting.m","7850D4659494A874DD98F883F190DC49D7BC8179C9FC2B9872B8CB283C0BD7DB","备份代码重调度\第2篇代码-动态算法对比\AF_INSGA-II\sorting.m","23","228"
"订单撤销-动态算法对比\MF_INSGA-II\Spacing\Spacing.m","4036FAF38E49B4ABBD5BB9966BFCBEB9F285988B762C12AD2717598CF2E5131F","备份代码重调度\第2篇代码-动态算法对比\AF_INSGA-II\Spacing\Spacing.m","59","6"
"订单撤销-动态算法对比\MF_INSGA-II\spare_transfer_time_compute.m","95C82B332EE671F3A8F5BF9EF5CE0A977F6B4BB519C80F79376A04850EAC69EC","备份代码重调度\第2篇代码-动态算法对比\AF_INSGA-II\spare_transfer_time_compute.m","61","30"
"订单撤销-动态算法对比\MF_INSGA-II\table_insert.m","22331F99A901E22DFD0941730D3FB812EED678B26960066142FA788DB992930A","备份代码重调度\第2篇代码-动态算法对比\AF_INSGA-II\table_insert.m","52","54"
"订单撤销-动态算法对比\MF_INSGA-II\tournament_selection.m","7C6821B39C7B108C1529D1415351D71BB375FEB1775F8F98BDDF90D2D19187C8","备份代码重调度\第2篇代码-动态算法对比\AF_INSGA-II\tournament_selection.m","59","36"
"订单撤销-动态算法对比\MF_INSGA-II\variation.m","5B07946042630F8AA1C5DE4AAA5F80087385F83004F40530CBC903AAF0A11A17","备份代码重调度\第2篇代码-动态算法对比\AF_INSGA-II\variation.m","19","109"
"订单撤销-动态算法对比\MF_INSGA-II\VNS.m","86095BF9A78FA1C4210F23297317726CDEA7E4D0930F6E665B68639008F03DC5","备份代码重调度\第2篇代码-动态算法对比\CRS_MF_INSGA-II\VNS.m","11","57"
"订单撤销-动态算法对比\MF_INSGA-II\weakly_dominates.m","48ABBDA62705EED81C942FA5BAC84E1B9E8C70B831A0C521030B748E8F5D52BE","备份代码重调度\第2篇代码-动态算法对比\AF_INSGA-II\weakly_dominates.m","55","21"
"订单撤销-动态算法对比\non_domination_only.m","BF2CE40C1C7D101C33AB14351BC5EDE25A4299F3C7AD6F9D0FC81559AE9B6668","备份代码重调度\第2篇代码-动态算法对比\non_domination_only.m","10","67"
"订单撤销-动态算法对比\OD_INSGA-II\aim_entropy.m","BF83F4220B215B0EB8DED6C2DB960B2D49AE2206647E52D7DC8CB789A9059C01","备份代码重调度\第2篇代码-动态算法对比\CRS_MF_INSGA-II\aim_entropy.m","24","26"
"订单撤销-动态算法对比\OD_INSGA-II\both_reverse_pop.m","7E6AA14B05D0C47CF62D147AB082575F72A590A935498F7F225964BE989F3264","备份代码重调度\第2篇代码-动态算法对比\CRS_MF_INSGA-II\both_reverse_pop.m","24","165"
"订单撤销-动态算法对比\OD_INSGA-II\colorScheme.m","C1BCE19A043DB71A4C5F980FB8A637247562CB72F7512A872219A326218C62E8","备份代码重调度\第2篇代码-动态算法对比\AF_INSGA-II\colorScheme.m","34","54"
"订单撤销-动态算法对比\OD_INSGA-II\decompose_AGVTable.m","96CA7BF36F78F7744876DA01A0D945F860A26E790A16FA6B4E6B18E3CECF5453","备份代码重调度\第2篇代码-动态算法对比\AF_INSGA-II\decompose_AGVTable.m","44","61"
"订单撤销-动态算法对比\OD_INSGA-II\decompose_machineTable.m","9E258FA7B71314C28C3452FC35441F067033A5860A3329594C0516BBC3D59AFB","备份代码重调度\第2篇代码-动态算法对比\AF_INSGA-II\decompose_machineTable.m","61","51"
"订单撤销-动态算法对比\OD_INSGA-II\Entropy.m","DD2988BAD7157773DC8F9480F9BCFDCBC24B1FD4BDF95A947A3AA8FED3D0F2D7","备份代码重调度\第2篇代码-动态算法对比\CRS_MF_INSGA-II\Entropy.m","24","34"
"订单撤销-动态算法对比\OD_INSGA-II\fitness.m","BB5ECC3ECE56C60997260ACF0687146E264FBBC93374A5135726C99B0D9AA613","备份代码重调度\第2篇代码-动态算法对比\OD_INSGA-II\fitness.m","5","164"
"订单撤销-动态算法对比\OD_INSGA-II\getState.m","AAEF9F0B6B38A793B201B96B8D7E1ED22ABC5900734AF8390F8B2A9F99F796C1","备份代码重调度\第2篇代码-动态算法对比\AF_INSGA-II\getState.m","53","20"
"订单撤销-动态算法对比\OD_INSGA-II\HV\approximate_hypervolume_ms.m","5A2BD23E246CD1B350C14B7041681EBF2D8BAD6C7EEF34F3C040A14F5907F7FC","备份代码重调度\第2篇代码-动态算法对比\AF_INSGA-II\HV\approximate_hypervolume_ms.m","61","48"
"订单撤销-动态算法对比\OD_INSGA-II\HV\compute_reference_point.m","FF450B1D2049531493E17CC130FDED18E7DA4A215B948545454B0AE34F43DB48","备份代码重调度\第2篇代码-动态算法对比\AF_INSGA-II\HV\compute_reference_point.m","61","38"
"订单撤销-动态算法对比\OD_INSGA-II\HV\dominates.m","A5F892428228E1ADAAA89980C59144F660F333E7CEEDA3C24702C2AED5F09E67","备份代码重调度\第2篇代码-动态算法对比\AF_INSGA-II\HV\dominates.m","69","30"
"订单撤销-动态算法对比\OD_INSGA-II\HV\lebesgue_measure.m","7581A8B79307E0F65A2C8361CE04C325BB089ACE90669AB7568531E40D27C1E6","备份代码重调度\第2篇代码-动态算法对比\AF_INSGA-II\HV\lebesgue_measure.m","61","149"
"订单撤销-动态算法对比\OD_INSGA-II\HV\main.m","460254171EB2C76A578E3C589D9AC32DCFB60160C84D0CB932AA82D986003AF5","备份代码重调度\第2篇代码-动态算法对比\AF_INSGA-II\HV\main.m","61","14"
"订单撤销-动态算法对比\OD_INSGA-II\HV\test_lebesgue_measure.m","941F7887F0FB86939F839CDEDD6092EFC4ADF05EAF15B746E57970569E24E62A","备份代码重调度\第2篇代码-动态算法对比\AF_INSGA-II\HV\test_lebesgue_measure.m","61","31"
"订单撤销-动态算法对比\OD_INSGA-II\HV\weakly_dominates.m","98DF0FAD59040134E587C7D3BABB104FB1F75F06F39E07D7995C1C23C363115B","备份代码重调度\第2篇代码-动态算法对比\AF_INSGA-II\HV\weakly_dominates.m","61","28"
"订单撤销-动态算法对比\OD_INSGA-II\init.m","2E0EEDC0AD036B99B3A2EC0C5DB273E53706A8B04E88AF94097AFEDF207EA811","备份代码重调度\第2篇代码-动态算法对比\OD_INSGA-II\init.m","5","27"
"订单撤销-动态算法对比\OD_INSGA-II\INSGA_II.m","07264DB24717BA35F4E5AA37B8F4FCBFE6573E45B3104C4ED46E4F32CEC0B8F6","备份代码重调度\第2篇代码-动态算法对比\CRS_OD_INSGA-II\INSGA_II.m","9","380"
"订单撤销-动态算法对比\OD_INSGA-II\load_transfer_time_compute.m","C524080FD4D65B5496B7B9F3174D752AEA149598A055E8670C24792AF433638A","备份代码重调度\第2篇代码-动态算法对比\AF_INSGA-II\load_transfer_time_compute.m","61","17"
"订单撤销-动态算法对比\OD_INSGA-II\machine_AGV_gantt_chart.m","D5BE2AA927B5860456A3705D429992CB18A7D228CBC1A1A6A20BE40D6EDE9F7D","备份代码重调度\第2篇代码-动态算法对比\OD_INSGA-II\machine_AGV_gantt_chart.m","5","135"
"订单撤销-动态算法对比\OD_INSGA-II\non_domination.m","0724F06FF4F61BFC09683F4212AF78FAF00254D1B60F4289D7E79DDECD49E376","备份代码重调度\第2篇代码-动态算法对比\AF_INSGA-II\non_domination.m","53","117"
"订单撤销-动态算法对比\OD_INSGA-II\object3value.m","48793003255B4DD580ACC229268C0E2E077CF389710ACF160C90E991B4155FBE","备份代码重调度\第2篇代码-动态算法对比\AF_INSGA-II\object3value.m","32","38"
"订单撤销-动态算法对比\OD_INSGA-II\OD_INSGA_II.m","9173125B811E56EBE33F5C41DC17083257EE2D995CA1720B862D2215C19BD206","订","1","648"
"订单撤销-动态算法对比\OD_INSGA-II\opera_time.m","F677D3926382D7BC6AF084C78808BA769621622E056AE4224FA292B9980FD60E","备份代码重调度\第2篇代码-动态算法对比\AF_INSGA-II\opera_time.m","36","36"
"订单撤销-动态算法对比\OD_INSGA-II\replace_chrom.m","CD0995F8E9A0D9D0D0CAB31A588C87926E58DDACF9C43A3CF28641EED7D2C2AA","备份代码重调度\第2篇代码-动态算法对比\AF_INSGA-II\replace_chrom.m","57","28"
"订单撤销-动态算法对比\OD_INSGA-II\sorting.m","26E01A8961584E4139B9FF0E862FDC28B102DBA58575194A6E7EB7E28ECD2B2D","备份代码重调度\第2篇代码-动态算法对比\CRS_OD_INSGA-II\sorting.m","9","234"
"订单撤销-动态算法对比\OD_INSGA-II\Spacing\Spacing.m","4036FAF38E49B4ABBD5BB9966BFCBEB9F285988B762C12AD2717598CF2E5131F","备份代码重调度\第2篇代码-动态算法对比\AF_INSGA-II\Spacing\Spacing.m","59","6"
"订单撤销-动态算法对比\OD_INSGA-II\spare_transfer_time_compute.m","95C82B332EE671F3A8F5BF9EF5CE0A977F6B4BB519C80F79376A04850EAC69EC","备份代码重调度\第2篇代码-动态算法对比\AF_INSGA-II\spare_transfer_time_compute.m","61","30"
"订单撤销-动态算法对比\OD_INSGA-II\table_insert.m","F335A1ADF0EAB7DC892CE1680755ADC8AD130F23296F83905ADC2E1C6CD81A92","备份代码重调度\第2篇代码-动态算法对比\CRS_OD_INSGA-II\table_insert.m","9","54"
"订单撤销-动态算法对比\OD_INSGA-II\tournament_selection.m","7C6821B39C7B108C1529D1415351D71BB375FEB1775F8F98BDDF90D2D19187C8","备份代码重调度\第2篇代码-动态算法对比\AF_INSGA-II\tournament_selection.m","59","36"
"订单撤销-动态算法对比\OD_INSGA-II\variation.m","874B6C9A3FE6A82BFD2C430440396979EFC7A9E9D5C8AA590091BE4B66E8ADD1","备份代码重调度\第2篇代码-动态算法对比\OD_INSGA-II\variation.m","6","115"
"订单撤销-动态算法对比\OD_INSGA-II\VNS.m","D7FE8D55043DA47962CB8D6863769C31BE023DAC171B55818321633978AAA3D5","备份代码重调度\第2篇代码-动态算法对比\OD_INSGA-II\VNS.m","4","52"
"订单撤销-动态算法对比\OD_INSGA-II\weakly_dominates.m","48ABBDA62705EED81C942FA5BAC84E1B9E8C70B831A0C521030B748E8F5D52BE","备份代码重调度\第2篇代码-动态算法对比\AF_INSGA-II\weakly_dominates.m","55","21"
"订单撤销-动态算法对比\OI_INSGA-II\aim_entropy.m","BF83F4220B215B0EB8DED6C2DB960B2D49AE2206647E52D7DC8CB789A9059C01","备份代码重调度\第2篇代码-动态算法对比\CRS_MF_INSGA-II\aim_entropy.m","24","26"
"订单撤销-动态算法对比\OI_INSGA-II\both_reverse_pop.m","7E6AA14B05D0C47CF62D147AB082575F72A590A935498F7F225964BE989F3264","备份代码重调度\第2篇代码-动态算法对比\CRS_MF_INSGA-II\both_reverse_pop.m","24","165"
"订单撤销-动态算法对比\OI_INSGA-II\colorScheme.m","C1BCE19A043DB71A4C5F980FB8A637247562CB72F7512A872219A326218C62E8","备份代码重调度\第2篇代码-动态算法对比\AF_INSGA-II\colorScheme.m","34","54"
"订单撤销-动态算法对比\OI_INSGA-II\Copy_OD_INSGA_II.m","FC4E555C7D51E3BBE1BD9225AC239F96E6E81D569FBC8FB0DC5CE6D60B648CBE","备份代码重调度\第2篇代码-动态算法对比\CRS_MF_INSGA-II\Copy_OD_INSGA_II.m","15","379"
"订单撤销-动态算法对比\OI_INSGA-II\decompose_AGVTable.m","96CA7BF36F78F7744876DA01A0D945F860A26E790A16FA6B4E6B18E3CECF5453","备份代码重调度\第2篇代码-动态算法对比\AF_INSGA-II\decompose_AGVTable.m","44","61"
"订单撤销-动态算法对比\OI_INSGA-II\decompose_machineTable.m","9E258FA7B71314C28C3452FC35441F067033A5860A3329594C0516BBC3D59AFB","备份代码重调度\第2篇代码-动态算法对比\AF_INSGA-II\decompose_machineTable.m","61","51"
"订单撤销-动态算法对比\OI_INSGA-II\Entropy.m","DD2988BAD7157773DC8F9480F9BCFDCBC24B1FD4BDF95A947A3AA8FED3D0F2D7","备份代码重调度\第2篇代码-动态算法对比\CRS_MF_INSGA-II\Entropy.m","24","34"
"订单撤销-动态算法对比\OI_INSGA-II\fitness.m","2A1384647E5908DA553A889F0736FF0CF2DD531C264E7C053E915D5054926C07","订单撤销-动态算法对比\OI_INSGA-II\fitness.m","2","156"
"订单撤销-动态算法对比\OI_INSGA-II\getState.m","AAEF9F0B6B38A793B201B96B8D7E1ED22ABC5900734AF8390F8B2A9F99F796C1","备份代码重调度\第2篇代码-动态算法对比\AF_INSGA-II\getState.m","53","20"
"订单撤销-动态算法对比\OI_INSGA-II\HV\approximate_hypervolume_ms.m","5A2BD23E246CD1B350C14B7041681EBF2D8BAD6C7EEF34F3C040A14F5907F7FC","备份代码重调度\第2篇代码-动态算法对比\AF_INSGA-II\HV\approximate_hypervolume_ms.m","61","48"
"订单撤销-动态算法对比\OI_INSGA-II\HV\compute_reference_point.m","FF450B1D2049531493E17CC130FDED18E7DA4A215B948545454B0AE34F43DB48","备份代码重调度\第2篇代码-动态算法对比\AF_INSGA-II\HV\compute_reference_point.m","61","38"
"订单撤销-动态算法对比\OI_INSGA-II\HV\dominates.m","A5F892428228E1ADAAA89980C59144F660F333E7CEEDA3C24702C2AED5F09E67","备份代码重调度\第2篇代码-动态算法对比\AF_INSGA-II\HV\dominates.m","69","30"
"订单撤销-动态算法对比\OI_INSGA-II\HV\lebesgue_measure.m","7581A8B79307E0F65A2C8361CE04C325BB089ACE90669AB7568531E40D27C1E6","备份代码重调度\第2篇代码-动态算法对比\AF_INSGA-II\HV\lebesgue_measure.m","61","149"
"订单撤销-动态算法对比\OI_INSGA-II\HV\main.m","460254171EB2C76A578E3C589D9AC32DCFB60160C84D0CB932AA82D986003AF5","备份代码重调度\第2篇代码-动态算法对比\AF_INSGA-II\HV\main.m","61","14"
"订单撤销-动态算法对比\OI_INSGA-II\HV\test_lebesgue_measure.m","941F7887F0FB86939F839CDEDD6092EFC4ADF05EAF15B746E57970569E24E62A","备份代码重调度\第2篇代码-动态算法对比\AF_INSGA-II\HV\test_lebesgue_measure.m","61","31"
"订单撤销-动态算法对比\OI_INSGA-II\HV\weakly_dominates.m","98DF0FAD59040134E587C7D3BABB104FB1F75F06F39E07D7995C1C23C363115B","备份代码重调度\第2篇代码-动态算法对比\AF_INSGA-II\HV\weakly_dominates.m","61","28"
"订单撤销-动态算法对比\OI_INSGA-II\improved_elitism.m","4802727D622BDD7181FB4023F1677C78DBCDC37D24E233879000E4B6DB9A817D","备份代码重调度\第2篇代码-动态算法对比\CRS_MF_INSGA-II\improved_elitism.m","32","81"
"订单撤销-动态算法对比\OI_INSGA-II\init.m","02158064F14C78525C6BA94911362AC95D4A4B99C95F71B9BA9B0D63BD7852D3","订单撤销-动态算法对比\OI_INSGA-II\init.m","2","39"
"订单撤销-动态算法对比\OI_INSGA-II\INSGA_II.m","13E64AE17BCEEF8B57E1C43499FD19EF53DCF15D7B76CACDF3FF0E41C07EB70D","订单撤销-动态算法对比\OI_INSGA-II\INSGA_II.m","2","380"
"订单撤销-动态算法对比\OI_INSGA-II\is_B_strongly_dominating_A.m","29012708DB01740C9F16EB512E490861EB3CDAD3DB47D1F3A353F0A2CF67AF10","备份代码重调度\第2篇代码-动态算法对比\CRS_MF_INSGA-II\is_B_strongly_dominating_A.m","34","10"
"订单撤销-动态算法对比\OI_INSGA-II\load_transfer_time_compute.m","C524080FD4D65B5496B7B9F3174D752AEA149598A055E8670C24792AF433638A","备份代码重调度\第2篇代码-动态算法对比\AF_INSGA-II\load_transfer_time_compute.m","61","17"
"订单撤销-动态算法对比\OI_INSGA-II\machine_AGV_gantt_chart.m","4EC76FDC2E585E3A9D6F54E8F2053670964EFFC95127E7315B038732F43EF0C3","订单撤销-动态算法对比\OI_INSGA-II\machine_AGV_gantt_chart.m","2","125"
"订单撤销-动态算法对比\OI_INSGA-II\non_domination.m","0724F06FF4F61BFC09683F4212AF78FAF00254D1B60F4289D7E79DDECD49E376","备份代码重调度\第2篇代码-动态算法对比\AF_INSGA-II\non_domination.m","53","117"
"订单撤销-动态算法对比\OI_INSGA-II\object3value.m","63180E56F74087BBC7EDDBF36FF89114B32132BDCDD250A46B4936B86D3CB118","备份代码重调度\第2篇代码-动态算法对比\CRS_OI_INSGA-II\object3value.m","4","45"
"订单撤销-动态算法对比\OI_INSGA-II\OI_INSGA_II.m","750F4CC5F1979D9A662598A205F46A344A23C8B2F3386B634C0638710BE3FBAB","订单撤销-动态算法对比\OI_INSGA-II\OI_INSGA_II.m","2","539"
"订单撤销-动态算法对比\OI_INSGA-II\opera_time.m","F677D3926382D7BC6AF084C78808BA769621622E056AE4224FA292B9980FD60E","备份代码重调度\第2篇代码-动态算法对比\AF_INSGA-II\opera_time.m","36","36"
"订单撤销-动态算法对比\OI_INSGA-II\replace_chrom.m","CD0995F8E9A0D9D0D0CAB31A588C87926E58DDACF9C43A3CF28641EED7D2C2AA","备份代码重调度\第2篇代码-动态算法对比\AF_INSGA-II\replace_chrom.m","57","28"
"订单撤销-动态算法对比\OI_INSGA-II\reverse_pop.m","C265430B80D0C4DB4BE5C7FA76A70C0C0787A5DF09726A288293F4661007421B","备份代码重调度\第2篇代码-动态算法对比\CRS_MF_INSGA-II\reverse_pop.m","15","167"
"订单撤销-动态算法对比\OI_INSGA-II\sorting.m","4EED490374A93AE8CEF781B3BDD961E0580B49B61FA2663905925CC6A9A15F27","订单撤销-动态算法对比\OI_INSGA-II\sorting.m","2","225"
"订单撤销-动态算法对比\OI_INSGA-II\Spacing\Spacing.m","4036FAF38E49B4ABBD5BB9966BFCBEB9F285988B762C12AD2717598CF2E5131F","备份代码重调度\第2篇代码-动态算法对比\AF_INSGA-II\Spacing\Spacing.m","59","6"
"订单撤销-动态算法对比\OI_INSGA-II\spare_transfer_time_compute.m","95C82B332EE671F3A8F5BF9EF5CE0A977F6B4BB519C80F79376A04850EAC69EC","备份代码重调度\第2篇代码-动态算法对比\AF_INSGA-II\spare_transfer_time_compute.m","61","30"
"订单撤销-动态算法对比\OI_INSGA-II\table_insert.m","22331F99A901E22DFD0941730D3FB812EED678B26960066142FA788DB992930A","备份代码重调度\第2篇代码-动态算法对比\AF_INSGA-II\table_insert.m","52","54"
"订单撤销-动态算法对比\OI_INSGA-II\tournament_selection.m","7C6821B39C7B108C1529D1415351D71BB375FEB1775F8F98BDDF90D2D19187C8","备份代码重调度\第2篇代码-动态算法对比\AF_INSGA-II\tournament_selection.m","59","36"
"订单撤销-动态算法对比\OI_INSGA-II\variation.m","EB6280CB4CBD07B7D5FC90D136BB55F75BA42164DAF51335EC6A22ED7ACFE286","备份代码重调度\第2篇代码-动态算法对比\Multi-NSGA-II\variation.m","21","105"
"订单撤销-动态算法对比\OI_INSGA-II\VNS.m","FCE94C632F519B65D16CAF6F1625416455D824EFE4BF288A342BC8587A95B88A","订单撤销-动态算法对比\OI_INSGA-II\VNS.m","2","183"
"订单撤销-动态算法对比\OI_INSGA-II\weakly_dominates.m","48ABBDA62705EED81C942FA5BAC84E1B9E8C70B831A0C521030B748E8F5D52BE","备份代码重调度\第2篇代码-动态算法对比\AF_INSGA-II\weakly_dominates.m","55","21"
"订单撤销-动态算法对比\same_main.m","B8CD23A1ECCFEB7E16C7CA3F7862E0BC9D571D2719330D51F3B4C0DD4FFB0957","备份代码重调度\第2篇代码-动态算法对比\same_main.m","5","494"
"订单撤销-动态算法对比\Spacing\Spacing.m","4036FAF38E49B4ABBD5BB9966BFCBEB9F285988B762C12AD2717598CF2E5131F","备份代码重调度\第2篇代码-动态算法对比\AF_INSGA-II\Spacing\Spacing.m","59","6"
"箱线图绘制\箱线图\BoxPlot.m","47318FA64AF8436ABE2825ECCA4D9D8246BDD42A7632451F594BDE0A080B30F1","箱","1","114"
"箱线图绘制\箱线图\untitled2.m","C03761F7D614281BD56CA5400DFE5227F9EB413098081478E909F2E5F4343916","箱","1","53"
"箱线图绘制\untitled.m","5218B58CA8149347FB2A9CB44DAC0F13AC720F8193817C7FB0CCDBD85123F08E","箱","1","33"
"AGV故障-动态算法对比\第2篇代码-动态算法对比\AF_INSGA-II\AF_INSGA_II.m","8D61466870FBF9DEFEB9BFDF67AB84AD713F347DC15AAC7C2BFE86121B0333B6","A","1","741"
"AGV故障-动态算法对比\第2篇代码-动态算法对比\AF_INSGA-II\colorScheme.m","C1BCE19A043DB71A4C5F980FB8A637247562CB72F7512A872219A326218C62E8","备份代码重调度\第2篇代码-动态算法对比\AF_INSGA-II\colorScheme.m","34","54"
"AGV故障-动态算法对比\第2篇代码-动态算法对比\AF_INSGA-II\decompose_AGVTable.m","96CA7BF36F78F7744876DA01A0D945F860A26E790A16FA6B4E6B18E3CECF5453","备份代码重调度\第2篇代码-动态算法对比\AF_INSGA-II\decompose_AGVTable.m","44","61"
"AGV故障-动态算法对比\第2篇代码-动态算法对比\AF_INSGA-II\decompose_machineTable.m","9E258FA7B71314C28C3452FC35441F067033A5860A3329594C0516BBC3D59AFB","备份代码重调度\第2篇代码-动态算法对比\AF_INSGA-II\decompose_machineTable.m","61","51"
"AGV故障-动态算法对比\第2篇代码-动态算法对比\AF_INSGA-II\fitness.m","16869B10FE73F91BD17AFE25AFC9F4443997D2749459EFCF98AAA994F54C1A6F","备份代码重调度\第2篇代码-动态算法对比\AF_INSGA-II\fitness.m","12","154"
"AGV故障-动态算法对比\第2篇代码-动态算法对比\AF_INSGA-II\getState.m","AAEF9F0B6B38A793B201B96B8D7E1ED22ABC5900734AF8390F8B2A9F99F796C1","备份代码重调度\第2篇代码-动态算法对比\AF_INSGA-II\getState.m","53","20"
"AGV故障-动态算法对比\第2篇代码-动态算法对比\AF_INSGA-II\HV\approximate_hypervolume_ms.m","5A2BD23E246CD1B350C14B7041681EBF2D8BAD6C7EEF34F3C040A14F5907F7FC","备份代码重调度\第2篇代码-动态算法对比\AF_INSGA-II\HV\approximate_hypervolume_ms.m","61","48"
"AGV故障-动态算法对比\第2篇代码-动态算法对比\AF_INSGA-II\HV\compute_reference_point.m","FF450B1D2049531493E17CC130FDED18E7DA4A215B948545454B0AE34F43DB48","备份代码重调度\第2篇代码-动态算法对比\AF_INSGA-II\HV\compute_reference_point.m","61","38"
"AGV故障-动态算法对比\第2篇代码-动态算法对比\AF_INSGA-II\HV\dominates.m","A5F892428228E1ADAAA89980C59144F660F333E7CEEDA3C24702C2AED5F09E67","备份代码重调度\第2篇代码-动态算法对比\AF_INSGA-II\HV\dominates.m","69","30"
"AGV故障-动态算法对比\第2篇代码-动态算法对比\AF_INSGA-II\HV\lebesgue_measure.m","7581A8B79307E0F65A2C8361CE04C325BB089ACE90669AB7568531E40D27C1E6","备份代码重调度\第2篇代码-动态算法对比\AF_INSGA-II\HV\lebesgue_measure.m","61","149"
"AGV故障-动态算法对比\第2篇代码-动态算法对比\AF_INSGA-II\HV\main.m","460254171EB2C76A578E3C589D9AC32DCFB60160C84D0CB932AA82D986003AF5","备份代码重调度\第2篇代码-动态算法对比\AF_INSGA-II\HV\main.m","61","14"
"AGV故障-动态算法对比\第2篇代码-动态算法对比\AF_INSGA-II\HV\test_lebesgue_measure.m","941F7887F0FB86939F839CDEDD6092EFC4ADF05EAF15B746E57970569E24E62A","备份代码重调度\第2篇代码-动态算法对比\AF_INSGA-II\HV\test_lebesgue_measure.m","61","31"
"AGV故障-动态算法对比\第2篇代码-动态算法对比\AF_INSGA-II\HV\weakly_dominates.m","98DF0FAD59040134E587C7D3BABB104FB1F75F06F39E07D7995C1C23C363115B","备份代码重调度\第2篇代码-动态算法对比\AF_INSGA-II\HV\weakly_dominates.m","61","28"
"AGV故障-动态算法对比\第2篇代码-动态算法对比\AF_INSGA-II\init.m","9D62C043E5AA98DB2C5EACE1653F1EF3E3DEF28E5CA8B5F67CBA09BFDD250D9A","备份代码重调度\第2篇代码-动态算法对比\AF_INSGA-II\init.m","4","30"
"AGV故障-动态算法对比\第2篇代码-动态算法对比\AF_INSGA-II\load_transfer_time_compute.m","C524080FD4D65B5496B7B9F3174D752AEA149598A055E8670C24792AF433638A","备份代码重调度\第2篇代码-动态算法对比\AF_INSGA-II\load_transfer_time_compute.m","61","17"
"AGV故障-动态算法对比\第2篇代码-动态算法对比\AF_INSGA-II\machine_AGV_gantt_chart.m","96D7E4ADECF23E452FBF2D5FE43A665D37F25038CC4082B87E459542D20877C3","备份代码重调度\第2篇代码-动态算法对比\AF_INSGA-II\machine_AGV_gantt_chart.m","14","138"
"AGV故障-动态算法对比\第2篇代码-动态算法对比\AF_INSGA-II\non_domination.m","0724F06FF4F61BFC09683F4212AF78FAF00254D1B60F4289D7E79DDECD49E376","备份代码重调度\第2篇代码-动态算法对比\AF_INSGA-II\non_domination.m","53","117"
"AGV故障-动态算法对比\第2篇代码-动态算法对比\AF_INSGA-II\object3value.m","48793003255B4DD580ACC229268C0E2E077CF389710ACF160C90E991B4155FBE","备份代码重调度\第2篇代码-动态算法对比\AF_INSGA-II\object3value.m","32","38"
"AGV故障-动态算法对比\第2篇代码-动态算法对比\AF_INSGA-II\opera_time.m","F677D3926382D7BC6AF084C78808BA769621622E056AE4224FA292B9980FD60E","备份代码重调度\第2篇代码-动态算法对比\AF_INSGA-II\opera_time.m","36","36"
"AGV故障-动态算法对比\第2篇代码-动态算法对比\AF_INSGA-II\replace_chrom.m","CD0995F8E9A0D9D0D0CAB31A588C87926E58DDACF9C43A3CF28641EED7D2C2AA","备份代码重调度\第2篇代码-动态算法对比\AF_INSGA-II\replace_chrom.m","57","28"
"AGV故障-动态算法对比\第2篇代码-动态算法对比\AF_INSGA-II\sorting.m","7850D4659494A874DD98F883F190DC49D7BC8179C9FC2B9872B8CB283C0BD7DB","备份代码重调度\第2篇代码-动态算法对比\AF_INSGA-II\sorting.m","23","228"
"AGV故障-动态算法对比\第2篇代码-动态算法对比\AF_INSGA-II\Spacing\Spacing.m","4036FAF38E49B4ABBD5BB9966BFCBEB9F285988B762C12AD2717598CF2E5131F","备份代码重调度\第2篇代码-动态算法对比\AF_INSGA-II\Spacing\Spacing.m","59","6"
"AGV故障-动态算法对比\第2篇代码-动态算法对比\AF_INSGA-II\spare_transfer_time_compute.m","95C82B332EE671F3A8F5BF9EF5CE0A977F6B4BB519C80F79376A04850EAC69EC","备份代码重调度\第2篇代码-动态算法对比\AF_INSGA-II\spare_transfer_time_compute.m","61","30"
"AGV故障-动态算法对比\第2篇代码-动态算法对比\AF_INSGA-II\table_insert.m","22331F99A901E22DFD0941730D3FB812EED678B26960066142FA788DB992930A","备份代码重调度\第2篇代码-动态算法对比\AF_INSGA-II\table_insert.m","52","54"
"AGV故障-动态算法对比\第2篇代码-动态算法对比\AF_INSGA-II\tournament_selection.m","7C6821B39C7B108C1529D1415351D71BB375FEB1775F8F98BDDF90D2D19187C8","备份代码重调度\第2篇代码-动态算法对比\AF_INSGA-II\tournament_selection.m","59","36"
"AGV故障-动态算法对比\第2篇代码-动态算法对比\AF_INSGA-II\variation.m","5B07946042630F8AA1C5DE4AAA5F80087385F83004F40530CBC903AAF0A11A17","备份代码重调度\第2篇代码-动态算法对比\AF_INSGA-II\variation.m","19","109"
"AGV故障-动态算法对比\第2篇代码-动态算法对比\AF_INSGA-II\VNS.m","18A1DE5F3F50E2B44D8ED1F5A69E21F1C655A9F80D14732F7D841B352B71D7BD","备份代码重调度\第2篇代码-动态算法对比\AF_INSGA-II\VNS.m","12","186"
"AGV故障-动态算法对比\第2篇代码-动态算法对比\AF_INSGA-II\weakly_dominates.m","48ABBDA62705EED81C942FA5BAC84E1B9E8C70B831A0C521030B748E8F5D52BE","备份代码重调度\第2篇代码-动态算法对比\AF_INSGA-II\weakly_dominates.m","55","21"
"AGV故障-动态算法对比\第2篇代码-动态算法对比\benchmarkRead.m","95A4E4B64C610B5D6700A4B7EC3AB46191371CAB36128EDCB62E92CA74BDED7C","A","1","63"
"AGV故障-动态算法对比\第2篇代码-动态算法对比\C-metric\c_compute_A_B.m","3F3E54BCC95EE38D8F3F0049995AD290C19A18B90CA69A6113CAD7B4A62DFED5","备份代码重调度\第2篇代码-动态算法对比\C-metric\c_compute_A_B.m","8","14"
"AGV故障-动态算法对比\第2篇代码-动态算法对比\C-metric\dominates.m","A5F892428228E1ADAAA89980C59144F660F333E7CEEDA3C24702C2AED5F09E67","备份代码重调度\第2篇代码-动态算法对比\AF_INSGA-II\HV\dominates.m","69","30"
"AGV故障-动态算法对比\第2篇代码-动态算法对比\C-metric\main.m","D15D8B54B06A74FEB2D37F1C14A12A760A6F39E294EF21DA99CC31D18433BC43","备份代码重调度\第2篇代码-动态算法对比\C-metric\main.m","8","29"
"AGV故障-动态算法对比\第2篇代码-动态算法对比\calculateHVSP.m","7932D27E4142E4640D7E80A789EDAC10F41D0204D972AFE7AE132AE528FEFE6A","订单撤销-动态算法对比\calculateHVSP.m","2","70"
"AGV故障-动态算法对比\第2篇代码-动态算法对比\colorScheme.m","C1BCE19A043DB71A4C5F980FB8A637247562CB72F7512A872219A326218C62E8","备份代码重调度\第2篇代码-动态算法对比\AF_INSGA-II\colorScheme.m","34","54"
"AGV故障-动态算法对比\第2篇代码-动态算法对比\CRS_AF_INSGA-II\AF_INSGA_II.m","CEC7AC9A7009CDC5E1DCADEB0BBBA99F3DA0A6F5FCF7FBED7FF2A55CE90BAB86","A","1","739"
"AGV故障-动态算法对比\第2篇代码-动态算法对比\CRS_AF_INSGA-II\colorScheme.m","C1BCE19A043DB71A4C5F980FB8A637247562CB72F7512A872219A326218C62E8","备份代码重调度\第2篇代码-动态算法对比\AF_INSGA-II\colorScheme.m","34","54"
"AGV故障-动态算法对比\第2篇代码-动态算法对比\CRS_AF_INSGA-II\decompose_AGVTable.m","96CA7BF36F78F7744876DA01A0D945F860A26E790A16FA6B4E6B18E3CECF5453","备份代码重调度\第2篇代码-动态算法对比\AF_INSGA-II\decompose_AGVTable.m","44","61"
"AGV故障-动态算法对比\第2篇代码-动态算法对比\CRS_AF_INSGA-II\decompose_machineTable.m","9E258FA7B71314C28C3452FC35441F067033A5860A3329594C0516BBC3D59AFB","备份代码重调度\第2篇代码-动态算法对比\AF_INSGA-II\decompose_machineTable.m","61","51"
"AGV故障-动态算法对比\第2篇代码-动态算法对比\CRS_AF_INSGA-II\fitness.m","16869B10FE73F91BD17AFE25AFC9F4443997D2749459EFCF98AAA994F54C1A6F","备份代码重调度\第2篇代码-动态算法对比\AF_INSGA-II\fitness.m","12","154"
"AGV故障-动态算法对比\第2篇代码-动态算法对比\CRS_AF_INSGA-II\getState.m","AAEF9F0B6B38A793B201B96B8D7E1ED22ABC5900734AF8390F8B2A9F99F796C1","备份代码重调度\第2篇代码-动态算法对比\AF_INSGA-II\getState.m","53","20"
"AGV故障-动态算法对比\第2篇代码-动态算法对比\CRS_AF_INSGA-II\HV\approximate_hypervolume_ms.m","5A2BD23E246CD1B350C14B7041681EBF2D8BAD6C7EEF34F3C040A14F5907F7FC","备份代码重调度\第2篇代码-动态算法对比\AF_INSGA-II\HV\approximate_hypervolume_ms.m","61","48"
"AGV故障-动态算法对比\第2篇代码-动态算法对比\CRS_AF_INSGA-II\HV\compute_reference_point.m","FF450B1D2049531493E17CC130FDED18E7DA4A215B948545454B0AE34F43DB48","备份代码重调度\第2篇代码-动态算法对比\AF_INSGA-II\HV\compute_reference_point.m","61","38"
"AGV故障-动态算法对比\第2篇代码-动态算法对比\CRS_AF_INSGA-II\HV\dominates.m","A5F892428228E1ADAAA89980C59144F660F333E7CEEDA3C24702C2AED5F09E67","备份代码重调度\第2篇代码-动态算法对比\AF_INSGA-II\HV\dominates.m","69","30"
"AGV故障-动态算法对比\第2篇代码-动态算法对比\CRS_AF_INSGA-II\HV\lebesgue_measure.m","7581A8B79307E0F65A2C8361CE04C325BB089ACE90669AB7568531E40D27C1E6","备份代码重调度\第2篇代码-动态算法对比\AF_INSGA-II\HV\lebesgue_measure.m","61","149"
"AGV故障-动态算法对比\第2篇代码-动态算法对比\CRS_AF_INSGA-II\HV\main.m","460254171EB2C76A578E3C589D9AC32DCFB60160C84D0CB932AA82D986003AF5","备份代码重调度\第2篇代码-动态算法对比\AF_INSGA-II\HV\main.m","61","14"
"AGV故障-动态算法对比\第2篇代码-动态算法对比\CRS_AF_INSGA-II\HV\test_lebesgue_measure.m","941F7887F0FB86939F839CDEDD6092EFC4ADF05EAF15B746E57970569E24E62A","备份代码重调度\第2篇代码-动态算法对比\AF_INSGA-II\HV\test_lebesgue_measure.m","61","31"
"AGV故障-动态算法对比\第2篇代码-动态算法对比\CRS_AF_INSGA-II\HV\weakly_dominates.m","98DF0FAD59040134E587C7D3BABB104FB1F75F06F39E07D7995C1C23C363115B","备份代码重调度\第2篇代码-动态算法对比\AF_INSGA-II\HV\weakly_dominates.m","61","28"
"AGV故障-动态算法对比\第2篇代码-动态算法对比\CRS_AF_INSGA-II\init.m","F36FEF2C2563E25F4AE86CFD42619DA7B0C95C3A8E2975FA815866814795F45F","备份代码重调度\第2篇代码-动态算法对比\CRS_AF_INSGA-II\init.m","4","37"
"AGV故障-动态算法对比\第2篇代码-动态算法对比\CRS_AF_INSGA-II\load_transfer_time_compute.m","C524080FD4D65B5496B7B9F3174D752AEA149598A055E8670C24792AF433638A","备份代码重调度\第2篇代码-动态算法对比\AF_INSGA-II\load_transfer_time_compute.m","61","17"
"AGV故障-动态算法对比\第2篇代码-动态算法对比\CRS_AF_INSGA-II\machine_AGV_gantt_chart.m","96D7E4ADECF23E452FBF2D5FE43A665D37F25038CC4082B87E459542D20877C3","备份代码重调度\第2篇代码-动态算法对比\AF_INSGA-II\machine_AGV_gantt_chart.m","14","138"
"AGV故障-动态算法对比\第2篇代码-动态算法对比\CRS_AF_INSGA-II\non_domination.m","0724F06FF4F61BFC09683F4212AF78FAF00254D1B60F4289D7E79DDECD49E376","备份代码重调度\第2篇代码-动态算法对比\AF_INSGA-II\non_domination.m","53","117"
"AGV故障-动态算法对比\第2篇代码-动态算法对比\CRS_AF_INSGA-II\object3value.m","48793003255B4DD580ACC229268C0E2E077CF389710ACF160C90E991B4155FBE","备份代码重调度\第2篇代码-动态算法对比\AF_INSGA-II\object3value.m","32","38"
"AGV故障-动态算法对比\第2篇代码-动态算法对比\CRS_AF_INSGA-II\opera_time.m","F677D3926382D7BC6AF084C78808BA769621622E056AE4224FA292B9980FD60E","备份代码重调度\第2篇代码-动态算法对比\AF_INSGA-II\opera_time.m","36","36"
"AGV故障-动态算法对比\第2篇代码-动态算法对比\CRS_AF_INSGA-II\replace_chrom.m","CD0995F8E9A0D9D0D0CAB31A588C87926E58DDACF9C43A3CF28641EED7D2C2AA","备份代码重调度\第2篇代码-动态算法对比\AF_INSGA-II\replace_chrom.m","57","28"
"AGV故障-动态算法对比\第2篇代码-动态算法对比\CRS_AF_INSGA-II\sorting.m","7850D4659494A874DD98F883F190DC49D7BC8179C9FC2B9872B8CB283C0BD7DB","备份代码重调度\第2篇代码-动态算法对比\AF_INSGA-II\sorting.m","23","228"
"AGV故障-动态算法对比\第2篇代码-动态算法对比\CRS_AF_INSGA-II\Spacing\Spacing.m","4036FAF38E49B4ABBD5BB9966BFCBEB9F285988B762C12AD2717598CF2E5131F","备份代码重调度\第2篇代码-动态算法对比\AF_INSGA-II\Spacing\Spacing.m","59","6"
"AGV故障-动态算法对比\第2篇代码-动态算法对比\CRS_AF_INSGA-II\spare_transfer_time_compute.m","95C82B332EE671F3A8F5BF9EF5CE0A977F6B4BB519C80F79376A04850EAC69EC","备份代码重调度\第2篇代码-动态算法对比\AF_INSGA-II\spare_transfer_time_compute.m","61","30"
"AGV故障-动态算法对比\第2篇代码-动态算法对比\CRS_AF_INSGA-II\table_insert.m","22331F99A901E22DFD0941730D3FB812EED678B26960066142FA788DB992930A","备份代码重调度\第2篇代码-动态算法对比\AF_INSGA-II\table_insert.m","52","54"
"AGV故障-动态算法对比\第2篇代码-动态算法对比\CRS_AF_INSGA-II\tournament_selection.m","7C6821B39C7B108C1529D1415351D71BB375FEB1775F8F98BDDF90D2D19187C8","备份代码重调度\第2篇代码-动态算法对比\AF_INSGA-II\tournament_selection.m","59","36"
"AGV故障-动态算法对比\第2篇代码-动态算法对比\CRS_AF_INSGA-II\variation.m","50AA55EBA56B5380F8A1C3C53D3B2972D5C65687311B368564A6DD85F274D73F","A","1","109"
"AGV故障-动态算法对比\第2篇代码-动态算法对比\CRS_AF_INSGA-II\VNS.m","18A1DE5F3F50E2B44D8ED1F5A69E21F1C655A9F80D14732F7D841B352B71D7BD","备份代码重调度\第2篇代码-动态算法对比\AF_INSGA-II\VNS.m","12","186"
"AGV故障-动态算法对比\第2篇代码-动态算法对比\CRS_AF_INSGA-II\weakly_dominates.m","48ABBDA62705EED81C942FA5BAC84E1B9E8C70B831A0C521030B748E8F5D52BE","备份代码重调度\第2篇代码-动态算法对比\AF_INSGA-II\weakly_dominates.m","55","21"
"AGV故障-动态算法对比\第2篇代码-动态算法对比\CRS_MF_INSGA-II\aim_entropy.m","BF83F4220B215B0EB8DED6C2DB960B2D49AE2206647E52D7DC8CB789A9059C01","备份代码重调度\第2篇代码-动态算法对比\CRS_MF_INSGA-II\aim_entropy.m","24","26"
"AGV故障-动态算法对比\第2篇代码-动态算法对比\CRS_MF_INSGA-II\both_reverse_pop.m","7E6AA14B05D0C47CF62D147AB082575F72A590A935498F7F225964BE989F3264","备份代码重调度\第2篇代码-动态算法对比\CRS_MF_INSGA-II\both_reverse_pop.m","24","165"
"AGV故障-动态算法对比\第2篇代码-动态算法对比\CRS_MF_INSGA-II\colorScheme.m","C1BCE19A043DB71A4C5F980FB8A637247562CB72F7512A872219A326218C62E8","备份代码重调度\第2篇代码-动态算法对比\AF_INSGA-II\colorScheme.m","34","54"
"AGV故障-动态算法对比\第2篇代码-动态算法对比\CRS_MF_INSGA-II\Copy_OD_INSGA_II.m","FC4E555C7D51E3BBE1BD9225AC239F96E6E81D569FBC8FB0DC5CE6D60B648CBE","备份代码重调度\第2篇代码-动态算法对比\CRS_MF_INSGA-II\Copy_OD_INSGA_II.m","15","379"
"AGV故障-动态算法对比\第2篇代码-动态算法对比\CRS_MF_INSGA-II\decompose_AGVTable.m","96CA7BF36F78F7744876DA01A0D945F860A26E790A16FA6B4E6B18E3CECF5453","备份代码重调度\第2篇代码-动态算法对比\AF_INSGA-II\decompose_AGVTable.m","44","61"
"AGV故障-动态算法对比\第2篇代码-动态算法对比\CRS_MF_INSGA-II\decompose_machineTable.m","9E258FA7B71314C28C3452FC35441F067033A5860A3329594C0516BBC3D59AFB","备份代码重调度\第2篇代码-动态算法对比\AF_INSGA-II\decompose_machineTable.m","61","51"
"AGV故障-动态算法对比\第2篇代码-动态算法对比\CRS_MF_INSGA-II\Entropy.m","DD2988BAD7157773DC8F9480F9BCFDCBC24B1FD4BDF95A947A3AA8FED3D0F2D7","备份代码重调度\第2篇代码-动态算法对比\CRS_MF_INSGA-II\Entropy.m","24","34"
"AGV故障-动态算法对比\第2篇代码-动态算法对比\CRS_MF_INSGA-II\fitness.m","5BF476FF81C7B763D9F66678678EF4DAB662103996445BA134096D375350F345","备份代码重调度\第2篇代码-动态算法对比\CRS_MF_INSGA-II\fitness.m","11","154"
"AGV故障-动态算法对比\第2篇代码-动态算法对比\CRS_MF_INSGA-II\getState.m","AAEF9F0B6B38A793B201B96B8D7E1ED22ABC5900734AF8390F8B2A9F99F796C1","备份代码重调度\第2篇代码-动态算法对比\AF_INSGA-II\getState.m","53","20"
"AGV故障-动态算法对比\第2篇代码-动态算法对比\CRS_MF_INSGA-II\HV\approximate_hypervolume_ms.m","5A2BD23E246CD1B350C14B7041681EBF2D8BAD6C7EEF34F3C040A14F5907F7FC","备份代码重调度\第2篇代码-动态算法对比\AF_INSGA-II\HV\approximate_hypervolume_ms.m","61","48"
"AGV故障-动态算法对比\第2篇代码-动态算法对比\CRS_MF_INSGA-II\HV\compute_reference_point.m","FF450B1D2049531493E17CC130FDED18E7DA4A215B948545454B0AE34F43DB48","备份代码重调度\第2篇代码-动态算法对比\AF_INSGA-II\HV\compute_reference_point.m","61","38"
"AGV故障-动态算法对比\第2篇代码-动态算法对比\CRS_MF_INSGA-II\HV\dominates.m","A5F892428228E1ADAAA89980C59144F660F333E7CEEDA3C24702C2AED5F09E67","备份代码重调度\第2篇代码-动态算法对比\AF_INSGA-II\HV\dominates.m","69","30"
"AGV故障-动态算法对比\第2篇代码-动态算法对比\CRS_MF_INSGA-II\HV\lebesgue_measure.m","7581A8B79307E0F65A2C8361CE04C325BB089ACE90669AB7568531E40D27C1E6","备份代码重调度\第2篇代码-动态算法对比\AF_INSGA-II\HV\lebesgue_measure.m","61","149"
"AGV故障-动态算法对比\第2篇代码-动态算法对比\CRS_MF_INSGA-II\HV\main.m","460254171EB2C76A578E3C589D9AC32DCFB60160C84D0CB932AA82D986003AF5","备份代码重调度\第2篇代码-动态算法对比\AF_INSGA-II\HV\main.m","61","14"
"AGV故障-动态算法对比\第2篇代码-动态算法对比\CRS_MF_INSGA-II\HV\test_lebesgue_measure.m","941F7887F0FB86939F839CDEDD6092EFC4ADF05EAF15B746E57970569E24E62A","备份代码重调度\第2篇代码-动态算法对比\AF_INSGA-II\HV\test_lebesgue_measure.m","61","31"
"AGV故障-动态算法对比\第2篇代码-动态算法对比\CRS_MF_INSGA-II\HV\weakly_dominates.m","98DF0FAD59040134E587C7D3BABB104FB1F75F06F39E07D7995C1C23C363115B","备份代码重调度\第2篇代码-动态算法对比\AF_INSGA-II\HV\weakly_dominates.m","61","28"
"AGV故障-动态算法对比\第2篇代码-动态算法对比\CRS_MF_INSGA-II\improved_elitism.m","4802727D622BDD7181FB4023F1677C78DBCDC37D24E233879000E4B6DB9A817D","备份代码重调度\第2篇代码-动态算法对比\CRS_MF_INSGA-II\improved_elitism.m","32","81"
"AGV故障-动态算法对比\第2篇代码-动态算法对比\CRS_MF_INSGA-II\init.m","AE267D30DCBA3407CA9440EA97C0D2FC73E7CE7D32F4AFD0FDF30EBFE8BC4A15","A","1","46"
"AGV故障-动态算法对比\第2篇代码-动态算法对比\CRS_MF_INSGA-II\is_B_strongly_dominating_A.m","29012708DB01740C9F16EB512E490861EB3CDAD3DB47D1F3A353F0A2CF67AF10","备份代码重调度\第2篇代码-动态算法对比\CRS_MF_INSGA-II\is_B_strongly_dominating_A.m","34","10"
"AGV故障-动态算法对比\第2篇代码-动态算法对比\CRS_MF_INSGA-II\load_transfer_time_compute.m","C524080FD4D65B5496B7B9F3174D752AEA149598A055E8670C24792AF433638A","备份代码重调度\第2篇代码-动态算法对比\AF_INSGA-II\load_transfer_time_compute.m","61","17"
"AGV故障-动态算法对比\第2篇代码-动态算法对比\CRS_MF_INSGA-II\machine_AGV_gantt_chart.m","C2C4D4BB67B2926C94E9CAF134B81D97193E238E214D1ED31702EFE0A10271A4","订单撤销-动态算法对比\CRS_MF_INSGA-II\machine_AGV_gantt_chart.m","3","134"
"AGV故障-动态算法对比\第2篇代码-动态算法对比\CRS_MF_INSGA-II\MF_INSGA_II.m","8557B75DF19A4CD468D6215C23C9873414364AF75D2DDC5AD68B3E8FDB8CAA1E","A","1","685"
"AGV故障-动态算法对比\第2篇代码-动态算法对比\CRS_MF_INSGA-II\non_domination.m","0724F06FF4F61BFC09683F4212AF78FAF00254D1B60F4289D7E79DDECD49E376","备份代码重调度\第2篇代码-动态算法对比\AF_INSGA-II\non_domination.m","53","117"
"AGV故障-动态算法对比\第2篇代码-动态算法对比\CRS_MF_INSGA-II\object3value.m","48793003255B4DD580ACC229268C0E2E077CF389710ACF160C90E991B4155FBE","备份代码重调度\第2篇代码-动态算法对比\AF_INSGA-II\object3value.m","32","38"
"AGV故障-动态算法对比\第2篇代码-动态算法对比\CRS_MF_INSGA-II\opera_time.m","F677D3926382D7BC6AF084C78808BA769621622E056AE4224FA292B9980FD60E","备份代码重调度\第2篇代码-动态算法对比\AF_INSGA-II\opera_time.m","36","36"
"AGV故障-动态算法对比\第2篇代码-动态算法对比\CRS_MF_INSGA-II\replace_chrom.m","CD0995F8E9A0D9D0D0CAB31A588C87926E58DDACF9C43A3CF28641EED7D2C2AA","备份代码重调度\第2篇代码-动态算法对比\AF_INSGA-II\replace_chrom.m","57","28"
"AGV故障-动态算法对比\第2篇代码-动态算法对比\CRS_MF_INSGA-II\reverse_pop.m","C265430B80D0C4DB4BE5C7FA76A70C0C0787A5DF09726A288293F4661007421B","备份代码重调度\第2篇代码-动态算法对比\CRS_MF_INSGA-II\reverse_pop.m","15","167"
"AGV故障-动态算法对比\第2篇代码-动态算法对比\CRS_MF_INSGA-II\sorting.m","7850D4659494A874DD98F883F190DC49D7BC8179C9FC2B9872B8CB283C0BD7DB","备份代码重调度\第2篇代码-动态算法对比\AF_INSGA-II\sorting.m","23","228"
"AGV故障-动态算法对比\第2篇代码-动态算法对比\CRS_MF_INSGA-II\Spacing\Spacing.m","4036FAF38E49B4ABBD5BB9966BFCBEB9F285988B762C12AD2717598CF2E5131F","备份代码重调度\第2篇代码-动态算法对比\AF_INSGA-II\Spacing\Spacing.m","59","6"
"AGV故障-动态算法对比\第2篇代码-动态算法对比\CRS_MF_INSGA-II\spare_transfer_time_compute.m","95C82B332EE671F3A8F5BF9EF5CE0A977F6B4BB519C80F79376A04850EAC69EC","备份代码重调度\第2篇代码-动态算法对比\AF_INSGA-II\spare_transfer_time_compute.m","61","30"
"AGV故障-动态算法对比\第2篇代码-动态算法对比\CRS_MF_INSGA-II\table_insert.m","22331F99A901E22DFD0941730D3FB812EED678B26960066142FA788DB992930A","备份代码重调度\第2篇代码-动态算法对比\AF_INSGA-II\table_insert.m","52","54"
"AGV故障-动态算法对比\第2篇代码-动态算法对比\CRS_MF_INSGA-II\tournament_selection.m","7C6821B39C7B108C1529D1415351D71BB375FEB1775F8F98BDDF90D2D19187C8","备份代码重调度\第2篇代码-动态算法对比\AF_INSGA-II\tournament_selection.m","59","36"
"AGV故障-动态算法对比\第2篇代码-动态算法对比\CRS_MF_INSGA-II\variation.m","5B07946042630F8AA1C5DE4AAA5F80087385F83004F40530CBC903AAF0A11A17","备份代码重调度\第2篇代码-动态算法对比\AF_INSGA-II\variation.m","19","109"
"AGV故障-动态算法对比\第2篇代码-动态算法对比\CRS_MF_INSGA-II\VNS.m","86095BF9A78FA1C4210F23297317726CDEA7E4D0930F6E665B68639008F03DC5","备份代码重调度\第2篇代码-动态算法对比\CRS_MF_INSGA-II\VNS.m","11","57"
"AGV故障-动态算法对比\第2篇代码-动态算法对比\CRS_MF_INSGA-II\weakly_dominates.m","48ABBDA62705EED81C942FA5BAC84E1B9E8C70B831A0C521030B748E8F5D52BE","备份代码重调度\第2篇代码-动态算法对比\AF_INSGA-II\weakly_dominates.m","55","21"
"AGV故障-动态算法对比\第2篇代码-动态算法对比\CRS_OD_INSGA-II\aim_entropy.m","BF83F4220B215B0EB8DED6C2DB960B2D49AE2206647E52D7DC8CB789A9059C01","备份代码重调度\第2篇代码-动态算法对比\CRS_MF_INSGA-II\aim_entropy.m","24","26"
"AGV故障-动态算法对比\第2篇代码-动态算法对比\CRS_OD_INSGA-II\both_reverse_pop.m","7E6AA14B05D0C47CF62D147AB082575F72A590A935498F7F225964BE989F3264","备份代码重调度\第2篇代码-动态算法对比\CRS_MF_INSGA-II\both_reverse_pop.m","24","165"
"AGV故障-动态算法对比\第2篇代码-动态算法对比\CRS_OD_INSGA-II\colorScheme.m","C1BCE19A043DB71A4C5F980FB8A637247562CB72F7512A872219A326218C62E8","备份代码重调度\第2篇代码-动态算法对比\AF_INSGA-II\colorScheme.m","34","54"
"AGV故障-动态算法对比\第2篇代码-动态算法对比\CRS_OD_INSGA-II\decompose_AGVTable.m","96CA7BF36F78F7744876DA01A0D945F860A26E790A16FA6B4E6B18E3CECF5453","备份代码重调度\第2篇代码-动态算法对比\AF_INSGA-II\decompose_AGVTable.m","44","61"
"AGV故障-动态算法对比\第2篇代码-动态算法对比\CRS_OD_INSGA-II\decompose_machineTable.m","9E258FA7B71314C28C3452FC35441F067033A5860A3329594C0516BBC3D59AFB","备份代码重调度\第2篇代码-动态算法对比\AF_INSGA-II\decompose_machineTable.m","61","51"
"AGV故障-动态算法对比\第2篇代码-动态算法对比\CRS_OD_INSGA-II\Entropy.m","DD2988BAD7157773DC8F9480F9BCFDCBC24B1FD4BDF95A947A3AA8FED3D0F2D7","备份代码重调度\第2篇代码-动态算法对比\CRS_MF_INSGA-II\Entropy.m","24","34"
"AGV故障-动态算法对比\第2篇代码-动态算法对比\CRS_OD_INSGA-II\fitness.m","499FBF5A8FC5B6389239B4FA61A18A99A2E8D1CC8AB39A2B983396926D59A444","备份代码重调度\第2篇代码-动态算法对比\CRS_OD_INSGA-II\fitness.m","4","164"
"AGV故障-动态算法对比\第2篇代码-动态算法对比\CRS_OD_INSGA-II\getState.m","AAEF9F0B6B38A793B201B96B8D7E1ED22ABC5900734AF8390F8B2A9F99F796C1","备份代码重调度\第2篇代码-动态算法对比\AF_INSGA-II\getState.m","53","20"
"AGV故障-动态算法对比\第2篇代码-动态算法对比\CRS_OD_INSGA-II\HV\approximate_hypervolume_ms.m","5A2BD23E246CD1B350C14B7041681EBF2D8BAD6C7EEF34F3C040A14F5907F7FC","备份代码重调度\第2篇代码-动态算法对比\AF_INSGA-II\HV\approximate_hypervolume_ms.m","61","48"
"AGV故障-动态算法对比\第2篇代码-动态算法对比\CRS_OD_INSGA-II\HV\compute_reference_point.m","FF450B1D2049531493E17CC130FDED18E7DA4A215B948545454B0AE34F43DB48","备份代码重调度\第2篇代码-动态算法对比\AF_INSGA-II\HV\compute_reference_point.m","61","38"
"AGV故障-动态算法对比\第2篇代码-动态算法对比\CRS_OD_INSGA-II\HV\dominates.m","A5F892428228E1ADAAA89980C59144F660F333E7CEEDA3C24702C2AED5F09E67","备份代码重调度\第2篇代码-动态算法对比\AF_INSGA-II\HV\dominates.m","69","30"
"AGV故障-动态算法对比\第2篇代码-动态算法对比\CRS_OD_INSGA-II\HV\lebesgue_measure.m","7581A8B79307E0F65A2C8361CE04C325BB089ACE90669AB7568531E40D27C1E6","备份代码重调度\第2篇代码-动态算法对比\AF_INSGA-II\HV\lebesgue_measure.m","61","149"
"AGV故障-动态算法对比\第2篇代码-动态算法对比\CRS_OD_INSGA-II\HV\main.m","460254171EB2C76A578E3C589D9AC32DCFB60160C84D0CB932AA82D986003AF5","备份代码重调度\第2篇代码-动态算法对比\AF_INSGA-II\HV\main.m","61","14"
"AGV故障-动态算法对比\第2篇代码-动态算法对比\CRS_OD_INSGA-II\HV\test_lebesgue_measure.m","941F7887F0FB86939F839CDEDD6092EFC4ADF05EAF15B746E57970569E24E62A","备份代码重调度\第2篇代码-动态算法对比\AF_INSGA-II\HV\test_lebesgue_measure.m","61","31"
"AGV故障-动态算法对比\第2篇代码-动态算法对比\CRS_OD_INSGA-II\HV\weakly_dominates.m","98DF0FAD59040134E587C7D3BABB104FB1F75F06F39E07D7995C1C23C363115B","备份代码重调度\第2篇代码-动态算法对比\AF_INSGA-II\HV\weakly_dominates.m","61","28"
"AGV故障-动态算法对比\第2篇代码-动态算法对比\CRS_OD_INSGA-II\init.m","B9B4F39F99AFB0539624CA7950D4820EC2897308508F932D6F8ECC6DEE1AC5E9","A","1","49"
"AGV故障-动态算法对比\第2篇代码-动态算法对比\CRS_OD_INSGA-II\INSGA_II.m","07264DB24717BA35F4E5AA37B8F4FCBFE6573E45B3104C4ED46E4F32CEC0B8F6","备份代码重调度\第2篇代码-动态算法对比\CRS_OD_INSGA-II\INSGA_II.m","9","380"
"AGV故障-动态算法对比\第2篇代码-动态算法对比\CRS_OD_INSGA-II\load_transfer_time_compute.m","C524080FD4D65B5496B7B9F3174D752AEA149598A055E8670C24792AF433638A","备份代码重调度\第2篇代码-动态算法对比\AF_INSGA-II\load_transfer_time_compute.m","61","17"
"AGV故障-动态算法对比\第2篇代码-动态算法对比\CRS_OD_INSGA-II\machine_AGV_gantt_chart.m","590458C39ECE1677188ABCC8E4EF3FC23A9B6144C7998DD151CFC10C09CEBE0B","备份代码重调度\第2篇代码-动态算法对比\CRS_OD_INSGA-II\machine_AGV_gantt_chart.m","4","131"
"AGV故障-动态算法对比\第2篇代码-动态算法对比\CRS_OD_INSGA-II\non_domination.m","0724F06FF4F61BFC09683F4212AF78FAF00254D1B60F4289D7E79DDECD49E376","备份代码重调度\第2篇代码-动态算法对比\AF_INSGA-II\non_domination.m","53","117"
"AGV故障-动态算法对比\第2篇代码-动态算法对比\CRS_OD_INSGA-II\object3value.m","48793003255B4DD580ACC229268C0E2E077CF389710ACF160C90E991B4155FBE","备份代码重调度\第2篇代码-动态算法对比\AF_INSGA-II\object3value.m","32","38"
"AGV故障-动态算法对比\第2篇代码-动态算法对比\CRS_OD_INSGA-II\OD_INSGA_II.m","0E1E4C661868715E872F879D1418A5BBFF1B765505D33A06D6D3692919507AE8","A","1","651"
"AGV故障-动态算法对比\第2篇代码-动态算法对比\CRS_OD_INSGA-II\OD_INSGA_II副本.m","64D48250B949744550EF2422FB7F7ED644CF78BDFF3C4DF7699951ED17014116","备份代码重调度\第2篇代码-动态算法对比\CRS_OD_INSGA-II\OD_INSGA_II副本.m","4","541"
"AGV故障-动态算法对比\第2篇代码-动态算法对比\CRS_OD_INSGA-II\opera_time.m","F677D3926382D7BC6AF084C78808BA769621622E056AE4224FA292B9980FD60E","备份代码重调度\第2篇代码-动态算法对比\AF_INSGA-II\opera_time.m","36","36"
"AGV故障-动态算法对比\第2篇代码-动态算法对比\CRS_OD_INSGA-II\replace_chrom.m","CD0995F8E9A0D9D0D0CAB31A588C87926E58DDACF9C43A3CF28641EED7D2C2AA","备份代码重调度\第2篇代码-动态算法对比\AF_INSGA-II\replace_chrom.m","57","28"
"AGV故障-动态算法对比\第2篇代码-动态算法对比\CRS_OD_INSGA-II\sorting.m","26E01A8961584E4139B9FF0E862FDC28B102DBA58575194A6E7EB7E28ECD2B2D","备份代码重调度\第2篇代码-动态算法对比\CRS_OD_INSGA-II\sorting.m","9","234"
"AGV故障-动态算法对比\第2篇代码-动态算法对比\CRS_OD_INSGA-II\Spacing\Spacing.m","4036FAF38E49B4ABBD5BB9966BFCBEB9F285988B762C12AD2717598CF2E5131F","备份代码重调度\第2篇代码-动态算法对比\AF_INSGA-II\Spacing\Spacing.m","59","6"
"AGV故障-动态算法对比\第2篇代码-动态算法对比\CRS_OD_INSGA-II\spare_transfer_time_compute.m","95C82B332EE671F3A8F5BF9EF5CE0A977F6B4BB519C80F79376A04850EAC69EC","备份代码重调度\第2篇代码-动态算法对比\AF_INSGA-II\spare_transfer_time_compute.m","61","30"
"AGV故障-动态算法对比\第2篇代码-动态算法对比\CRS_OD_INSGA-II\table_insert.m","F335A1ADF0EAB7DC892CE1680755ADC8AD130F23296F83905ADC2E1C6CD81A92","备份代码重调度\第2篇代码-动态算法对比\CRS_OD_INSGA-II\table_insert.m","9","54"
"AGV故障-动态算法对比\第2篇代码-动态算法对比\CRS_OD_INSGA-II\tournament_selection.m","7C6821B39C7B108C1529D1415351D71BB375FEB1775F8F98BDDF90D2D19187C8","备份代码重调度\第2篇代码-动态算法对比\AF_INSGA-II\tournament_selection.m","59","36"
"AGV故障-动态算法对比\第2篇代码-动态算法对比\CRS_OD_INSGA-II\variation.m","874B6C9A3FE6A82BFD2C430440396979EFC7A9E9D5C8AA590091BE4B66E8ADD1","备份代码重调度\第2篇代码-动态算法对比\OD_INSGA-II\variation.m","6","115"
"AGV故障-动态算法对比\第2篇代码-动态算法对比\CRS_OD_INSGA-II\variation副本.m","BD0CB76DA488001777A87C40D570CD946295AAA72729870A935622A16457462D","备份代码重调度\第2篇代码-动态算法对比\CRS_OD_INSGA-II\variation副本.m","4","107"
"AGV故障-动态算法对比\第2篇代码-动态算法对比\CRS_OD_INSGA-II\VNS.m","5196917BC0B3573C2FEAA6B8ED4A17AE882AF1887908F3EDD54FCB583F3BD34E","备份代码重调度\第2篇代码-动态算法对比\CRS_OD_INSGA-II\VNS.m","4","185"
"AGV故障-动态算法对比\第2篇代码-动态算法对比\CRS_OD_INSGA-II\weakly_dominates.m","48ABBDA62705EED81C942FA5BAC84E1B9E8C70B831A0C521030B748E8F5D52BE","备份代码重调度\第2篇代码-动态算法对比\AF_INSGA-II\weakly_dominates.m","55","21"
"AGV故障-动态算法对比\第2篇代码-动态算法对比\dif_main.m","F6A56D34FCF260984C96344CFA653F9444536E372249529FB2AACF4621963BFD","A","1","519"
"AGV故障-动态算法对比\第2篇代码-动态算法对比\distance_from_xy.m","C8691ED2E4C625F8377D733A67B70264E67766F390220CE517F976A2A6856722","备份代码重调度\第2篇代码-动态算法对比\distance_from_xy.m","8","35"
"AGV故障-动态算法对比\第2篇代码-动态算法对比\energy_plot.m","26EFE49108DE14F48128B41525A42BF673287B0F44FE94C4F574240503FBC9E1","备份代码重调度\第2篇代码-动态算法对比\energy_plot.m","8","19"
"AGV故障-动态算法对比\第2篇代码-动态算法对比\HV\approximate_hypervolume_ms.m","5A2BD23E246CD1B350C14B7041681EBF2D8BAD6C7EEF34F3C040A14F5907F7FC","备份代码重调度\第2篇代码-动态算法对比\AF_INSGA-II\HV\approximate_hypervolume_ms.m","61","48"
"AGV故障-动态算法对比\第2篇代码-动态算法对比\HV\compute_reference_point.m","FF450B1D2049531493E17CC130FDED18E7DA4A215B948545454B0AE34F43DB48","备份代码重调度\第2篇代码-动态算法对比\AF_INSGA-II\HV\compute_reference_point.m","61","38"
"AGV故障-动态算法对比\第2篇代码-动态算法对比\HV\dominates.m","A5F892428228E1ADAAA89980C59144F660F333E7CEEDA3C24702C2AED5F09E67","备份代码重调度\第2篇代码-动态算法对比\AF_INSGA-II\HV\dominates.m","69","30"
"AGV故障-动态算法对比\第2篇代码-动态算法对比\HV\lebesgue_measure.m","7581A8B79307E0F65A2C8361CE04C325BB089ACE90669AB7568531E40D27C1E6","备份代码重调度\第2篇代码-动态算法对比\AF_INSGA-II\HV\lebesgue_measure.m","61","149"
"AGV故障-动态算法对比\第2篇代码-动态算法对比\HV\main.m","460254171EB2C76A578E3C589D9AC32DCFB60160C84D0CB932AA82D986003AF5","备份代码重调度\第2篇代码-动态算法对比\AF_INSGA-II\HV\main.m","61","14"
"AGV故障-动态算法对比\第2篇代码-动态算法对比\HV\test_lebesgue_measure.m","941F7887F0FB86939F839CDEDD6092EFC4ADF05EAF15B746E57970569E24E62A","备份代码重调度\第2篇代码-动态算法对比\AF_INSGA-II\HV\test_lebesgue_measure.m","61","31"
"AGV故障-动态算法对比\第2篇代码-动态算法对比\HV\weakly_dominates.m","98DF0FAD59040134E587C7D3BABB104FB1F75F06F39E07D7995C1C23C363115B","备份代码重调度\第2篇代码-动态算法对比\AF_INSGA-II\HV\weakly_dominates.m","61","28"
"AGV故障-动态算法对比\第2篇代码-动态算法对比\IGD\IGD_compution.m","5CB0BFC528C5C6978C37AB6FAF12EEC58B23A6C9D948662658D046182820265A","备份代码重调度\第2篇代码-动态算法对比\IGD\IGD_compution.m","8","14"
"AGV故障-动态算法对比\第2篇代码-动态算法对比\init.m","EA0EAAF2F1E6A7FA3F6C640FB867519F44BBF7FE98D522A9DAC7BD0EB7C33139","第2篇代码 - 参数设置\init.m","4","92"
"AGV故障-动态算法对比\第2篇代码-动态算法对比\initial_AF_INSGA-II\AF_INSGA_II.m","C94D8B006DFC433B90110168EB22A054D541020F90444100F4557B4EAFF492A9","A","1","604"
"AGV故障-动态算法对比\第2篇代码-动态算法对比\initial_AF_INSGA-II\colorScheme.m","C1BCE19A043DB71A4C5F980FB8A637247562CB72F7512A872219A326218C62E8","备份代码重调度\第2篇代码-动态算法对比\AF_INSGA-II\colorScheme.m","34","54"
"AGV故障-动态算法对比\第2篇代码-动态算法对比\initial_AF_INSGA-II\decompose_AGVTable.m","96CA7BF36F78F7744876DA01A0D945F860A26E790A16FA6B4E6B18E3CECF5453","备份代码重调度\第2篇代码-动态算法对比\AF_INSGA-II\decompose_AGVTable.m","44","61"
"AGV故障-动态算法对比\第2篇代码-动态算法对比\initial_AF_INSGA-II\decompose_machineTable.m","9E258FA7B71314C28C3452FC35441F067033A5860A3329594C0516BBC3D59AFB","备份代码重调度\第2篇代码-动态算法对比\AF_INSGA-II\decompose_machineTable.m","61","51"
"AGV故障-动态算法对比\第2篇代码-动态算法对比\initial_AF_INSGA-II\fitness.m","16869B10FE73F91BD17AFE25AFC9F4443997D2749459EFCF98AAA994F54C1A6F","备份代码重调度\第2篇代码-动态算法对比\AF_INSGA-II\fitness.m","12","154"
"AGV故障-动态算法对比\第2篇代码-动态算法对比\initial_AF_INSGA-II\getState.m","AAEF9F0B6B38A793B201B96B8D7E1ED22ABC5900734AF8390F8B2A9F99F796C1","备份代码重调度\第2篇代码-动态算法对比\AF_INSGA-II\getState.m","53","20"
"AGV故障-动态算法对比\第2篇代码-动态算法对比\initial_AF_INSGA-II\HV\approximate_hypervolume_ms.m","5A2BD23E246CD1B350C14B7041681EBF2D8BAD6C7EEF34F3C040A14F5907F7FC","备份代码重调度\第2篇代码-动态算法对比\AF_INSGA-II\HV\approximate_hypervolume_ms.m","61","48"
"AGV故障-动态算法对比\第2篇代码-动态算法对比\initial_AF_INSGA-II\HV\compute_reference_point.m","FF450B1D2049531493E17CC130FDED18E7DA4A215B948545454B0AE34F43DB48","备份代码重调度\第2篇代码-动态算法对比\AF_INSGA-II\HV\compute_reference_point.m","61","38"
"AGV故障-动态算法对比\第2篇代码-动态算法对比\initial_AF_INSGA-II\HV\dominates.m","A5F892428228E1ADAAA89980C59144F660F333E7CEEDA3C24702C2AED5F09E67","备份代码重调度\第2篇代码-动态算法对比\AF_INSGA-II\HV\dominates.m","69","30"
"AGV故障-动态算法对比\第2篇代码-动态算法对比\initial_AF_INSGA-II\HV\lebesgue_measure.m","7581A8B79307E0F65A2C8361CE04C325BB089ACE90669AB7568531E40D27C1E6","备份代码重调度\第2篇代码-动态算法对比\AF_INSGA-II\HV\lebesgue_measure.m","61","149"
"AGV故障-动态算法对比\第2篇代码-动态算法对比\initial_AF_INSGA-II\HV\main.m","460254171EB2C76A578E3C589D9AC32DCFB60160C84D0CB932AA82D986003AF5","备份代码重调度\第2篇代码-动态算法对比\AF_INSGA-II\HV\main.m","61","14"
"AGV故障-动态算法对比\第2篇代码-动态算法对比\initial_AF_INSGA-II\HV\test_lebesgue_measure.m","941F7887F0FB86939F839CDEDD6092EFC4ADF05EAF15B746E57970569E24E62A","备份代码重调度\第2篇代码-动态算法对比\AF_INSGA-II\HV\test_lebesgue_measure.m","61","31"
"AGV故障-动态算法对比\第2篇代码-动态算法对比\initial_AF_INSGA-II\HV\weakly_dominates.m","98DF0FAD59040134E587C7D3BABB104FB1F75F06F39E07D7995C1C23C363115B","备份代码重调度\第2篇代码-动态算法对比\AF_INSGA-II\HV\weakly_dominates.m","61","28"
"AGV故障-动态算法对比\第2篇代码-动态算法对比\initial_AF_INSGA-II\init.m","92E26B2D0FAC4510A4342A8213D6CA4B6D33C77C5A6E4AE88109BE169677FA48","备份代码重调度\第2篇代码-动态算法对比\initial_AF_INSGA-II\init.m","4","27"
"AGV故障-动态算法对比\第2篇代码-动态算法对比\initial_AF_INSGA-II\load_transfer_time_compute.m","C524080FD4D65B5496B7B9F3174D752AEA149598A055E8670C24792AF433638A","备份代码重调度\第2篇代码-动态算法对比\AF_INSGA-II\load_transfer_time_compute.m","61","17"
"AGV故障-动态算法对比\第2篇代码-动态算法对比\initial_AF_INSGA-II\machine_AGV_gantt_chart.m","96D7E4ADECF23E452FBF2D5FE43A665D37F25038CC4082B87E459542D20877C3","备份代码重调度\第2篇代码-动态算法对比\AF_INSGA-II\machine_AGV_gantt_chart.m","14","138"
"AGV故障-动态算法对比\第2篇代码-动态算法对比\initial_AF_INSGA-II\non_domination.m","0724F06FF4F61BFC09683F4212AF78FAF00254D1B60F4289D7E79DDECD49E376","备份代码重调度\第2篇代码-动态算法对比\AF_INSGA-II\non_domination.m","53","117"
"AGV故障-动态算法对比\第2篇代码-动态算法对比\initial_AF_INSGA-II\object3value.m","48793003255B4DD580ACC229268C0E2E077CF389710ACF160C90E991B4155FBE","备份代码重调度\第2篇代码-动态算法对比\AF_INSGA-II\object3value.m","32","38"
"AGV故障-动态算法对比\第2篇代码-动态算法对比\initial_AF_INSGA-II\opera_time.m","F677D3926382D7BC6AF084C78808BA769621622E056AE4224FA292B9980FD60E","备份代码重调度\第2篇代码-动态算法对比\AF_INSGA-II\opera_time.m","36","36"
"AGV故障-动态算法对比\第2篇代码-动态算法对比\initial_AF_INSGA-II\replace_chrom.m","CD0995F8E9A0D9D0D0CAB31A588C87926E58DDACF9C43A3CF28641EED7D2C2AA","备份代码重调度\第2篇代码-动态算法对比\AF_INSGA-II\replace_chrom.m","57","28"
"AGV故障-动态算法对比\第2篇代码-动态算法对比\initial_AF_INSGA-II\sorting.m","7850D4659494A874DD98F883F190DC49D7BC8179C9FC2B9872B8CB283C0BD7DB","备份代码重调度\第2篇代码-动态算法对比\AF_INSGA-II\sorting.m","23","228"
"AGV故障-动态算法对比\第2篇代码-动态算法对比\initial_AF_INSGA-II\Spacing\Spacing.m","4036FAF38E49B4ABBD5BB9966BFCBEB9F285988B762C12AD2717598CF2E5131F","备份代码重调度\第2篇代码-动态算法对比\AF_INSGA-II\Spacing\Spacing.m","59","6"
"AGV故障-动态算法对比\第2篇代码-动态算法对比\initial_AF_INSGA-II\spare_transfer_time_compute.m","95C82B332EE671F3A8F5BF9EF5CE0A977F6B4BB519C80F79376A04850EAC69EC","备份代码重调度\第2篇代码-动态算法对比\AF_INSGA-II\spare_transfer_time_compute.m","61","30"
"AGV故障-动态算法对比\第2篇代码-动态算法对比\initial_AF_INSGA-II\table_insert.m","22331F99A901E22DFD0941730D3FB812EED678B26960066142FA788DB992930A","备份代码重调度\第2篇代码-动态算法对比\AF_INSGA-II\table_insert.m","52","54"
"AGV故障-动态算法对比\第2篇代码-动态算法对比\initial_AF_INSGA-II\tournament_selection.m","7C6821B39C7B108C1529D1415351D71BB375FEB1775F8F98BDDF90D2D19187C8","备份代码重调度\第2篇代码-动态算法对比\AF_INSGA-II\tournament_selection.m","59","36"
"AGV故障-动态算法对比\第2篇代码-动态算法对比\initial_AF_INSGA-II\variation.m","5B07946042630F8AA1C5DE4AAA5F80087385F83004F40530CBC903AAF0A11A17","备份代码重调度\第2篇代码-动态算法对比\AF_INSGA-II\variation.m","19","109"
"AGV故障-动态算法对比\第2篇代码-动态算法对比\initial_AF_INSGA-II\VNS.m","18A1DE5F3F50E2B44D8ED1F5A69E21F1C655A9F80D14732F7D841B352B71D7BD","备份代码重调度\第2篇代码-动态算法对比\AF_INSGA-II\VNS.m","12","186"
"AGV故障-动态算法对比\第2篇代码-动态算法对比\initial_AF_INSGA-II\weakly_dominates.m","48ABBDA62705EED81C942FA5BAC84E1B9E8C70B831A0C521030B748E8F5D52BE","备份代码重调度\第2篇代码-动态算法对比\AF_INSGA-II\weakly_dominates.m","55","21"
"AGV故障-动态算法对比\第2篇代码-动态算法对比\initial_NSGA-II\decompose_AGVTable.m","E0FABF783EAA9EA3FC803BBAE7AA92C40D9E39F560F7857829899C3667D908EF","备份代码重调度\第2篇代码-动态算法对比\initial_NSGA-II\decompose_AGVTable.m","17","65"
"AGV故障-动态算法对比\第2篇代码-动态算法对比\initial_NSGA-II\decompose_machineTable.m","9E258FA7B71314C28C3452FC35441F067033A5860A3329594C0516BBC3D59AFB","备份代码重调度\第2篇代码-动态算法对比\AF_INSGA-II\decompose_machineTable.m","61","51"
"AGV故障-动态算法对比\第2篇代码-动态算法对比\initial_NSGA-II\fitness.m","CB45A2A20DB4AB0220BED11373EE06965259A3D378911AD46C1FAEC63FD44E8A","备份代码重调度\第2篇代码-动态算法对比\initial_NSGA-II\fitness.m","17","82"
"AGV故障-动态算法对比\第2篇代码-动态算法对比\initial_NSGA-II\getState.m","AAEF9F0B6B38A793B201B96B8D7E1ED22ABC5900734AF8390F8B2A9F99F796C1","备份代码重调度\第2篇代码-动态算法对比\AF_INSGA-II\getState.m","53","20"
"AGV故障-动态算法对比\第2篇代码-动态算法对比\initial_NSGA-II\HV\approximate_hypervolume_ms.m","5A2BD23E246CD1B350C14B7041681EBF2D8BAD6C7EEF34F3C040A14F5907F7FC","备份代码重调度\第2篇代码-动态算法对比\AF_INSGA-II\HV\approximate_hypervolume_ms.m","61","48"
"AGV故障-动态算法对比\第2篇代码-动态算法对比\initial_NSGA-II\HV\compute_reference_point.m","FF450B1D2049531493E17CC130FDED18E7DA4A215B948545454B0AE34F43DB48","备份代码重调度\第2篇代码-动态算法对比\AF_INSGA-II\HV\compute_reference_point.m","61","38"
"AGV故障-动态算法对比\第2篇代码-动态算法对比\initial_NSGA-II\HV\dominates.m","A5F892428228E1ADAAA89980C59144F660F333E7CEEDA3C24702C2AED5F09E67","备份代码重调度\第2篇代码-动态算法对比\AF_INSGA-II\HV\dominates.m","69","30"
"AGV故障-动态算法对比\第2篇代码-动态算法对比\initial_NSGA-II\HV\lebesgue_measure.m","7581A8B79307E0F65A2C8361CE04C325BB089ACE90669AB7568531E40D27C1E6","备份代码重调度\第2篇代码-动态算法对比\AF_INSGA-II\HV\lebesgue_measure.m","61","149"
"AGV故障-动态算法对比\第2篇代码-动态算法对比\initial_NSGA-II\HV\main.m","460254171EB2C76A578E3C589D9AC32DCFB60160C84D0CB932AA82D986003AF5","备份代码重调度\第2篇代码-动态算法对比\AF_INSGA-II\HV\main.m","61","14"
"AGV故障-动态算法对比\第2篇代码-动态算法对比\initial_NSGA-II\HV\test_lebesgue_measure.m","941F7887F0FB86939F839CDEDD6092EFC4ADF05EAF15B746E57970569E24E62A","备份代码重调度\第2篇代码-动态算法对比\AF_INSGA-II\HV\test_lebesgue_measure.m","61","31"
"AGV故障-动态算法对比\第2篇代码-动态算法对比\initial_NSGA-II\HV\weakly_dominates.m","98DF0FAD59040134E587C7D3BABB104FB1F75F06F39E07D7995C1C23C363115B","备份代码重调度\第2篇代码-动态算法对比\AF_INSGA-II\HV\weakly_dominates.m","61","28"
"AGV故障-动态算法对比\第2篇代码-动态算法对比\initial_NSGA-II\improved_elitism.m","4802727D622BDD7181FB4023F1677C78DBCDC37D24E233879000E4B6DB9A817D","备份代码重调度\第2篇代码-动态算法对比\CRS_MF_INSGA-II\improved_elitism.m","32","81"
"AGV故障-动态算法对比\第2篇代码-动态算法对比\initial_NSGA-II\init.m","7BD3C7A1F0B0CCC2F2EC8D7B17954CC85599CA2C80BD9515871C8360FBF1EC29","第2篇代码 - 静态算法对比\initial_NSGA-II\init.m","7","486"
"AGV故障-动态算法对比\第2篇代码-动态算法对比\initial_NSGA-II\initial_INSGA_II.m","9D96D2F05583F10311AC76B9F94A124209CC22929184EBDFAF8B4EB525F4E9FF","订单撤销-动态算法对比\initial_NSGA-II\initial_INSGA_II.m","2","195"
"AGV故障-动态算法对比\第2篇代码-动态算法对比\initial_NSGA-II\is_B_strongly_dominating_A.m","29012708DB01740C9F16EB512E490861EB3CDAD3DB47D1F3A353F0A2CF67AF10","备份代码重调度\第2篇代码-动态算法对比\CRS_MF_INSGA-II\is_B_strongly_dominating_A.m","34","10"
"AGV故障-动态算法对比\第2篇代码-动态算法对比\initial_NSGA-II\load_transfer_time_compute.m","C524080FD4D65B5496B7B9F3174D752AEA149598A055E8670C24792AF433638A","备份代码重调度\第2篇代码-动态算法对比\AF_INSGA-II\load_transfer_time_compute.m","61","17"
"AGV故障-动态算法对比\第2篇代码-动态算法对比\initial_NSGA-II\non_domination.m","0724F06FF4F61BFC09683F4212AF78FAF00254D1B60F4289D7E79DDECD49E376","备份代码重调度\第2篇代码-动态算法对比\AF_INSGA-II\non_domination.m","53","117"
"AGV故障-动态算法对比\第2篇代码-动态算法对比\initial_NSGA-II\replace_chrom.m","CD0995F8E9A0D9D0D0CAB31A588C87926E58DDACF9C43A3CF28641EED7D2C2AA","备份代码重调度\第2篇代码-动态算法对比\AF_INSGA-II\replace_chrom.m","57","28"
"AGV故障-动态算法对比\第2篇代码-动态算法对比\initial_NSGA-II\sorting.m","F79DC4C8E82716997587DCAB10AC62D5B60FEB8768C42AAE0301BBCDD5691504","备份代码重调度\第2篇代码-动态算法对比\Multi-NSGA-II\sorting.m","15","225"
"AGV故障-动态算法对比\第2篇代码-动态算法对比\initial_NSGA-II\Spacing\Spacing.m","4036FAF38E49B4ABBD5BB9966BFCBEB9F285988B762C12AD2717598CF2E5131F","备份代码重调度\第2篇代码-动态算法对比\AF_INSGA-II\Spacing\Spacing.m","59","6"
"AGV故障-动态算法对比\第2篇代码-动态算法对比\initial_NSGA-II\spare_transfer_time_compute.m","95C82B332EE671F3A8F5BF9EF5CE0A977F6B4BB519C80F79376A04850EAC69EC","备份代码重调度\第2篇代码-动态算法对比\AF_INSGA-II\spare_transfer_time_compute.m","61","30"
"AGV故障-动态算法对比\第2篇代码-动态算法对比\initial_NSGA-II\table_insert.m","22331F99A901E22DFD0941730D3FB812EED678B26960066142FA788DB992930A","备份代码重调度\第2篇代码-动态算法对比\AF_INSGA-II\table_insert.m","52","54"
"AGV故障-动态算法对比\第2篇代码-动态算法对比\initial_NSGA-II\tournament_selection.m","7C6821B39C7B108C1529D1415351D71BB375FEB1775F8F98BDDF90D2D19187C8","备份代码重调度\第2篇代码-动态算法对比\AF_INSGA-II\tournament_selection.m","59","36"
"AGV故障-动态算法对比\第2篇代码-动态算法对比\initial_NSGA-II\variation.m","EB6280CB4CBD07B7D5FC90D136BB55F75BA42164DAF51335EC6A22ED7ACFE286","备份代码重调度\第2篇代码-动态算法对比\Multi-NSGA-II\variation.m","21","105"
"AGV故障-动态算法对比\第2篇代码-动态算法对比\initial_NSGA-II\VNS.m","0102E0C7703020A0B814FF10313608C36E7B80FE4F9160A2F4D70DDE105E2A25","A","1","180"
"AGV故障-动态算法对比\第2篇代码-动态算法对比\initial_NSGA-II\weakly_dominates.m","48ABBDA62705EED81C942FA5BAC84E1B9E8C70B831A0C521030B748E8F5D52BE","备份代码重调度\第2篇代码-动态算法对比\AF_INSGA-II\weakly_dominates.m","55","21"
"AGV故障-动态算法对比\第2篇代码-动态算法对比\machine_AGV_gantt_chart.m","3A36697DEB61549374A763C5149924547A806DEFFA5790ECC5AFC2D453708055","订单撤销-动态算法对比\machine_AGV_gantt_chart.m","2","141"
"AGV故障-动态算法对比\第2篇代码-动态算法对比\MF_INSGA-II\aim_entropy.m","BF83F4220B215B0EB8DED6C2DB960B2D49AE2206647E52D7DC8CB789A9059C01","备份代码重调度\第2篇代码-动态算法对比\CRS_MF_INSGA-II\aim_entropy.m","24","26"
"AGV故障-动态算法对比\第2篇代码-动态算法对比\MF_INSGA-II\both_reverse_pop.m","7E6AA14B05D0C47CF62D147AB082575F72A590A935498F7F225964BE989F3264","备份代码重调度\第2篇代码-动态算法对比\CRS_MF_INSGA-II\both_reverse_pop.m","24","165"
"AGV故障-动态算法对比\第2篇代码-动态算法对比\MF_INSGA-II\colorScheme.m","C1BCE19A043DB71A4C5F980FB8A637247562CB72F7512A872219A326218C62E8","备份代码重调度\第2篇代码-动态算法对比\AF_INSGA-II\colorScheme.m","34","54"
"AGV故障-动态算法对比\第2篇代码-动态算法对比\MF_INSGA-II\Copy_OD_INSGA_II.m","FC4E555C7D51E3BBE1BD9225AC239F96E6E81D569FBC8FB0DC5CE6D60B648CBE","备份代码重调度\第2篇代码-动态算法对比\CRS_MF_INSGA-II\Copy_OD_INSGA_II.m","15","379"
"AGV故障-动态算法对比\第2篇代码-动态算法对比\MF_INSGA-II\decompose_AGVTable.m","96CA7BF36F78F7744876DA01A0D945F860A26E790A16FA6B4E6B18E3CECF5453","备份代码重调度\第2篇代码-动态算法对比\AF_INSGA-II\decompose_AGVTable.m","44","61"
"AGV故障-动态算法对比\第2篇代码-动态算法对比\MF_INSGA-II\decompose_machineTable.m","9E258FA7B71314C28C3452FC35441F067033A5860A3329594C0516BBC3D59AFB","备份代码重调度\第2篇代码-动态算法对比\AF_INSGA-II\decompose_machineTable.m","61","51"
"AGV故障-动态算法对比\第2篇代码-动态算法对比\MF_INSGA-II\Entropy.m","DD2988BAD7157773DC8F9480F9BCFDCBC24B1FD4BDF95A947A3AA8FED3D0F2D7","备份代码重调度\第2篇代码-动态算法对比\CRS_MF_INSGA-II\Entropy.m","24","34"
"AGV故障-动态算法对比\第2篇代码-动态算法对比\MF_INSGA-II\fitness.m","5BF476FF81C7B763D9F66678678EF4DAB662103996445BA134096D375350F345","备份代码重调度\第2篇代码-动态算法对比\CRS_MF_INSGA-II\fitness.m","11","154"
"AGV故障-动态算法对比\第2篇代码-动态算法对比\MF_INSGA-II\getState.m","AAEF9F0B6B38A793B201B96B8D7E1ED22ABC5900734AF8390F8B2A9F99F796C1","备份代码重调度\第2篇代码-动态算法对比\AF_INSGA-II\getState.m","53","20"
"AGV故障-动态算法对比\第2篇代码-动态算法对比\MF_INSGA-II\HV\approximate_hypervolume_ms.m","5A2BD23E246CD1B350C14B7041681EBF2D8BAD6C7EEF34F3C040A14F5907F7FC","备份代码重调度\第2篇代码-动态算法对比\AF_INSGA-II\HV\approximate_hypervolume_ms.m","61","48"
"AGV故障-动态算法对比\第2篇代码-动态算法对比\MF_INSGA-II\HV\compute_reference_point.m","FF450B1D2049531493E17CC130FDED18E7DA4A215B948545454B0AE34F43DB48","备份代码重调度\第2篇代码-动态算法对比\AF_INSGA-II\HV\compute_reference_point.m","61","38"
"AGV故障-动态算法对比\第2篇代码-动态算法对比\MF_INSGA-II\HV\dominates.m","A5F892428228E1ADAAA89980C59144F660F333E7CEEDA3C24702C2AED5F09E67","备份代码重调度\第2篇代码-动态算法对比\AF_INSGA-II\HV\dominates.m","69","30"
"AGV故障-动态算法对比\第2篇代码-动态算法对比\MF_INSGA-II\HV\lebesgue_measure.m","7581A8B79307E0F65A2C8361CE04C325BB089ACE90669AB7568531E40D27C1E6","备份代码重调度\第2篇代码-动态算法对比\AF_INSGA-II\HV\lebesgue_measure.m","61","149"
"AGV故障-动态算法对比\第2篇代码-动态算法对比\MF_INSGA-II\HV\main.m","460254171EB2C76A578E3C589D9AC32DCFB60160C84D0CB932AA82D986003AF5","备份代码重调度\第2篇代码-动态算法对比\AF_INSGA-II\HV\main.m","61","14"
"AGV故障-动态算法对比\第2篇代码-动态算法对比\MF_INSGA-II\HV\test_lebesgue_measure.m","941F7887F0FB86939F839CDEDD6092EFC4ADF05EAF15B746E57970569E24E62A","备份代码重调度\第2篇代码-动态算法对比\AF_INSGA-II\HV\test_lebesgue_measure.m","61","31"
"AGV故障-动态算法对比\第2篇代码-动态算法对比\MF_INSGA-II\HV\weakly_dominates.m","98DF0FAD59040134E587C7D3BABB104FB1F75F06F39E07D7995C1C23C363115B","备份代码重调度\第2篇代码-动态算法对比\AF_INSGA-II\HV\weakly_dominates.m","61","28"
"AGV故障-动态算法对比\第2篇代码-动态算法对比\MF_INSGA-II\improved_elitism.m","4802727D622BDD7181FB4023F1677C78DBCDC37D24E233879000E4B6DB9A817D","备份代码重调度\第2篇代码-动态算法对比\CRS_MF_INSGA-II\improved_elitism.m","32","81"
"AGV故障-动态算法对比\第2篇代码-动态算法对比\MF_INSGA-II\init.m","5F27626EA77464C520B08B240FB1D9563C7C3DF300C64A162637A68FFCBD2A36","A","1","48"
"AGV故障-动态算法对比\第2篇代码-动态算法对比\MF_INSGA-II\is_B_strongly_dominating_A.m","29012708DB01740C9F16EB512E490861EB3CDAD3DB47D1F3A353F0A2CF67AF10","备份代码重调度\第2篇代码-动态算法对比\CRS_MF_INSGA-II\is_B_strongly_dominating_A.m","34","10"
"AGV故障-动态算法对比\第2篇代码-动态算法对比\MF_INSGA-II\load_transfer_time_compute.m","C524080FD4D65B5496B7B9F3174D752AEA149598A055E8670C24792AF433638A","备份代码重调度\第2篇代码-动态算法对比\AF_INSGA-II\load_transfer_time_compute.m","61","17"
"AGV故障-动态算法对比\第2篇代码-动态算法对比\MF_INSGA-II\machine_AGV_gantt_chart.m","96D7E4ADECF23E452FBF2D5FE43A665D37F25038CC4082B87E459542D20877C3","备份代码重调度\第2篇代码-动态算法对比\AF_INSGA-II\machine_AGV_gantt_chart.m","14","138"
"AGV故障-动态算法对比\第2篇代码-动态算法对比\MF_INSGA-II\MF_INSGA_II - 副本.m","AED85C937F3083334F4C74DB8D96D27A13C4801F20E2C0E346899DE7AC330DB8","备份代码重调度\第2篇代码-动态算法对比\MF_INSGA-II\MF_INSGA_II - 副本.m","4","637"
"AGV故障-动态算法对比\第2篇代码-动态算法对比\MF_INSGA-II\MF_INSGA_II.m","220EA26EF9468142457D29B32C9846929193088550FCFDCE06D3FEC42A39D669","A","1","611"
"AGV故障-动态算法对比\第2篇代码-动态算法对比\MF_INSGA-II\non_domination.m","0724F06FF4F61BFC09683F4212AF78FAF00254D1B60F4289D7E79DDECD49E376","备份代码重调度\第2篇代码-动态算法对比\AF_INSGA-II\non_domination.m","53","117"
"AGV故障-动态算法对比\第2篇代码-动态算法对比\MF_INSGA-II\object3value.m","48793003255B4DD580ACC229268C0E2E077CF389710ACF160C90E991B4155FBE","备份代码重调度\第2篇代码-动态算法对比\AF_INSGA-II\object3value.m","32","38"
"AGV故障-动态算法对比\第2篇代码-动态算法对比\MF_INSGA-II\opera_time.m","F677D3926382D7BC6AF084C78808BA769621622E056AE4224FA292B9980FD60E","备份代码重调度\第2篇代码-动态算法对比\AF_INSGA-II\opera_time.m","36","36"
"AGV故障-动态算法对比\第2篇代码-动态算法对比\MF_INSGA-II\replace_chrom.m","CD0995F8E9A0D9D0D0CAB31A588C87926E58DDACF9C43A3CF28641EED7D2C2AA","备份代码重调度\第2篇代码-动态算法对比\AF_INSGA-II\replace_chrom.m","57","28"
"AGV故障-动态算法对比\第2篇代码-动态算法对比\MF_INSGA-II\reverse_pop.m","C265430B80D0C4DB4BE5C7FA76A70C0C0787A5DF09726A288293F4661007421B","备份代码重调度\第2篇代码-动态算法对比\CRS_MF_INSGA-II\reverse_pop.m","15","167"
"AGV故障-动态算法对比\第2篇代码-动态算法对比\MF_INSGA-II\sorting.m","7850D4659494A874DD98F883F190DC49D7BC8179C9FC2B9872B8CB283C0BD7DB","备份代码重调度\第2篇代码-动态算法对比\AF_INSGA-II\sorting.m","23","228"
"AGV故障-动态算法对比\第2篇代码-动态算法对比\MF_INSGA-II\Spacing\Spacing.m","4036FAF38E49B4ABBD5BB9966BFCBEB9F285988B762C12AD2717598CF2E5131F","备份代码重调度\第2篇代码-动态算法对比\AF_INSGA-II\Spacing\Spacing.m","59","6"
"AGV故障-动态算法对比\第2篇代码-动态算法对比\MF_INSGA-II\spare_transfer_time_compute.m","95C82B332EE671F3A8F5BF9EF5CE0A977F6B4BB519C80F79376A04850EAC69EC","备份代码重调度\第2篇代码-动态算法对比\AF_INSGA-II\spare_transfer_time_compute.m","61","30"
"AGV故障-动态算法对比\第2篇代码-动态算法对比\MF_INSGA-II\table_insert.m","22331F99A901E22DFD0941730D3FB812EED678B26960066142FA788DB992930A","备份代码重调度\第2篇代码-动态算法对比\AF_INSGA-II\table_insert.m","52","54"
"AGV故障-动态算法对比\第2篇代码-动态算法对比\MF_INSGA-II\tournament_selection.m","7C6821B39C7B108C1529D1415351D71BB375FEB1775F8F98BDDF90D2D19187C8","备份代码重调度\第2篇代码-动态算法对比\AF_INSGA-II\tournament_selection.m","59","36"
"AGV故障-动态算法对比\第2篇代码-动态算法对比\MF_INSGA-II\variation.m","5B07946042630F8AA1C5DE4AAA5F80087385F83004F40530CBC903AAF0A11A17","备份代码重调度\第2篇代码-动态算法对比\AF_INSGA-II\variation.m","19","109"
"AGV故障-动态算法对比\第2篇代码-动态算法对比\MF_INSGA-II\VNS.m","86095BF9A78FA1C4210F23297317726CDEA7E4D0930F6E665B68639008F03DC5","备份代码重调度\第2篇代码-动态算法对比\CRS_MF_INSGA-II\VNS.m","11","57"
"AGV故障-动态算法对比\第2篇代码-动态算法对比\MF_INSGA-II\weakly_dominates.m","48ABBDA62705EED81C942FA5BAC84E1B9E8C70B831A0C521030B748E8F5D52BE","备份代码重调度\第2篇代码-动态算法对比\AF_INSGA-II\weakly_dominates.m","55","21"
"AGV故障-动态算法对比\第2篇代码-动态算法对比\non_domination_only.m","BF2CE40C1C7D101C33AB14351BC5EDE25A4299F3C7AD6F9D0FC81559AE9B6668","备份代码重调度\第2篇代码-动态算法对比\non_domination_only.m","10","67"
"AGV故障-动态算法对比\第2篇代码-动态算法对比\OD_INSGA-II\aim_entropy.m","BF83F4220B215B0EB8DED6C2DB960B2D49AE2206647E52D7DC8CB789A9059C01","备份代码重调度\第2篇代码-动态算法对比\CRS_MF_INSGA-II\aim_entropy.m","24","26"
"AGV故障-动态算法对比\第2篇代码-动态算法对比\OD_INSGA-II\both_reverse_pop.m","7E6AA14B05D0C47CF62D147AB082575F72A590A935498F7F225964BE989F3264","备份代码重调度\第2篇代码-动态算法对比\CRS_MF_INSGA-II\both_reverse_pop.m","24","165"
"AGV故障-动态算法对比\第2篇代码-动态算法对比\OD_INSGA-II\colorScheme.m","C1BCE19A043DB71A4C5F980FB8A637247562CB72F7512A872219A326218C62E8","备份代码重调度\第2篇代码-动态算法对比\AF_INSGA-II\colorScheme.m","34","54"
"AGV故障-动态算法对比\第2篇代码-动态算法对比\OD_INSGA-II\decompose_AGVTable.m","96CA7BF36F78F7744876DA01A0D945F860A26E790A16FA6B4E6B18E3CECF5453","备份代码重调度\第2篇代码-动态算法对比\AF_INSGA-II\decompose_AGVTable.m","44","61"
"AGV故障-动态算法对比\第2篇代码-动态算法对比\OD_INSGA-II\decompose_machineTable.m","9E258FA7B71314C28C3452FC35441F067033A5860A3329594C0516BBC3D59AFB","备份代码重调度\第2篇代码-动态算法对比\AF_INSGA-II\decompose_machineTable.m","61","51"
"AGV故障-动态算法对比\第2篇代码-动态算法对比\OD_INSGA-II\Entropy.m","DD2988BAD7157773DC8F9480F9BCFDCBC24B1FD4BDF95A947A3AA8FED3D0F2D7","备份代码重调度\第2篇代码-动态算法对比\CRS_MF_INSGA-II\Entropy.m","24","34"
"AGV故障-动态算法对比\第2篇代码-动态算法对比\OD_INSGA-II\fitness.m","BB5ECC3ECE56C60997260ACF0687146E264FBBC93374A5135726C99B0D9AA613","备份代码重调度\第2篇代码-动态算法对比\OD_INSGA-II\fitness.m","5","164"
"AGV故障-动态算法对比\第2篇代码-动态算法对比\OD_INSGA-II\getState.m","AAEF9F0B6B38A793B201B96B8D7E1ED22ABC5900734AF8390F8B2A9F99F796C1","备份代码重调度\第2篇代码-动态算法对比\AF_INSGA-II\getState.m","53","20"
"AGV故障-动态算法对比\第2篇代码-动态算法对比\OD_INSGA-II\HV\approximate_hypervolume_ms.m","5A2BD23E246CD1B350C14B7041681EBF2D8BAD6C7EEF34F3C040A14F5907F7FC","备份代码重调度\第2篇代码-动态算法对比\AF_INSGA-II\HV\approximate_hypervolume_ms.m","61","48"
"AGV故障-动态算法对比\第2篇代码-动态算法对比\OD_INSGA-II\HV\compute_reference_point.m","FF450B1D2049531493E17CC130FDED18E7DA4A215B948545454B0AE34F43DB48","备份代码重调度\第2篇代码-动态算法对比\AF_INSGA-II\HV\compute_reference_point.m","61","38"
"AGV故障-动态算法对比\第2篇代码-动态算法对比\OD_INSGA-II\HV\dominates.m","A5F892428228E1ADAAA89980C59144F660F333E7CEEDA3C24702C2AED5F09E67","备份代码重调度\第2篇代码-动态算法对比\AF_INSGA-II\HV\dominates.m","69","30"
"AGV故障-动态算法对比\第2篇代码-动态算法对比\OD_INSGA-II\HV\lebesgue_measure.m","7581A8B79307E0F65A2C8361CE04C325BB089ACE90669AB7568531E40D27C1E6","备份代码重调度\第2篇代码-动态算法对比\AF_INSGA-II\HV\lebesgue_measure.m","61","149"
"AGV故障-动态算法对比\第2篇代码-动态算法对比\OD_INSGA-II\HV\main.m","460254171EB2C76A578E3C589D9AC32DCFB60160C84D0CB932AA82D986003AF5","备份代码重调度\第2篇代码-动态算法对比\AF_INSGA-II\HV\main.m","61","14"
"AGV故障-动态算法对比\第2篇代码-动态算法对比\OD_INSGA-II\HV\test_lebesgue_measure.m","941F7887F0FB86939F839CDEDD6092EFC4ADF05EAF15B746E57970569E24E62A","备份代码重调度\第2篇代码-动态算法对比\AF_INSGA-II\HV\test_lebesgue_measure.m","61","31"
"AGV故障-动态算法对比\第2篇代码-动态算法对比\OD_INSGA-II\HV\weakly_dominates.m","98DF0FAD59040134E587C7D3BABB104FB1F75F06F39E07D7995C1C23C363115B","备份代码重调度\第2篇代码-动态算法对比\AF_INSGA-II\HV\weakly_dominates.m","61","28"
"AGV故障-动态算法对比\第2篇代码-动态算法对比\OD_INSGA-II\init.m","2E0EEDC0AD036B99B3A2EC0C5DB273E53706A8B04E88AF94097AFEDF207EA811","备份代码重调度\第2篇代码-动态算法对比\OD_INSGA-II\init.m","5","27"
"AGV故障-动态算法对比\第2篇代码-动态算法对比\OD_INSGA-II\INSGA_II.m","07264DB24717BA35F4E5AA37B8F4FCBFE6573E45B3104C4ED46E4F32CEC0B8F6","备份代码重调度\第2篇代码-动态算法对比\CRS_OD_INSGA-II\INSGA_II.m","9","380"
"AGV故障-动态算法对比\第2篇代码-动态算法对比\OD_INSGA-II\load_transfer_time_compute.m","C524080FD4D65B5496B7B9F3174D752AEA149598A055E8670C24792AF433638A","备份代码重调度\第2篇代码-动态算法对比\AF_INSGA-II\load_transfer_time_compute.m","61","17"
"AGV故障-动态算法对比\第2篇代码-动态算法对比\OD_INSGA-II\machine_AGV_gantt_chart.m","D5BE2AA927B5860456A3705D429992CB18A7D228CBC1A1A6A20BE40D6EDE9F7D","备份代码重调度\第2篇代码-动态算法对比\OD_INSGA-II\machine_AGV_gantt_chart.m","5","135"
"AGV故障-动态算法对比\第2篇代码-动态算法对比\OD_INSGA-II\non_domination.m","0724F06FF4F61BFC09683F4212AF78FAF00254D1B60F4289D7E79DDECD49E376","备份代码重调度\第2篇代码-动态算法对比\AF_INSGA-II\non_domination.m","53","117"
"AGV故障-动态算法对比\第2篇代码-动态算法对比\OD_INSGA-II\object3value.m","48793003255B4DD580ACC229268C0E2E077CF389710ACF160C90E991B4155FBE","备份代码重调度\第2篇代码-动态算法对比\AF_INSGA-II\object3value.m","32","38"
"AGV故障-动态算法对比\第2篇代码-动态算法对比\OD_INSGA-II\OD_INSGA_II.m","13534F0C6EE9C13636C7E5773594763F68E05E2C60050CDD899397663D4941D6","A","1","648"
"AGV故障-动态算法对比\第2篇代码-动态算法对比\OD_INSGA-II\opera_time.m","F677D3926382D7BC6AF084C78808BA769621622E056AE4224FA292B9980FD60E","备份代码重调度\第2篇代码-动态算法对比\AF_INSGA-II\opera_time.m","36","36"
"AGV故障-动态算法对比\第2篇代码-动态算法对比\OD_INSGA-II\replace_chrom.m","CD0995F8E9A0D9D0D0CAB31A588C87926E58DDACF9C43A3CF28641EED7D2C2AA","备份代码重调度\第2篇代码-动态算法对比\AF_INSGA-II\replace_chrom.m","57","28"
"AGV故障-动态算法对比\第2篇代码-动态算法对比\OD_INSGA-II\sorting.m","26E01A8961584E4139B9FF0E862FDC28B102DBA58575194A6E7EB7E28ECD2B2D","备份代码重调度\第2篇代码-动态算法对比\CRS_OD_INSGA-II\sorting.m","9","234"
"AGV故障-动态算法对比\第2篇代码-动态算法对比\OD_INSGA-II\Spacing\Spacing.m","4036FAF38E49B4ABBD5BB9966BFCBEB9F285988B762C12AD2717598CF2E5131F","备份代码重调度\第2篇代码-动态算法对比\AF_INSGA-II\Spacing\Spacing.m","59","6"
"AGV故障-动态算法对比\第2篇代码-动态算法对比\OD_INSGA-II\spare_transfer_time_compute.m","95C82B332EE671F3A8F5BF9EF5CE0A977F6B4BB519C80F79376A04850EAC69EC","备份代码重调度\第2篇代码-动态算法对比\AF_INSGA-II\spare_transfer_time_compute.m","61","30"
"AGV故障-动态算法对比\第2篇代码-动态算法对比\OD_INSGA-II\table_insert.m","F335A1ADF0EAB7DC892CE1680755ADC8AD130F23296F83905ADC2E1C6CD81A92","备份代码重调度\第2篇代码-动态算法对比\CRS_OD_INSGA-II\table_insert.m","9","54"
"AGV故障-动态算法对比\第2篇代码-动态算法对比\OD_INSGA-II\tournament_selection.m","7C6821B39C7B108C1529D1415351D71BB375FEB1775F8F98BDDF90D2D19187C8","备份代码重调度\第2篇代码-动态算法对比\AF_INSGA-II\tournament_selection.m","59","36"
"AGV故障-动态算法对比\第2篇代码-动态算法对比\OD_INSGA-II\variation.m","874B6C9A3FE6A82BFD2C430440396979EFC7A9E9D5C8AA590091BE4B66E8ADD1","备份代码重调度\第2篇代码-动态算法对比\OD_INSGA-II\variation.m","6","115"
"AGV故障-动态算法对比\第2篇代码-动态算法对比\OD_INSGA-II\VNS.m","60B3056E193B95FEBB202EBCFA15839DBC20026F9D67443A659DB99ABF6311A6","A","1","106"
"AGV故障-动态算法对比\第2篇代码-动态算法对比\OD_INSGA-II\weakly_dominates.m","48ABBDA62705EED81C942FA5BAC84E1B9E8C70B831A0C521030B748E8F5D52BE","备份代码重调度\第2篇代码-动态算法对比\AF_INSGA-II\weakly_dominates.m","55","21"
"AGV故障-动态算法对比\第2篇代码-动态算法对比\OI_INSGA-II\aim_entropy.m","BF83F4220B215B0EB8DED6C2DB960B2D49AE2206647E52D7DC8CB789A9059C01","备份代码重调度\第2篇代码-动态算法对比\CRS_MF_INSGA-II\aim_entropy.m","24","26"
"AGV故障-动态算法对比\第2篇代码-动态算法对比\OI_INSGA-II\both_reverse_pop.m","7E6AA14B05D0C47CF62D147AB082575F72A590A935498F7F225964BE989F3264","备份代码重调度\第2篇代码-动态算法对比\CRS_MF_INSGA-II\both_reverse_pop.m","24","165"
"AGV故障-动态算法对比\第2篇代码-动态算法对比\OI_INSGA-II\colorScheme.m","C1BCE19A043DB71A4C5F980FB8A637247562CB72F7512A872219A326218C62E8","备份代码重调度\第2篇代码-动态算法对比\AF_INSGA-II\colorScheme.m","34","54"
"AGV故障-动态算法对比\第2篇代码-动态算法对比\OI_INSGA-II\Copy_OD_INSGA_II.m","FC4E555C7D51E3BBE1BD9225AC239F96E6E81D569FBC8FB0DC5CE6D60B648CBE","备份代码重调度\第2篇代码-动态算法对比\CRS_MF_INSGA-II\Copy_OD_INSGA_II.m","15","379"
"AGV故障-动态算法对比\第2篇代码-动态算法对比\OI_INSGA-II\decompose_AGVTable.m","96CA7BF36F78F7744876DA01A0D945F860A26E790A16FA6B4E6B18E3CECF5453","备份代码重调度\第2篇代码-动态算法对比\AF_INSGA-II\decompose_AGVTable.m","44","61"
"AGV故障-动态算法对比\第2篇代码-动态算法对比\OI_INSGA-II\decompose_machineTable.m","9E258FA7B71314C28C3452FC35441F067033A5860A3329594C0516BBC3D59AFB","备份代码重调度\第2篇代码-动态算法对比\AF_INSGA-II\decompose_machineTable.m","61","51"
"AGV故障-动态算法对比\第2篇代码-动态算法对比\OI_INSGA-II\Entropy.m","DD2988BAD7157773DC8F9480F9BCFDCBC24B1FD4BDF95A947A3AA8FED3D0F2D7","备份代码重调度\第2篇代码-动态算法对比\CRS_MF_INSGA-II\Entropy.m","24","34"
"AGV故障-动态算法对比\第2篇代码-动态算法对比\OI_INSGA-II\fitness.m","2A1384647E5908DA553A889F0736FF0CF2DD531C264E7C053E915D5054926C07","订单撤销-动态算法对比\OI_INSGA-II\fitness.m","2","156"
"AGV故障-动态算法对比\第2篇代码-动态算法对比\OI_INSGA-II\getState.m","AAEF9F0B6B38A793B201B96B8D7E1ED22ABC5900734AF8390F8B2A9F99F796C1","备份代码重调度\第2篇代码-动态算法对比\AF_INSGA-II\getState.m","53","20"
"AGV故障-动态算法对比\第2篇代码-动态算法对比\OI_INSGA-II\HV\approximate_hypervolume_ms.m","5A2BD23E246CD1B350C14B7041681EBF2D8BAD6C7EEF34F3C040A14F5907F7FC","备份代码重调度\第2篇代码-动态算法对比\AF_INSGA-II\HV\approximate_hypervolume_ms.m","61","48"
"AGV故障-动态算法对比\第2篇代码-动态算法对比\OI_INSGA-II\HV\compute_reference_point.m","FF450B1D2049531493E17CC130FDED18E7DA4A215B948545454B0AE34F43DB48","备份代码重调度\第2篇代码-动态算法对比\AF_INSGA-II\HV\compute_reference_point.m","61","38"
"AGV故障-动态算法对比\第2篇代码-动态算法对比\OI_INSGA-II\HV\dominates.m","A5F892428228E1ADAAA89980C59144F660F333E7CEEDA3C24702C2AED5F09E67","备份代码重调度\第2篇代码-动态算法对比\AF_INSGA-II\HV\dominates.m","69","30"
"AGV故障-动态算法对比\第2篇代码-动态算法对比\OI_INSGA-II\HV\lebesgue_measure.m","7581A8B79307E0F65A2C8361CE04C325BB089ACE90669AB7568531E40D27C1E6","备份代码重调度\第2篇代码-动态算法对比\AF_INSGA-II\HV\lebesgue_measure.m","61","149"
"AGV故障-动态算法对比\第2篇代码-动态算法对比\OI_INSGA-II\HV\main.m","460254171EB2C76A578E3C589D9AC32DCFB60160C84D0CB932AA82D986003AF5","备份代码重调度\第2篇代码-动态算法对比\AF_INSGA-II\HV\main.m","61","14"
"AGV故障-动态算法对比\第2篇代码-动态算法对比\OI_INSGA-II\HV\test_lebesgue_measure.m","941F7887F0FB86939F839CDEDD6092EFC4ADF05EAF15B746E57970569E24E62A","备份代码重调度\第2篇代码-动态算法对比\AF_INSGA-II\HV\test_lebesgue_measure.m","61","31"
"AGV故障-动态算法对比\第2篇代码-动态算法对比\OI_INSGA-II\HV\weakly_dominates.m","98DF0FAD59040134E587C7D3BABB104FB1F75F06F39E07D7995C1C23C363115B","备份代码重调度\第2篇代码-动态算法对比\AF_INSGA-II\HV\weakly_dominates.m","61","28"
"AGV故障-动态算法对比\第2篇代码-动态算法对比\OI_INSGA-II\improved_elitism.m","4802727D622BDD7181FB4023F1677C78DBCDC37D24E233879000E4B6DB9A817D","备份代码重调度\第2篇代码-动态算法对比\CRS_MF_INSGA-II\improved_elitism.m","32","81"
"AGV故障-动态算法对比\第2篇代码-动态算法对比\OI_INSGA-II\init.m","02158064F14C78525C6BA94911362AC95D4A4B99C95F71B9BA9B0D63BD7852D3","订单撤销-动态算法对比\OI_INSGA-II\init.m","2","39"
"AGV故障-动态算法对比\第2篇代码-动态算法对比\OI_INSGA-II\INSGA_II.m","13E64AE17BCEEF8B57E1C43499FD19EF53DCF15D7B76CACDF3FF0E41C07EB70D","订单撤销-动态算法对比\OI_INSGA-II\INSGA_II.m","2","380"
"AGV故障-动态算法对比\第2篇代码-动态算法对比\OI_INSGA-II\is_B_strongly_dominating_A.m","29012708DB01740C9F16EB512E490861EB3CDAD3DB47D1F3A353F0A2CF67AF10","备份代码重调度\第2篇代码-动态算法对比\CRS_MF_INSGA-II\is_B_strongly_dominating_A.m","34","10"
"AGV故障-动态算法对比\第2篇代码-动态算法对比\OI_INSGA-II\load_transfer_time_compute.m","C524080FD4D65B5496B7B9F3174D752AEA149598A055E8670C24792AF433638A","备份代码重调度\第2篇代码-动态算法对比\AF_INSGA-II\load_transfer_time_compute.m","61","17"
"AGV故障-动态算法对比\第2篇代码-动态算法对比\OI_INSGA-II\machine_AGV_gantt_chart.m","4EC76FDC2E585E3A9D6F54E8F2053670964EFFC95127E7315B038732F43EF0C3","订单撤销-动态算法对比\OI_INSGA-II\machine_AGV_gantt_chart.m","2","125"
"AGV故障-动态算法对比\第2篇代码-动态算法对比\OI_INSGA-II\non_domination.m","0724F06FF4F61BFC09683F4212AF78FAF00254D1B60F4289D7E79DDECD49E376","备份代码重调度\第2篇代码-动态算法对比\AF_INSGA-II\non_domination.m","53","117"
"AGV故障-动态算法对比\第2篇代码-动态算法对比\OI_INSGA-II\object3value.m","63180E56F74087BBC7EDDBF36FF89114B32132BDCDD250A46B4936B86D3CB118","备份代码重调度\第2篇代码-动态算法对比\CRS_OI_INSGA-II\object3value.m","4","45"
"AGV故障-动态算法对比\第2篇代码-动态算法对比\OI_INSGA-II\OI_INSGA_II.m","750F4CC5F1979D9A662598A205F46A344A23C8B2F3386B634C0638710BE3FBAB","订单撤销-动态算法对比\OI_INSGA-II\OI_INSGA_II.m","2","539"
"AGV故障-动态算法对比\第2篇代码-动态算法对比\OI_INSGA-II\opera_time.m","F677D3926382D7BC6AF084C78808BA769621622E056AE4224FA292B9980FD60E","备份代码重调度\第2篇代码-动态算法对比\AF_INSGA-II\opera_time.m","36","36"
"AGV故障-动态算法对比\第2篇代码-动态算法对比\OI_INSGA-II\replace_chrom.m","CD0995F8E9A0D9D0D0CAB31A588C87926E58DDACF9C43A3CF28641EED7D2C2AA","备份代码重调度\第2篇代码-动态算法对比\AF_INSGA-II\replace_chrom.m","57","28"
"AGV故障-动态算法对比\第2篇代码-动态算法对比\OI_INSGA-II\reverse_pop.m","C265430B80D0C4DB4BE5C7FA76A70C0C0787A5DF09726A288293F4661007421B","备份代码重调度\第2篇代码-动态算法对比\CRS_MF_INSGA-II\reverse_pop.m","15","167"
"AGV故障-动态算法对比\第2篇代码-动态算法对比\OI_INSGA-II\sorting.m","4EED490374A93AE8CEF781B3BDD961E0580B49B61FA2663905925CC6A9A15F27","订单撤销-动态算法对比\OI_INSGA-II\sorting.m","2","225"
"AGV故障-动态算法对比\第2篇代码-动态算法对比\OI_INSGA-II\Spacing\Spacing.m","4036FAF38E49B4ABBD5BB9966BFCBEB9F285988B762C12AD2717598CF2E5131F","备份代码重调度\第2篇代码-动态算法对比\AF_INSGA-II\Spacing\Spacing.m","59","6"
"AGV故障-动态算法对比\第2篇代码-动态算法对比\OI_INSGA-II\spare_transfer_time_compute.m","95C82B332EE671F3A8F5BF9EF5CE0A977F6B4BB519C80F79376A04850EAC69EC","备份代码重调度\第2篇代码-动态算法对比\AF_INSGA-II\spare_transfer_time_compute.m","61","30"
"AGV故障-动态算法对比\第2篇代码-动态算法对比\OI_INSGA-II\table_insert.m","22331F99A901E22DFD0941730D3FB812EED678B26960066142FA788DB992930A","备份代码重调度\第2篇代码-动态算法对比\AF_INSGA-II\table_insert.m","52","54"
"AGV故障-动态算法对比\第2篇代码-动态算法对比\OI_INSGA-II\tournament_selection.m","7C6821B39C7B108C1529D1415351D71BB375FEB1775F8F98BDDF90D2D19187C8","备份代码重调度\第2篇代码-动态算法对比\AF_INSGA-II\tournament_selection.m","59","36"
"AGV故障-动态算法对比\第2篇代码-动态算法对比\OI_INSGA-II\variation.m","EB6280CB4CBD07B7D5FC90D136BB55F75BA42164DAF51335EC6A22ED7ACFE286","备份代码重调度\第2篇代码-动态算法对比\Multi-NSGA-II\variation.m","21","105"
"AGV故障-动态算法对比\第2篇代码-动态算法对比\OI_INSGA-II\VNS.m","FCE94C632F519B65D16CAF6F1625416455D824EFE4BF288A342BC8587A95B88A","订单撤销-动态算法对比\OI_INSGA-II\VNS.m","2","183"
"AGV故障-动态算法对比\第2篇代码-动态算法对比\OI_INSGA-II\weakly_dominates.m","48ABBDA62705EED81C942FA5BAC84E1B9E8C70B831A0C521030B748E8F5D52BE","备份代码重调度\第2篇代码-动态算法对比\AF_INSGA-II\weakly_dominates.m","55","21"
"AGV故障-动态算法对比\第2篇代码-动态算法对比\same_main.m","B8CD23A1ECCFEB7E16C7CA3F7862E0BC9D571D2719330D51F3B4C0DD4FFB0957","备份代码重调度\第2篇代码-动态算法对比\same_main.m","5","494"
"AGV故障-动态算法对比\第2篇代码-动态算法对比\Spacing\Spacing.m","4036FAF38E49B4ABBD5BB9966BFCBEB9F285988B762C12AD2717598CF2E5131F","备份代码重调度\第2篇代码-动态算法对比\AF_INSGA-II\Spacing\Spacing.m","59","6"
"C-METRIC\benchmarkRead.m","3A0DEB68B4BBBD58E28C009D5FC99EF399B5B55BC98508F9375AE64175B409F5","第2篇代码 - 参数设置\benchmarkRead.m","4","62"
"C-METRIC\C-metric\c_compute_A_B.m","3F3E54BCC95EE38D8F3F0049995AD290C19A18B90CA69A6113CAD7B4A62DFED5","备份代码重调度\第2篇代码-动态算法对比\C-metric\c_compute_A_B.m","8","14"
"C-METRIC\C-metric\dominates.m","A5F892428228E1ADAAA89980C59144F660F333E7CEEDA3C24702C2AED5F09E67","备份代码重调度\第2篇代码-动态算法对比\AF_INSGA-II\HV\dominates.m","69","30"
"C-METRIC\C-metric\main.m","D15D8B54B06A74FEB2D37F1C14A12A760A6F39E294EF21DA99CC31D18433BC43","备份代码重调度\第2篇代码-动态算法对比\C-metric\main.m","8","29"
"C-METRIC\colorScheme.m","C1BCE19A043DB71A4C5F980FB8A637247562CB72F7512A872219A326218C62E8","备份代码重调度\第2篇代码-动态算法对比\AF_INSGA-II\colorScheme.m","34","54"
"C-METRIC\dif_main.m","D487FF21C6D0613CF6C427883A9FD97E7DB69158E7C8CD9D82D234C568EDEA22","C","1","98"
"C-METRIC\distance_from_xy.m","C8691ED2E4C625F8377D733A67B70264E67766F390220CE517F976A2A6856722","备份代码重调度\第2篇代码-动态算法对比\distance_from_xy.m","8","35"
"C-METRIC\energy_plot.m","26EFE49108DE14F48128B41525A42BF673287B0F44FE94C4F574240503FBC9E1","备份代码重调度\第2篇代码-动态算法对比\energy_plot.m","8","19"
"C-METRIC\HV\approximate_hypervolume_ms.m","5A2BD23E246CD1B350C14B7041681EBF2D8BAD6C7EEF34F3C040A14F5907F7FC","备份代码重调度\第2篇代码-动态算法对比\AF_INSGA-II\HV\approximate_hypervolume_ms.m","61","48"
"C-METRIC\HV\compute_reference_point.m","FF450B1D2049531493E17CC130FDED18E7DA4A215B948545454B0AE34F43DB48","备份代码重调度\第2篇代码-动态算法对比\AF_INSGA-II\HV\compute_reference_point.m","61","38"
"C-METRIC\HV\dominates.m","A5F892428228E1ADAAA89980C59144F660F333E7CEEDA3C24702C2AED5F09E67","备份代码重调度\第2篇代码-动态算法对比\AF_INSGA-II\HV\dominates.m","69","30"
"C-METRIC\HV\lebesgue_measure.m","7581A8B79307E0F65A2C8361CE04C325BB089ACE90669AB7568531E40D27C1E6","备份代码重调度\第2篇代码-动态算法对比\AF_INSGA-II\HV\lebesgue_measure.m","61","149"
"C-METRIC\HV\main.m","460254171EB2C76A578E3C589D9AC32DCFB60160C84D0CB932AA82D986003AF5","备份代码重调度\第2篇代码-动态算法对比\AF_INSGA-II\HV\main.m","61","14"
"C-METRIC\HV\test_lebesgue_measure.m","941F7887F0FB86939F839CDEDD6092EFC4ADF05EAF15B746E57970569E24E62A","备份代码重调度\第2篇代码-动态算法对比\AF_INSGA-II\HV\test_lebesgue_measure.m","61","31"
"C-METRIC\HV\weakly_dominates.m","98DF0FAD59040134E587C7D3BABB104FB1F75F06F39E07D7995C1C23C363115B","备份代码重调度\第2篇代码-动态算法对比\AF_INSGA-II\HV\weakly_dominates.m","61","28"
"C-METRIC\IGD\IGD_compution.m","5CB0BFC528C5C6978C37AB6FAF12EEC58B23A6C9D948662658D046182820265A","备份代码重调度\第2篇代码-动态算法对比\IGD\IGD_compution.m","8","14"
"C-METRIC\init.m","A9C04CAAF0301F7185347E48CD72E606A5EBACE665BD4B0A12440DB6B932C908","第2篇代码 - 参数设置\MOEAD\init.m","8","27"
"C-METRIC\initial_NSGA-II\decompose_AGVTable.m","E0FABF783EAA9EA3FC803BBAE7AA92C40D9E39F560F7857829899C3667D908EF","备份代码重调度\第2篇代码-动态算法对比\initial_NSGA-II\decompose_AGVTable.m","17","65"
"C-METRIC\initial_NSGA-II\decompose_machineTable.m","9E258FA7B71314C28C3452FC35441F067033A5860A3329594C0516BBC3D59AFB","备份代码重调度\第2篇代码-动态算法对比\AF_INSGA-II\decompose_machineTable.m","61","51"
"C-METRIC\initial_NSGA-II\fitness.m","CB45A2A20DB4AB0220BED11373EE06965259A3D378911AD46C1FAEC63FD44E8A","备份代码重调度\第2篇代码-动态算法对比\initial_NSGA-II\fitness.m","17","82"
"C-METRIC\initial_NSGA-II\getState.m","AAEF9F0B6B38A793B201B96B8D7E1ED22ABC5900734AF8390F8B2A9F99F796C1","备份代码重调度\第2篇代码-动态算法对比\AF_INSGA-II\getState.m","53","20"
"C-METRIC\initial_NSGA-II\HV\approximate_hypervolume_ms.m","5A2BD23E246CD1B350C14B7041681EBF2D8BAD6C7EEF34F3C040A14F5907F7FC","备份代码重调度\第2篇代码-动态算法对比\AF_INSGA-II\HV\approximate_hypervolume_ms.m","61","48"
"C-METRIC\initial_NSGA-II\HV\compute_reference_point.m","FF450B1D2049531493E17CC130FDED18E7DA4A215B948545454B0AE34F43DB48","备份代码重调度\第2篇代码-动态算法对比\AF_INSGA-II\HV\compute_reference_point.m","61","38"
"C-METRIC\initial_NSGA-II\HV\dominates.m","A5F892428228E1ADAAA89980C59144F660F333E7CEEDA3C24702C2AED5F09E67","备份代码重调度\第2篇代码-动态算法对比\AF_INSGA-II\HV\dominates.m","69","30"
"C-METRIC\initial_NSGA-II\HV\lebesgue_measure.m","7581A8B79307E0F65A2C8361CE04C325BB089ACE90669AB7568531E40D27C1E6","备份代码重调度\第2篇代码-动态算法对比\AF_INSGA-II\HV\lebesgue_measure.m","61","149"
"C-METRIC\initial_NSGA-II\HV\main.m","460254171EB2C76A578E3C589D9AC32DCFB60160C84D0CB932AA82D986003AF5","备份代码重调度\第2篇代码-动态算法对比\AF_INSGA-II\HV\main.m","61","14"
"C-METRIC\initial_NSGA-II\HV\test_lebesgue_measure.m","941F7887F0FB86939F839CDEDD6092EFC4ADF05EAF15B746E57970569E24E62A","备份代码重调度\第2篇代码-动态算法对比\AF_INSGA-II\HV\test_lebesgue_measure.m","61","31"
"C-METRIC\initial_NSGA-II\HV\weakly_dominates.m","98DF0FAD59040134E587C7D3BABB104FB1F75F06F39E07D7995C1C23C363115B","备份代码重调度\第2篇代码-动态算法对比\AF_INSGA-II\HV\weakly_dominates.m","61","28"
"C-METRIC\initial_NSGA-II\improved_elitism.m","4802727D622BDD7181FB4023F1677C78DBCDC37D24E233879000E4B6DB9A817D","备份代码重调度\第2篇代码-动态算法对比\CRS_MF_INSGA-II\improved_elitism.m","32","81"
"C-METRIC\initial_NSGA-II\init.m","4147BCC1C87826155A2849DA3EB35303B1237F8775EB365375A908DA4BA784C5","第2篇代码 - 静态自身策略对比\VNSNSGA-II\init.m","2","945"
"C-METRIC\initial_NSGA-II\initial_INSGA_II.m","10B44F5BD24F265F9BAD2B6B559FDC85E766358B289D346B799184CCA78A8EE9","第2篇代码 - 参数设置\initial_NSGA-II\initial_INSGA_II.m","4","209"
"C-METRIC\initial_NSGA-II\is_B_strongly_dominating_A.m","29012708DB01740C9F16EB512E490861EB3CDAD3DB47D1F3A353F0A2CF67AF10","备份代码重调度\第2篇代码-动态算法对比\CRS_MF_INSGA-II\is_B_strongly_dominating_A.m","34","10"
"C-METRIC\initial_NSGA-II\load_transfer_time_compute.m","C524080FD4D65B5496B7B9F3174D752AEA149598A055E8670C24792AF433638A","备份代码重调度\第2篇代码-动态算法对比\AF_INSGA-II\load_transfer_time_compute.m","61","17"
"C-METRIC\initial_NSGA-II\non_domination.m","0724F06FF4F61BFC09683F4212AF78FAF00254D1B60F4289D7E79DDECD49E376","备份代码重调度\第2篇代码-动态算法对比\AF_INSGA-II\non_domination.m","53","117"
"C-METRIC\initial_NSGA-II\replace_chrom.m","CD0995F8E9A0D9D0D0CAB31A588C87926E58DDACF9C43A3CF28641EED7D2C2AA","备份代码重调度\第2篇代码-动态算法对比\AF_INSGA-II\replace_chrom.m","57","28"
"C-METRIC\initial_NSGA-II\sorting.m","F79DC4C8E82716997587DCAB10AC62D5B60FEB8768C42AAE0301BBCDD5691504","备份代码重调度\第2篇代码-动态算法对比\Multi-NSGA-II\sorting.m","15","225"
"C-METRIC\initial_NSGA-II\Spacing\Spacing.m","4036FAF38E49B4ABBD5BB9966BFCBEB9F285988B762C12AD2717598CF2E5131F","备份代码重调度\第2篇代码-动态算法对比\AF_INSGA-II\Spacing\Spacing.m","59","6"
"C-METRIC\initial_NSGA-II\spare_transfer_time_compute.m","95C82B332EE671F3A8F5BF9EF5CE0A977F6B4BB519C80F79376A04850EAC69EC","备份代码重调度\第2篇代码-动态算法对比\AF_INSGA-II\spare_transfer_time_compute.m","61","30"
"C-METRIC\initial_NSGA-II\table_insert.m","22331F99A901E22DFD0941730D3FB812EED678B26960066142FA788DB992930A","备份代码重调度\第2篇代码-动态算法对比\AF_INSGA-II\table_insert.m","52","54"
"C-METRIC\initial_NSGA-II\tournament_selection.m","7C6821B39C7B108C1529D1415351D71BB375FEB1775F8F98BDDF90D2D19187C8","备份代码重调度\第2篇代码-动态算法对比\AF_INSGA-II\tournament_selection.m","59","36"
"C-METRIC\initial_NSGA-II\variation.m","EB6280CB4CBD07B7D5FC90D136BB55F75BA42164DAF51335EC6A22ED7ACFE286","备份代码重调度\第2篇代码-动态算法对比\Multi-NSGA-II\variation.m","21","105"
"C-METRIC\initial_NSGA-II\VNS.m","926B8F81E89FFC35A9D038CC845C6D0AC8CC135E191325344F8A31C80731191B","备份代码重调度\第2篇代码-动态算法对比\Multi-NSGA-II\VNS.m","11","174"
"C-METRIC\initial_NSGA-II\weakly_dominates.m","48ABBDA62705EED81C942FA5BAC84E1B9E8C70B831A0C521030B748E8F5D52BE","备份代码重调度\第2篇代码-动态算法对比\AF_INSGA-II\weakly_dominates.m","55","21"
"C-METRIC\machine_AGV_gantt_chart.m","62D20DD380D822A69B1564D23AE378814C2216A1D4428D8AC9A9BC3D0CDF7995","第2篇代码 - 参数设置\machine_AGV_gantt_chart.m","4","166"
"C-METRIC\Multi-NSGA-II\decompose_AGVTable.m","E0FABF783EAA9EA3FC803BBAE7AA92C40D9E39F560F7857829899C3667D908EF","备份代码重调度\第2篇代码-动态算法对比\initial_NSGA-II\decompose_AGVTable.m","17","65"
"C-METRIC\Multi-NSGA-II\decompose_machineTable.m","9E258FA7B71314C28C3452FC35441F067033A5860A3329594C0516BBC3D59AFB","备份代码重调度\第2篇代码-动态算法对比\AF_INSGA-II\decompose_machineTable.m","61","51"
"C-METRIC\Multi-NSGA-II\fitness.m","CB45A2A20DB4AB0220BED11373EE06965259A3D378911AD46C1FAEC63FD44E8A","备份代码重调度\第2篇代码-动态算法对比\initial_NSGA-II\fitness.m","17","82"
"C-METRIC\Multi-NSGA-II\getState.m","AAEF9F0B6B38A793B201B96B8D7E1ED22ABC5900734AF8390F8B2A9F99F796C1","备份代码重调度\第2篇代码-动态算法对比\AF_INSGA-II\getState.m","53","20"
"C-METRIC\Multi-NSGA-II\HV\approximate_hypervolume_ms.m","5A2BD23E246CD1B350C14B7041681EBF2D8BAD6C7EEF34F3C040A14F5907F7FC","备份代码重调度\第2篇代码-动态算法对比\AF_INSGA-II\HV\approximate_hypervolume_ms.m","61","48"
"C-METRIC\Multi-NSGA-II\HV\compute_reference_point.m","FF450B1D2049531493E17CC130FDED18E7DA4A215B948545454B0AE34F43DB48","备份代码重调度\第2篇代码-动态算法对比\AF_INSGA-II\HV\compute_reference_point.m","61","38"
"C-METRIC\Multi-NSGA-II\HV\dominates.m","A5F892428228E1ADAAA89980C59144F660F333E7CEEDA3C24702C2AED5F09E67","备份代码重调度\第2篇代码-动态算法对比\AF_INSGA-II\HV\dominates.m","69","30"
"C-METRIC\Multi-NSGA-II\HV\lebesgue_measure.m","7581A8B79307E0F65A2C8361CE04C325BB089ACE90669AB7568531E40D27C1E6","备份代码重调度\第2篇代码-动态算法对比\AF_INSGA-II\HV\lebesgue_measure.m","61","149"
"C-METRIC\Multi-NSGA-II\HV\main.m","460254171EB2C76A578E3C589D9AC32DCFB60160C84D0CB932AA82D986003AF5","备份代码重调度\第2篇代码-动态算法对比\AF_INSGA-II\HV\main.m","61","14"
"C-METRIC\Multi-NSGA-II\HV\test_lebesgue_measure.m","941F7887F0FB86939F839CDEDD6092EFC4ADF05EAF15B746E57970569E24E62A","备份代码重调度\第2篇代码-动态算法对比\AF_INSGA-II\HV\test_lebesgue_measure.m","61","31"
"C-METRIC\Multi-NSGA-II\HV\weakly_dominates.m","98DF0FAD59040134E587C7D3BABB104FB1F75F06F39E07D7995C1C23C363115B","备份代码重调度\第2篇代码-动态算法对比\AF_INSGA-II\HV\weakly_dominates.m","61","28"
"C-METRIC\Multi-NSGA-II\improved_elitism.m","4802727D622BDD7181FB4023F1677C78DBCDC37D24E233879000E4B6DB9A817D","备份代码重调度\第2篇代码-动态算法对比\CRS_MF_INSGA-II\improved_elitism.m","32","81"
"C-METRIC\Multi-NSGA-II\init.m","120363D1F524018B7B9C61EEF0909494AFC5DA6AD9C978F992A3C4026A9352CC","备份代码重调度\第2篇代码-动态算法对比\Multi-NSGA-II\init.m","5","459"
"C-METRIC\Multi-NSGA-II\initial_INSGA_II.m","FC4EF1C3756135D3E0436A669C46C1FFA1A5EDB4E6E71B6788BFE98E4F298AE7","备份代码重调度\第2篇代码-动态算法对比\Multi-NSGA-II\initial_INSGA_II.m","4","81"
"C-METRIC\Multi-NSGA-II\is_B_strongly_dominating_A.m","29012708DB01740C9F16EB512E490861EB3CDAD3DB47D1F3A353F0A2CF67AF10","备份代码重调度\第2篇代码-动态算法对比\CRS_MF_INSGA-II\is_B_strongly_dominating_A.m","34","10"
"C-METRIC\Multi-NSGA-II\load_transfer_time_compute.m","C524080FD4D65B5496B7B9F3174D752AEA149598A055E8670C24792AF433638A","备份代码重调度\第2篇代码-动态算法对比\AF_INSGA-II\load_transfer_time_compute.m","61","17"
"C-METRIC\Multi-NSGA-II\non_domination.m","0724F06FF4F61BFC09683F4212AF78FAF00254D1B60F4289D7E79DDECD49E376","备份代码重调度\第2篇代码-动态算法对比\AF_INSGA-II\non_domination.m","53","117"
"C-METRIC\Multi-NSGA-II\replace_chrom.m","CD0995F8E9A0D9D0D0CAB31A588C87926E58DDACF9C43A3CF28641EED7D2C2AA","备份代码重调度\第2篇代码-动态算法对比\AF_INSGA-II\replace_chrom.m","57","28"
"C-METRIC\Multi-NSGA-II\sorting.m","F79DC4C8E82716997587DCAB10AC62D5B60FEB8768C42AAE0301BBCDD5691504","备份代码重调度\第2篇代码-动态算法对比\Multi-NSGA-II\sorting.m","15","225"
"C-METRIC\Multi-NSGA-II\Spacing\Spacing.m","4036FAF38E49B4ABBD5BB9966BFCBEB9F285988B762C12AD2717598CF2E5131F","备份代码重调度\第2篇代码-动态算法对比\AF_INSGA-II\Spacing\Spacing.m","59","6"
"C-METRIC\Multi-NSGA-II\spare_transfer_time_compute.m","95C82B332EE671F3A8F5BF9EF5CE0A977F6B4BB519C80F79376A04850EAC69EC","备份代码重调度\第2篇代码-动态算法对比\AF_INSGA-II\spare_transfer_time_compute.m","61","30"
"C-METRIC\Multi-NSGA-II\table_insert.m","22331F99A901E22DFD0941730D3FB812EED678B26960066142FA788DB992930A","备份代码重调度\第2篇代码-动态算法对比\AF_INSGA-II\table_insert.m","52","54"
"C-METRIC\Multi-NSGA-II\tournament_selection.m","7C6821B39C7B108C1529D1415351D71BB375FEB1775F8F98BDDF90D2D19187C8","备份代码重调度\第2篇代码-动态算法对比\AF_INSGA-II\tournament_selection.m","59","36"
"C-METRIC\Multi-NSGA-II\variation.m","EB6280CB4CBD07B7D5FC90D136BB55F75BA42164DAF51335EC6A22ED7ACFE286","备份代码重调度\第2篇代码-动态算法对比\Multi-NSGA-II\variation.m","21","105"
"C-METRIC\Multi-NSGA-II\VNS.m","926B8F81E89FFC35A9D038CC845C6D0AC8CC135E191325344F8A31C80731191B","备份代码重调度\第2篇代码-动态算法对比\Multi-NSGA-II\VNS.m","11","174"
"C-METRIC\Multi-NSGA-II\weakly_dominates.m","48ABBDA62705EED81C942FA5BAC84E1B9E8C70B831A0C521030B748E8F5D52BE","备份代码重调度\第2篇代码-动态算法对比\AF_INSGA-II\weakly_dominates.m","55","21"
"C-METRIC\non_domination_only.m","BF2CE40C1C7D101C33AB14351BC5EDE25A4299F3C7AD6F9D0FC81559AE9B6668","备份代码重调度\第2篇代码-动态算法对比\non_domination_only.m","10","67"
"C-METRIC\NSGA-II\decompose_AGVTable.m","96CA7BF36F78F7744876DA01A0D945F860A26E790A16FA6B4E6B18E3CECF5453","备份代码重调度\第2篇代码-动态算法对比\AF_INSGA-II\decompose_AGVTable.m","44","61"
"C-METRIC\NSGA-II\decompose_machineTable.m","9E258FA7B71314C28C3452FC35441F067033A5860A3329594C0516BBC3D59AFB","备份代码重调度\第2篇代码-动态算法对比\AF_INSGA-II\decompose_machineTable.m","61","51"
"C-METRIC\NSGA-II\fitness.m","B76646D668B06EC0F1740C14F1A47D965C6608198C68A059324F8A9597645920","第2篇代码 - 参数设置\NSGA-II\fitness.m","4","81"
"C-METRIC\NSGA-II\init.m","A9C04CAAF0301F7185347E48CD72E606A5EBACE665BD4B0A12440DB6B932C908","第2篇代码 - 参数设置\MOEAD\init.m","8","27"
"C-METRIC\NSGA-II\load_transfer_time_compute.m","C524080FD4D65B5496B7B9F3174D752AEA149598A055E8670C24792AF433638A","备份代码重调度\第2篇代码-动态算法对比\AF_INSGA-II\load_transfer_time_compute.m","61","17"
"C-METRIC\NSGA-II\non_domination.m","94D5150980D700294B927CB123ED4B0FA290A39C97D88DB654066A6ABB789C7A","第2篇代码 - 参数设置\NSGA-II\non_domination.m","4","111"
"C-METRIC\NSGA-II\NSGA2.m","B135B796A62BF4CDD61B552D15F31EB9D939B29F48F9274D043F26EC0D9F5F79","C","1","83"
"C-METRIC\NSGA-II\replace_chrom.m","CD0995F8E9A0D9D0D0CAB31A588C87926E58DDACF9C43A3CF28641EED7D2C2AA","备份代码重调度\第2篇代码-动态算法对比\AF_INSGA-II\replace_chrom.m","57","28"
"C-METRIC\NSGA-II\sorting.m","8433ED0CF2595607C806887562509A3C52CC1F14F49093399E127311D0EC3CB3","第2篇代码 - 参数设置\MOEAD\sorting.m","6","221"
"C-METRIC\NSGA-II\spare_transfer_time_compute.m","95C82B332EE671F3A8F5BF9EF5CE0A977F6B4BB519C80F79376A04850EAC69EC","备份代码重调度\第2篇代码-动态算法对比\AF_INSGA-II\spare_transfer_time_compute.m","61","30"
"C-METRIC\NSGA-II\table_insert.m","22331F99A901E22DFD0941730D3FB812EED678B26960066142FA788DB992930A","备份代码重调度\第2篇代码-动态算法对比\AF_INSGA-II\table_insert.m","52","54"
"C-METRIC\NSGA-II\tournament_selection.m","7C6821B39C7B108C1529D1415351D71BB375FEB1775F8F98BDDF90D2D19187C8","备份代码重调度\第2篇代码-动态算法对比\AF_INSGA-II\tournament_selection.m","59","36"
"C-METRIC\NSGA-II\variation.m","EB6280CB4CBD07B7D5FC90D136BB55F75BA42164DAF51335EC6A22ED7ACFE286","备份代码重调度\第2篇代码-动态算法对比\Multi-NSGA-II\variation.m","21","105"
"C-METRIC\QNSGA-II\decompose_AGVTable.m","E0FABF783EAA9EA3FC803BBAE7AA92C40D9E39F560F7857829899C3667D908EF","备份代码重调度\第2篇代码-动态算法对比\initial_NSGA-II\decompose_AGVTable.m","17","65"
"C-METRIC\QNSGA-II\decompose_machineTable.m","9E258FA7B71314C28C3452FC35441F067033A5860A3329594C0516BBC3D59AFB","备份代码重调度\第2篇代码-动态算法对比\AF_INSGA-II\decompose_machineTable.m","61","51"
"C-METRIC\QNSGA-II\fitness.m","CB45A2A20DB4AB0220BED11373EE06965259A3D378911AD46C1FAEC63FD44E8A","备份代码重调度\第2篇代码-动态算法对比\initial_NSGA-II\fitness.m","17","82"
"C-METRIC\QNSGA-II\getState.m","AAEF9F0B6B38A793B201B96B8D7E1ED22ABC5900734AF8390F8B2A9F99F796C1","备份代码重调度\第2篇代码-动态算法对比\AF_INSGA-II\getState.m","53","20"
"C-METRIC\QNSGA-II\HV\approximate_hypervolume_ms.m","5A2BD23E246CD1B350C14B7041681EBF2D8BAD6C7EEF34F3C040A14F5907F7FC","备份代码重调度\第2篇代码-动态算法对比\AF_INSGA-II\HV\approximate_hypervolume_ms.m","61","48"
"C-METRIC\QNSGA-II\HV\compute_reference_point.m","FF450B1D2049531493E17CC130FDED18E7DA4A215B948545454B0AE34F43DB48","备份代码重调度\第2篇代码-动态算法对比\AF_INSGA-II\HV\compute_reference_point.m","61","38"
"C-METRIC\QNSGA-II\HV\dominates.m","A5F892428228E1ADAAA89980C59144F660F333E7CEEDA3C24702C2AED5F09E67","备份代码重调度\第2篇代码-动态算法对比\AF_INSGA-II\HV\dominates.m","69","30"
"C-METRIC\QNSGA-II\HV\lebesgue_measure.m","7581A8B79307E0F65A2C8361CE04C325BB089ACE90669AB7568531E40D27C1E6","备份代码重调度\第2篇代码-动态算法对比\AF_INSGA-II\HV\lebesgue_measure.m","61","149"
"C-METRIC\QNSGA-II\HV\main.m","460254171EB2C76A578E3C589D9AC32DCFB60160C84D0CB932AA82D986003AF5","备份代码重调度\第2篇代码-动态算法对比\AF_INSGA-II\HV\main.m","61","14"
"C-METRIC\QNSGA-II\HV\test_lebesgue_measure.m","941F7887F0FB86939F839CDEDD6092EFC4ADF05EAF15B746E57970569E24E62A","备份代码重调度\第2篇代码-动态算法对比\AF_INSGA-II\HV\test_lebesgue_measure.m","61","31"
"C-METRIC\QNSGA-II\HV\weakly_dominates.m","98DF0FAD59040134E587C7D3BABB104FB1F75F06F39E07D7995C1C23C363115B","备份代码重调度\第2篇代码-动态算法对比\AF_INSGA-II\HV\weakly_dominates.m","61","28"
"C-METRIC\QNSGA-II\improved_elitism.m","4802727D622BDD7181FB4023F1677C78DBCDC37D24E233879000E4B6DB9A817D","备份代码重调度\第2篇代码-动态算法对比\CRS_MF_INSGA-II\improved_elitism.m","32","81"
"C-METRIC\QNSGA-II\init.m","7BD3C7A1F0B0CCC2F2EC8D7B17954CC85599CA2C80BD9515871C8360FBF1EC29","第2篇代码 - 静态算法对比\initial_NSGA-II\init.m","7","486"
"C-METRIC\QNSGA-II\initial_INSGA_II.m","EFCA6D3B694B167EFF74C775ACDF5AA2BE2BF119CFE06DFC991C7F7954A15745","第2篇代码 - 静态算法对比\QNSGA-II\initial_INSGA_II.m","3","145"
"C-METRIC\QNSGA-II\is_B_strongly_dominating_A.m","29012708DB01740C9F16EB512E490861EB3CDAD3DB47D1F3A353F0A2CF67AF10","备份代码重调度\第2篇代码-动态算法对比\CRS_MF_INSGA-II\is_B_strongly_dominating_A.m","34","10"
"C-METRIC\QNSGA-II\load_transfer_time_compute.m","C524080FD4D65B5496B7B9F3174D752AEA149598A055E8670C24792AF433638A","备份代码重调度\第2篇代码-动态算法对比\AF_INSGA-II\load_transfer_time_compute.m","61","17"
"C-METRIC\QNSGA-II\non_domination.m","0724F06FF4F61BFC09683F4212AF78FAF00254D1B60F4289D7E79DDECD49E376","备份代码重调度\第2篇代码-动态算法对比\AF_INSGA-II\non_domination.m","53","117"
"C-METRIC\QNSGA-II\replace_chrom.m","CD0995F8E9A0D9D0D0CAB31A588C87926E58DDACF9C43A3CF28641EED7D2C2AA","备份代码重调度\第2篇代码-动态算法对比\AF_INSGA-II\replace_chrom.m","57","28"
"C-METRIC\QNSGA-II\sorting.m","F79DC4C8E82716997587DCAB10AC62D5B60FEB8768C42AAE0301BBCDD5691504","备份代码重调度\第2篇代码-动态算法对比\Multi-NSGA-II\sorting.m","15","225"
"C-METRIC\QNSGA-II\Spacing\Spacing.m","4036FAF38E49B4ABBD5BB9966BFCBEB9F285988B762C12AD2717598CF2E5131F","备份代码重调度\第2篇代码-动态算法对比\AF_INSGA-II\Spacing\Spacing.m","59","6"
"C-METRIC\QNSGA-II\spare_transfer_time_compute.m","95C82B332EE671F3A8F5BF9EF5CE0A977F6B4BB519C80F79376A04850EAC69EC","备份代码重调度\第2篇代码-动态算法对比\AF_INSGA-II\spare_transfer_time_compute.m","61","30"
"C-METRIC\QNSGA-II\table_insert.m","22331F99A901E22DFD0941730D3FB812EED678B26960066142FA788DB992930A","备份代码重调度\第2篇代码-动态算法对比\AF_INSGA-II\table_insert.m","52","54"
"C-METRIC\QNSGA-II\tournament_selection.m","7C6821B39C7B108C1529D1415351D71BB375FEB1775F8F98BDDF90D2D19187C8","备份代码重调度\第2篇代码-动态算法对比\AF_INSGA-II\tournament_selection.m","59","36"
"C-METRIC\QNSGA-II\variation.m","EB6280CB4CBD07B7D5FC90D136BB55F75BA42164DAF51335EC6A22ED7ACFE286","备份代码重调度\第2篇代码-动态算法对比\Multi-NSGA-II\variation.m","21","105"
"C-METRIC\QNSGA-II\VNS.m","926B8F81E89FFC35A9D038CC845C6D0AC8CC135E191325344F8A31C80731191B","备份代码重调度\第2篇代码-动态算法对比\Multi-NSGA-II\VNS.m","11","174"
"C-METRIC\QNSGA-II\weakly_dominates.m","48ABBDA62705EED81C942FA5BAC84E1B9E8C70B831A0C521030B748E8F5D52BE","备份代码重调度\第2篇代码-动态算法对比\AF_INSGA-II\weakly_dominates.m","55","21"
